state,year,district,body,ward_no,ward_name,tier,woman_reserved,reservation_raw,caste_reservation_known,winner,party,party_local,votes,votes_polled,reservation_source_path,source_path
Maharashtra,2007,Mumbai,Brihanmumbai Municipal Corporation,1,Kandarpada - I.C. Colony,ulb_ward,1,W,0,Sheetal A Mahtre,INC,CONG,7901,14915,data/maharashtra/mumbai/dataverse_IO9SLQ/mumbai_full.tab,data/maharashtra/mumbai/BMC-2007_raw.xlsx
Maharashtra,2007,Mumbai,Brihanmumbai Municipal Corporation,2,Gaondevi - Dahisar ( E ),ulb_ward,0,,0,Bhalchandra C Mhatre,SS,SENA,10054,17580,data/maharashtra/mumbai/dataverse_IO9SLQ/mumbai_full.tab,data/maharashtra/mumbai/BMC-2007_raw.xlsx
Maharashtra,2007,Mumbai,Brihanmumbai Municipal Corporation,3,Ketakipada - Shailendra Nagar,ulb_ward,0,,0,R B Chaube,INC,CONG,7107,16824,data/maharashtra/mumbai/dataverse_IO9SLQ/mumbai_full.tab,data/maharashtra/mumbai/BMC-2007_raw.xlsx
Maharashtra,2007,Mumbai,Brihanmumbai Municipal Corporation,4,Vaishali Nagar,ulb_ward,1,W,0,Bhavana B Bhagat,SS,SENA,7114,17304,data/maharashtra/mumbai/dataverse_IO9SLQ/mumbai_full.tab,data/maharashtra/mumbai/BMC-2007_raw.xlsx
Maharashtra,2007,Mumbai,Brihanmumbai Municipal Corporation,5,Ashokvan - Chintamani Nagar,ulb_ward,1,W,0,Sujata U Patekar,SS,SENA,5610,16963,data/maharashtra/mumbai/dataverse_IO9SLQ/mumbai_full.tab,data/maharashtra/mumbai/BMC-2007_raw.xlsx
Maharashtra,2007,Mumbai,Brihanmumbai Municipal Corporation,6,Ambawadi -Ovaripada,ulb_ward,0,,0,Prakash K Karkar,SS,SENA,8283,18275,data/maharashtra/mumbai/dataverse_IO9SLQ/mumbai_full.tab,data/maharashtra/mumbai/BMC-2007_raw.xlsx
Maharashtra,2007,Mumbai,Brihanmumbai Municipal Corporation,7,Mandapeshwar,ulb_ward,0,,0,Dr. Shubha U Raul,SS,SENA,9003,17853,data/maharashtra/mumbai/dataverse_IO9SLQ/mumbai_full.tab,data/maharashtra/mumbai/BMC-2007_raw.xlsx
Maharashtra,2007,Mumbai,Brihanmumbai Municipal Corporation,8,Gorai - M.H.B. Colony (old),ulb_ward,0,,0,Sadanand N surve,SS,SENA,5179,13828,data/maharashtra/mumbai/dataverse_IO9SLQ/mumbai_full.tab,data/maharashtra/mumbai/BMC-2007_raw.xlsx
Maharashtra,2007,Mumbai,Brihanmumbai Municipal Corporation,9,Govind Nagar,ulb_ward,0,,0,Vinod P Ghedia,BJP,BJP,8952,18407,data/maharashtra/mumbai/dataverse_IO9SLQ/mumbai_full.tab,data/maharashtra/mumbai/BMC-2007_raw.xlsx
Maharashtra,2007,Mumbai,Brihanmumbai Municipal Corporation,10,Daulat Nagar - Nancy Colony,ulb_ward,0,,0,Bhaskar N Khursange,NCP,NCP,6947,18499,data/maharashtra/mumbai/dataverse_IO9SLQ/mumbai_full.tab,data/maharashtra/mumbai/BMC-2007_raw.xlsx
Maharashtra,2007,Mumbai,Brihanmumbai Municipal Corporation,11,Bansi Nagar - Tata Power House,ulb_ward,0,,0,Shirish C Chogale,MNS,MNS,6460,17229,data/maharashtra/mumbai/dataverse_IO9SLQ/mumbai_full.tab,data/maharashtra/mumbai/BMC-2007_raw.xlsx
Maharashtra,2007,Mumbai,Brihanmumbai Municipal Corporation,12,Dattapada,ulb_ward,0,,0,Vinay G Patil,INC,CONG,6435,15388,data/maharashtra/mumbai/dataverse_IO9SLQ/mumbai_full.tab,data/maharashtra/mumbai/BMC-2007_raw.xlsx
Maharashtra,2007,Mumbai,Brihanmumbai Municipal Corporation,13,Rajendra Nagar - Khatau Estate,ulb_ward,1,W,0,Aparna A Narvekar,SS,SENA,6919,17216,data/maharashtra/mumbai/dataverse_IO9SLQ/mumbai_full.tab,data/maharashtra/mumbai/BMC-2007_raw.xlsx
Maharashtra,2007,Mumbai,Brihanmumbai Municipal Corporation,14,Borivali TPS 3 - Korakendra,ulb_ward,0,,0,Pravin R Shah,BJP,BJP,10659,17973,data/maharashtra/mumbai/dataverse_IO9SLQ/mumbai_full.tab,data/maharashtra/mumbai/BMC-2007_raw.xlsx
Maharashtra,2007,Mumbai,Brihanmumbai Municipal Corporation,15,Eksar - Yogi Nagar,ulb_ward,0,,0,Mohan R Mithbavkar,BJP,BJP,8445,19798,data/maharashtra/mumbai/dataverse_IO9SLQ/mumbai_full.tab,data/maharashtra/mumbai/BMC-2007_raw.xlsx
Maharashtra,2007,Mumbai,Brihanmumbai Municipal Corporation,16,Chikuwad i- Kanti Park,ulb_ward,1,W,0,Bharati J Keni,BJP,BJP,7497,14731,data/maharashtra/mumbai/dataverse_IO9SLQ/mumbai_full.tab,data/maharashtra/mumbai/BMC-2007_raw.xlsx
Maharashtra,2007,Mumbai,Brihanmumbai Municipal Corporation,17,Charkop ( North) - M.H.B. Colony ( New ),ulb_ward,0,,0,Sandhya V Doshi (Sakre),NCP,NCP,6185,22368,data/maharashtra/mumbai/dataverse_IO9SLQ/mumbai_full.tab,data/maharashtra/mumbai/BMC-2007_raw.xlsx
Maharashtra,2007,Mumbai,Brihanmumbai Municipal Corporation,18,Charkop ( South) - Kandiwali ( West),ulb_ward,0,,0,Shubhada Subhash Gudekar,SS,SENA,10174,19872,data/maharashtra/mumbai/dataverse_IO9SLQ/mumbai_full.tab,data/maharashtra/mumbai/BMC-2007_raw.xlsx
Maharashtra,2007,Mumbai,Brihanmumbai Municipal Corporation,19,Charkop Industrial Estate,ulb_ward,0,,0,Kamlesh Yadav,INC,CONG,3486,14905,data/maharashtra/mumbai/dataverse_IO9SLQ/mumbai_full.tab,data/maharashtra/mumbai/BMC-2007_raw.xlsx
Maharashtra,2007,Mumbai,Brihanmumbai Municipal Corporation,20,Mahavir Nagar - Dahanukar Wadi,ulb_ward,0,,0,Shailaja Vijay Girke,BJP,BJP,7733,16815,data/maharashtra/mumbai/dataverse_IO9SLQ/mumbai_full.tab,data/maharashtra/mumbai/BMC-2007_raw.xlsx
Maharashtra,2007,Mumbai,Brihanmumbai Municipal Corporation,21,Naravane Sanscrutik center - Arya Chanakya Nagar,ulb_ward,0,,0,Rajul Niranjan Vyas,INC,CONG,3855,16971,data/maharashtra/mumbai/dataverse_IO9SLQ/mumbai_full.tab,data/maharashtra/mumbai/BMC-2007_raw.xlsx
Maharashtra,2007,Mumbai,Brihanmumbai Municipal Corporation,22,Poinsur Village (West) - Kandiwali (East),ulb_ward,0,,0,Shivkumar Basukinath Zha,IND,IND,3118,12432,data/maharashtra/mumbai/dataverse_IO9SLQ/mumbai_full.tab,data/maharashtra/mumbai/BMC-2007_raw.xlsx
Maharashtra,2007,Mumbai,Brihanmumbai Municipal Corporation,23,Poinsur (East) - Rajaram Nagar - Ashok Nagar,ulb_ward,0,,0,Ashok Vasudev Sawant,SS,SENA,9705,-,data/maharashtra/mumbai/dataverse_IO9SLQ/mumbai_full.tab,data/maharashtra/mumbai/BMC-2007_raw.xlsx
Maharashtra,2007,Mumbai,Brihanmumbai Municipal Corporation,24,Samata Nagar - Dattani Park- Mahindra & Mahindra Co.,ulb_ward,1,W,0,Kshitija Umesh Pujare,SS,SENA,4997,16381,data/maharashtra/mumbai/dataverse_IO9SLQ/mumbai_full.tab,data/maharashtra/mumbai/BMC-2007_raw.xlsx
Maharashtra,2007,Mumbai,Brihanmumbai Municipal Corporation,25,Damupada,ulb_ward,0,,0,Ramesh Singh Thakur,INC,CONG,6547,19560,data/maharashtra/mumbai/dataverse_IO9SLQ/mumbai_full.tab,data/maharashtra/mumbai/BMC-2007_raw.xlsx
Maharashtra,2007,Mumbai,Brihanmumbai Municipal Corporation,26,Vadarpada Colony - Gautam Nagar,ulb_ward,1,W,0,Ajanta Rajpati Yadav,INC,CONG,6933,17558,data/maharashtra/mumbai/dataverse_IO9SLQ/mumbai_full.tab,data/maharashtra/mumbai/BMC-2007_raw.xlsx
Maharashtra,2007,Mumbai,Brihanmumbai Municipal Corporation,27,Devaji Bhimji Colony - Paras Nagar,ulb_ward,0,,0,Yogrsh Amrutlal Sagar,BJP,BJP,9421,14250,data/maharashtra/mumbai/dataverse_IO9SLQ/mumbai_full.tab,data/maharashtra/mumbai/BMC-2007_raw.xlsx
Maharashtra,2007,Mumbai,Brihanmumbai Municipal Corporation,28,Irani wad i- Kandiwali (West),ulb_ward,0,,0,Geea Ashish Yadav,INC,CONG,6134,18383,data/maharashtra/mumbai/dataverse_IO9SLQ/mumbai_full.tab,data/maharashtra/mumbai/BMC-2007_raw.xlsx
Maharashtra,2007,Mumbai,Brihanmumbai Municipal Corporation,29,"Manori, Marve - Erangel- Akse - Daravali Village - Madh Island",ulb_ward,1,W,0,Renuka Pandurang Dive,SS,SENA,6416,16527,data/maharashtra/mumbai/dataverse_IO9SLQ/mumbai_full.tab,data/maharashtra/mumbai/BMC-2007_raw.xlsx
Maharashtra,2007,Mumbai,Brihanmumbai Municipal Corporation,30,Valnai Village - Kharodi Village - Malavani Colony,ulb_ward,1,W,0,Survarna Prakash Madyalkar,INC,CONG,5798,17548,data/maharashtra/mumbai/dataverse_IO9SLQ/mumbai_full.tab,data/maharashtra/mumbai/BMC-2007_raw.xlsx
Maharashtra,2007,Mumbai,Brihanmumbai Municipal Corporation,31,Adarsh Dugdhalaya - Evershin Nagar,ulb_ward,1,W,0,Jaya Satnam Singh Tiwana,INC,CONG,7349,13879,data/maharashtra/mumbai/dataverse_IO9SLQ/mumbai_full.tab,data/maharashtra/mumbai/BMC-2007_raw.xlsx
Maharashtra,2007,Mumbai,Brihanmumbai Municipal Corporation,32,Bhadaran Nagar - Mamalatdar Wadi,ulb_ward,0,,0,Baldevsingh Gunvantsingh Manko,INC,CONG,5984,16649,data/maharashtra/mumbai/dataverse_IO9SLQ/mumbai_full.tab,data/maharashtra/mumbai/BMC-2007_raw.xlsx
Maharashtra,2007,Mumbai,Brihanmumbai Municipal Corporation,33,Pushpa Park,ulb_ward,0,,0,Ramanarayan Amathram Barot,BJP,BJP,6326,16306,data/maharashtra/mumbai/dataverse_IO9SLQ/mumbai_full.tab,data/maharashtra/mumbai/BMC-2007_raw.xlsx
Maharashtra,2007,Mumbai,Brihanmumbai Municipal Corporation,34,Tanaji Nagar,ulb_ward,1,W,0,Vanita Manohar Ghag,MNS,MNS,7535,19693,data/maharashtra/mumbai/dataverse_IO9SLQ/mumbai_full.tab,data/maharashtra/mumbai/BMC-2007_raw.xlsx
Maharashtra,2007,Mumbai,Brihanmumbai Municipal Corporation,35,Appa Pada,ulb_ward,0,,0,Bhomsingh Hirsingh Rathod,INC,CONG,6537,15135,data/maharashtra/mumbai/dataverse_IO9SLQ/mumbai_full.tab,data/maharashtra/mumbai/BMC-2007_raw.xlsx
Maharashtra,2007,Mumbai,Brihanmumbai Municipal Corporation,36,Malad Hill reservoir,ulb_ward,1,W,0,Vidya Ajit Chavan,NCP,NCP,4808,17674,data/maharashtra/mumbai/dataverse_IO9SLQ/mumbai_full.tab,data/maharashtra/mumbai/BMC-2007_raw.xlsx
Maharashtra,2007,Mumbai,Brihanmumbai Municipal Corporation,37,Muncipal Colony Malad (East),ulb_ward,0,,0,Sadashiv Dadu Patil,SS,SENA,7330,19901,data/maharashtra/mumbai/dataverse_IO9SLQ/mumbai_full.tab,data/maharashtra/mumbai/BMC-2007_raw.xlsx
Maharashtra,2007,Mumbai,Brihanmumbai Municipal Corporation,38,Dhanji Wadi - Narsobawadi- Kokanipada,ulb_ward,0,,0,Ajit Balkrishna Raorane,NCP,NCP,4297,19323,data/maharashtra/mumbai/dataverse_IO9SLQ/mumbai_full.tab,data/maharashtra/mumbai/BMC-2007_raw.xlsx
Maharashtra,2007,Mumbai,Brihanmumbai Municipal Corporation,39,Pimparipada - Pathanwadi,ulb_ward,0,,0,Ganpat Balkrishna Varise,SS,SENA,5067,16056,data/maharashtra/mumbai/dataverse_IO9SLQ/mumbai_full.tab,data/maharashtra/mumbai/BMC-2007_raw.xlsx
Maharashtra,2007,Mumbai,Brihanmumbai Municipal Corporation,40,Raheja Complex - Dhindoshi,ulb_ward,0,,0,Gyanmurti Ramchandra Sharma,BJP,BJP,4662,14767,data/maharashtra/mumbai/dataverse_IO9SLQ/mumbai_full.tab,data/maharashtra/mumbai/BMC-2007_raw.xlsx
Maharashtra,2007,Mumbai,Brihanmumbai Municipal Corporation,41,Makrani Pada,ulb_ward,1,W,0,Dikshit Jayesh Shah,INC,CONG,6983,16749,data/maharashtra/mumbai/dataverse_IO9SLQ/mumbai_full.tab,data/maharashtra/mumbai/BMC-2007_raw.xlsx
Maharashtra,2007,Mumbai,Brihanmumbai Municipal Corporation,42,Liberty Garden - Nadiyadwalla Colony,ulb_ward,1,W,0,Supriya Vijay Pawar,MNS,MNS,6860,18047,data/maharashtra/mumbai/dataverse_IO9SLQ/mumbai_full.tab,data/maharashtra/mumbai/BMC-2007_raw.xlsx
Maharashtra,2007,Mumbai,Brihanmumbai Municipal Corporation,43,New Collector's colony,ulb_ward,0,,0,Aslam Ramjan Ali Shaikh,INC,CONG,4397,13287,data/maharashtra/mumbai/dataverse_IO9SLQ/mumbai_full.tab,data/maharashtra/mumbai/BMC-2007_raw.xlsx
Maharashtra,2007,Mumbai,Brihanmumbai Municipal Corporation,44,New Collector's colony - M.H.B. Colony,ulb_ward,1,W,0,Sarika Austin Gracious,NCP,NCP,5698,12285,data/maharashtra/mumbai/dataverse_IO9SLQ/mumbai_full.tab,data/maharashtra/mumbai/BMC-2007_raw.xlsx
Maharashtra,2007,Mumbai,Brihanmumbai Municipal Corporation,45,Sunder  Nagar - Piramal Nagar,ulb_ward,0,,0,Vidya J Thakur,BJP,BJP,7597,15781,data/maharashtra/mumbai/dataverse_IO9SLQ/mumbai_full.tab,data/maharashtra/mumbai/BMC-2007_raw.xlsx
Maharashtra,2007,Mumbai,Brihanmumbai Municipal Corporation,46,Dhindoshi- Pandurangwadi,ulb_ward,0,,0,Shantaram S Bhosle,SS,SENA,8186,19887,data/maharashtra/mumbai/dataverse_IO9SLQ/mumbai_full.tab,data/maharashtra/mumbai/BMC-2007_raw.xlsx
Maharashtra,2007,Mumbai,Brihanmumbai Municipal Corporation,47,Aarey Colony ( East ),ulb_ward,0,,0,Sunil W Prabhu,SS,SENA,9372,21003,data/maharashtra/mumbai/dataverse_IO9SLQ/mumbai_full.tab,data/maharashtra/mumbai/BMC-2007_raw.xlsx
Maharashtra,2007,Mumbai,Brihanmumbai Municipal Corporation,48,Nirlon- Krushi Vidyapeeth - Jaiprakash Nagar,ulb_ward,1,W,0,Sumangal S Koltharkar,SS,SENA,8984,16635,data/maharashtra/mumbai/dataverse_IO9SLQ/mumbai_full.tab,data/maharashtra/mumbai/BMC-2007_raw.xlsx
Maharashtra,2007,Mumbai,Brihanmumbai Municipal Corporation,49,Unnat Nagar - Motilal Nagar No. 2 & 3,ulb_ward,0,,0,Sameer K Desai,INC,CONG,11689,22851,data/maharashtra/mumbai/dataverse_IO9SLQ/mumbai_full.tab,data/maharashtra/mumbai/BMC-2007_raw.xlsx
Maharashtra,2007,Mumbai,Brihanmumbai Municipal Corporation,50,Shastri Nagar - Bangur Nagar,ulb_ward,0,,0,Ramchandra R Pillai,INC,CONG,5827,18978,data/maharashtra/mumbai/dataverse_IO9SLQ/mumbai_full.tab,data/maharashtra/mumbai/BMC-2007_raw.xlsx
Maharashtra,2007,Mumbai,Brihanmumbai Municipal Corporation,51,Motilal Nagar No.1- B.E.S.T. Bus Depot,ulb_ward,0,,0,Dilip Y Shinde,SS,SENA,7066,17550,data/maharashtra/mumbai/dataverse_IO9SLQ/mumbai_full.tab,data/maharashtra/mumbai/BMC-2007_raw.xlsx
Maharashtra,2007,Mumbai,Brihanmumbai Municipal Corporation,52,Siddharth Nagar - Jawahar Nagar,ulb_ward,0,,0,Dilip G Patel,BJP,BJP,8492,20463,data/maharashtra/mumbai/dataverse_IO9SLQ/mumbai_full.tab,data/maharashtra/mumbai/BMC-2007_raw.xlsx
Maharashtra,2007,Mumbai,Brihanmumbai Municipal Corporation,53,Oshivara- Bandivali ( East ),ulb_ward,1,W,0,Barjina abbas Sayyed,SP,SP,5550,12919,data/maharashtra/mumbai/dataverse_IO9SLQ/mumbai_full.tab,data/maharashtra/mumbai/BMC-2007_raw.xlsx
Maharashtra,2007,Mumbai,Brihanmumbai Municipal Corporation,54,Tarapore Garden - Adarsh Nagar,ulb_ward,1,W,0,Rajul Suresh Patil,SS,SENA,7853,14655,data/maharashtra/mumbai/dataverse_IO9SLQ/mumbai_full.tab,data/maharashtra/mumbai/BMC-2007_raw.xlsx
Maharashtra,2007,Mumbai,Brihanmumbai Municipal Corporation,55,Swami Samrat Nagar,ulb_ward,0,,0,Yashodhar Padmakar Phanse,SS,SENA,4586,10686,data/maharashtra/mumbai/dataverse_IO9SLQ/mumbai_full.tab,data/maharashtra/mumbai/BMC-2007_raw.xlsx
Maharashtra,2007,Mumbai,Brihanmumbai Municipal Corporation,56,Versova ( North ),ulb_ward,1,W,0,Chhaya Chandrakant Bhanji,SS,SENA,5343,11950,data/maharashtra/mumbai/dataverse_IO9SLQ/mumbai_full.tab,data/maharashtra/mumbai/BMC-2007_raw.xlsx
Maharashtra,2007,Mumbai,Brihanmumbai Municipal Corporation,57,Amboli Hill,ulb_ward,0,,0,Raju Shripad Pednekar,SS,SENA,6364,16866,data/maharashtra/mumbai/dataverse_IO9SLQ/mumbai_full.tab,data/maharashtra/mumbai/BMC-2007_raw.xlsx
Maharashtra,2007,Mumbai,Brihanmumbai Municipal Corporation,58,Shahaji Raje Sports Complex - Malcom Baug,ulb_ward,0,,0,Vishnu Vasudeo Korgaonkar,SS,SENA,6838,22127,data/maharashtra/mumbai/dataverse_IO9SLQ/mumbai_full.tab,data/maharashtra/mumbai/BMC-2007_raw.xlsx
Maharashtra,2007,Mumbai,Brihanmumbai Municipal Corporation,59,Seven Banglows - Versova ( South ),ulb_ward,0,,0,Devendra Shridhar Ambedkar,INC,CONG,6257,14055,data/maharashtra/mumbai/dataverse_IO9SLQ/mumbai_full.tab,data/maharashtra/mumbai/BMC-2007_raw.xlsx
Maharashtra,2007,Mumbai,Brihanmumbai Municipal Corporation,60,Manish Nagar - Bhavan's College,ulb_ward,1,W,0,Jyotsna Abhay Dighe,INC,CONG,6016,12606,data/maharashtra/mumbai/dataverse_IO9SLQ/mumbai_full.tab,data/maharashtra/mumbai/BMC-2007_raw.xlsx
Maharashtra,2007,Mumbai,Brihanmumbai Municipal Corporation,61,Gilbert Hill - Andheri Market,ulb_ward,1,W,0,Khatija Ismail Makwana,INC,CONG,7534,21954,data/maharashtra/mumbai/dataverse_IO9SLQ/mumbai_full.tab,data/maharashtra/mumbai/BMC-2007_raw.xlsx
Maharashtra,2007,Mumbai,Brihanmumbai Municipal Corporation,62,Lallubhai Park - Shri Ram Zarokha,ulb_ward,1,W,0,Bharati Balkrishna Dhongade,INC,CONG,4081,11762,data/maharashtra/mumbai/dataverse_IO9SLQ/mumbai_full.tab,data/maharashtra/mumbai/BMC-2007_raw.xlsx
Maharashtra,2007,Mumbai,Brihanmumbai Municipal Corporation,63,Bhakati Vedanta Mandir - Cooper Hospital,ulb_ward,0,,0,Adolf Victor D'souza,IND,IND,4582,18585,data/maharashtra/mumbai/dataverse_IO9SLQ/mumbai_full.tab,data/maharashtra/mumbai/BMC-2007_raw.xlsx
Maharashtra,2007,Mumbai,Brihanmumbai Municipal Corporation,64,S.N.D.T. University Campus - Juhu Airport,ulb_ward,0,,0,Aziz Abdulkarim Barudgar,INC,CONG,6385,17281,data/maharashtra/mumbai/dataverse_IO9SLQ/mumbai_full.tab,data/maharashtra/mumbai/BMC-2007_raw.xlsx
Maharashtra,2007,Mumbai,Brihanmumbai Municipal Corporation,65,Vile Parle West - Mithibai College,ulb_ward,0,,0,Jayanti Jeevabhai Sayyed,INC,CONG,5940,15871,data/maharashtra/mumbai/dataverse_IO9SLQ/mumbai_full.tab,data/maharashtra/mumbai/BMC-2007_raw.xlsx
Maharashtra,2007,Mumbai,Brihanmumbai Municipal Corporation,66,Bandrekar Wadi - Ismail College- Natwar Nagar,ulb_ward,1,W,0,Ujwala Shrikrishna Modak,BJP,BJP,5951,16938,data/maharashtra/mumbai/dataverse_IO9SLQ/mumbai_full.tab,data/maharashtra/mumbai/BMC-2007_raw.xlsx
Maharashtra,2007,Mumbai,Brihanmumbai Municipal Corporation,67,Jogeshwari Caves - Majaswadi,ulb_ward,0,,0,Suresh Madhukar Gangan,SS,SENA,10269,24200,data/maharashtra/mumbai/dataverse_IO9SLQ/mumbai_full.tab,data/maharashtra/mumbai/BMC-2007_raw.xlsx
Maharashtra,2007,Mumbai,Brihanmumbai Municipal Corporation,68,Shivneri Vasahat - Meghwadi,ulb_ward,0,,0,Ravindra Dattaran Waikar,SS,SENA,10758,22030,data/maharashtra/mumbai/dataverse_IO9SLQ/mumbai_full.tab,data/maharashtra/mumbai/BMC-2007_raw.xlsx
Maharashtra,2007,Mumbai,Brihanmumbai Municipal Corporation,69,Shankarwadi- Sher - E - Punjab Colony,ulb_ward,0,,0,Shailesh Dattaram Parab,SS,SENA,7612,18478,data/maharashtra/mumbai/dataverse_IO9SLQ/mumbai_full.tab,data/maharashtra/mumbai/BMC-2007_raw.xlsx
Maharashtra,2007,Mumbai,Brihanmumbai Municipal Corporation,70,Squatter's Colony - Toalni College,ulb_ward,1,W,0,Sabirabi Hasan Shaikh,INC,CONG,5992,19262,data/maharashtra/mumbai/dataverse_IO9SLQ/mumbai_full.tab,data/maharashtra/mumbai/BMC-2007_raw.xlsx
Maharashtra,2007,Mumbai,Brihanmumbai Municipal Corporation,71,Gundavali Gaothan (West),ulb_ward,0,,0,Rupali Ramesh Pawaskar,INC,CONG,5787,18841,data/maharashtra/mumbai/dataverse_IO9SLQ/mumbai_full.tab,data/maharashtra/mumbai/BMC-2007_raw.xlsx
Maharashtra,2007,Mumbai,Brihanmumbai Municipal Corporation,72,Gundavli (East)- E.S.I.S. Hospital,ulb_ward,0,,0,Ramesh Kondiram Latke,SS,SENA,8171,18216,data/maharashtra/mumbai/dataverse_IO9SLQ/mumbai_full.tab,data/maharashtra/mumbai/BMC-2007_raw.xlsx
Maharashtra,2007,Mumbai,Brihanmumbai Municipal Corporation,73,Vyaravli - M.I.D.C.,ulb_ward,0,,0,Clive George Dias,INC,CONG,5642,18163,data/maharashtra/mumbai/dataverse_IO9SLQ/mumbai_full.tab,data/maharashtra/mumbai/BMC-2007_raw.xlsx
Maharashtra,2007,Mumbai,Brihanmumbai Municipal Corporation,74,Vijaynagar - Bhavani Nagar,ulb_ward,0,,0,Roshan Bhaskar Dudwadkar,INC,CONG,6721,17781,data/maharashtra/mumbai/dataverse_IO9SLQ/mumbai_full.tab,data/maharashtra/mumbai/BMC-2007_raw.xlsx
Maharashtra,2007,Mumbai,Brihanmumbai Municipal Corporation,75,Sahar Airport-Maroshi Village,ulb_ward,0,,0,Kamlesh Kedarnath Rai,INC,CONG,5281,17566,data/maharashtra/mumbai/dataverse_IO9SLQ/mumbai_full.tab,data/maharashtra/mumbai/BMC-2007_raw.xlsx
Maharashtra,2007,Mumbai,Brihanmumbai Municipal Corporation,76,Chakala- Sahar Air Port,ulb_ward,0,,0,Subhash Kanta Sawant,SS,SENA,8856,18736,data/maharashtra/mumbai/dataverse_IO9SLQ/mumbai_full.tab,data/maharashtra/mumbai/BMC-2007_raw.xlsx
Maharashtra,2007,Mumbai,Brihanmumbai Municipal Corporation,77,Sahar Village- Baman Wada,ulb_ward,0,,0,Nitin Bandopant Salagre,INC,CONG,4976,18784,data/maharashtra/mumbai/dataverse_IO9SLQ/mumbai_full.tab,data/maharashtra/mumbai/BMC-2007_raw.xlsx
Maharashtra,2007,Mumbai,Brihanmumbai Municipal Corporation,78,M.V. College - Vijay Nagar-Coal Dongari,ulb_ward,0,,0,Manohar Gangaram Panchal,SS,SENA,7544,18671,data/maharashtra/mumbai/dataverse_IO9SLQ/mumbai_full.tab,data/maharashtra/mumbai/BMC-2007_raw.xlsx
Maharashtra,2007,Mumbai,Brihanmumbai Municipal Corporation,79,Tejpal Scheme - Paranjape Scheme - Vile Parle ( East ),ulb_ward,0,,0,Shashikant Govind Patkar,SS,SENA,11346,21161,data/maharashtra/mumbai/dataverse_IO9SLQ/mumbai_full.tab,data/maharashtra/mumbai/BMC-2007_raw.xlsx
Maharashtra,2007,Mumbai,Brihanmumbai Municipal Corporation,80,Vile Parle (East) - Telephone Exchange,ulb_ward,0,,0,Chandrakant Sitram Pawar,BJP,BJP,7851,19139,data/maharashtra/mumbai/dataverse_IO9SLQ/mumbai_full.tab,data/maharashtra/mumbai/BMC-2007_raw.xlsx
Maharashtra,2007,Mumbai,Brihanmumbai Municipal Corporation,81,Prabhat Colony- Anand Nagar,ulb_ward,0,,0,Dharmesh K Vyas,INC,CONG,5570,17021,data/maharashtra/mumbai/dataverse_IO9SLQ/mumbai_full.tab,data/maharashtra/mumbai/BMC-2007_raw.xlsx
Maharashtra,2007,Mumbai,Brihanmumbai Municipal Corporation,82,Vivekanand Nagar,ulb_ward,0,,0,Baliram B Ghag,SS,SENA,7008,21687,data/maharashtra/mumbai/dataverse_IO9SLQ/mumbai_full.tab,data/maharashtra/mumbai/BMC-2007_raw.xlsx
Maharashtra,2007,Mumbai,Brihanmumbai Municipal Corporation,83,University Campus- Dharamsi Colony,ulb_ward,0,,0,Sanjay G Potnis,SS,SENA,4870,18484,data/maharashtra/mumbai/dataverse_IO9SLQ/mumbai_full.tab,data/maharashtra/mumbai/BMC-2007_raw.xlsx
Maharashtra,2007,Mumbai,Brihanmumbai Municipal Corporation,84,Kalina Village- Santacruz Cantonmnt,ulb_ward,1,W,0,Alice J Terattil,INC,CONG,5022,15056,data/maharashtra/mumbai/dataverse_IO9SLQ/mumbai_full.tab,data/maharashtra/mumbai/BMC-2007_raw.xlsx
Maharashtra,2007,Mumbai,Brihanmumbai Municipal Corporation,85,Bharat Nagar (East),ulb_ward,0,,0,Lalji Ramkishore Yadav,SP,SP,4672,14727,data/maharashtra/mumbai/dataverse_IO9SLQ/mumbai_full.tab,data/maharashtra/mumbai/BMC-2007_raw.xlsx
Maharashtra,2007,Mumbai,Brihanmumbai Municipal Corporation,86,T.P.S. 3- Santacruz- Ashok Nagar,ulb_ward,0,,0,hwanath Pandurang Mahadesh,SS,SENA,5330,16345,data/maharashtra/mumbai/dataverse_IO9SLQ/mumbai_full.tab,data/maharashtra/mumbai/BMC-2007_raw.xlsx
Maharashtra,2007,Mumbai,Brihanmumbai Municipal Corporation,87,Dowri Nagar- - Khar Rifle Range,ulb_ward,0,,0,Krishna D Parkar,BJP,BJP,4202,17001,data/maharashtra/mumbai/dataverse_IO9SLQ/mumbai_full.tab,data/maharashtra/mumbai/BMC-2007_raw.xlsx
Maharashtra,2007,Mumbai,Brihanmumbai Municipal Corporation,88,Teacher's Colony - Jawahar Nagar,ulb_ward,1,W,0,Sujata S Mhaskar,SS,SENA,6495,20479,data/maharashtra/mumbai/dataverse_IO9SLQ/mumbai_full.tab,data/maharashtra/mumbai/BMC-2007_raw.xlsx
Maharashtra,2007,Mumbai,Brihanmumbai Municipal Corporation,89,Govt. Colony - Bharat Nagar (West),ulb_ward,0,,0,Prakash V Sawant,SS,SENA,7224,17385,data/maharashtra/mumbai/dataverse_IO9SLQ/mumbai_full.tab,data/maharashtra/mumbai/BMC-2007_raw.xlsx
Maharashtra,2007,Mumbai,Brihanmumbai Municipal Corporation,90,Bandra Terminus - Nirmal Nagar,ulb_ward,0,,0,Adv. Manmohan S Chonkar,SS,SENA,5432,17843,data/maharashtra/mumbai/dataverse_IO9SLQ/mumbai_full.tab,data/maharashtra/mumbai/BMC-2007_raw.xlsx
Maharashtra,2007,Mumbai,Brihanmumbai Municipal Corporation,91,Kherwadi,ulb_ward,0,,0,Mohammed H Shaikh,SP,SP,4660,12341,data/maharashtra/mumbai/dataverse_IO9SLQ/mumbai_full.tab,data/maharashtra/mumbai/BMC-2007_raw.xlsx
Maharashtra,2007,Mumbai,Brihanmumbai Municipal Corporation,92,Khira Nagar - Muktanand Park,ulb_ward,0,,0,Mohan V Lokegaonkar,SS,SENA,5574,18215,data/maharashtra/mumbai/dataverse_IO9SLQ/mumbai_full.tab,data/maharashtra/mumbai/BMC-2007_raw.xlsx
Maharashtra,2007,Mumbai,Brihanmumbai Municipal Corporation,93,Vithaldas Nagar- Madhu Park - Khar (West)- Saraswat Colony,ulb_ward,0,,0,Adv. Ashish B Shelar,BJP,BJP,9335,18128,data/maharashtra/mumbai/dataverse_IO9SLQ/mumbai_full.tab,data/maharashtra/mumbai/BMC-2007_raw.xlsx
Maharashtra,2007,Mumbai,Brihanmumbai Municipal Corporation,94,Khar Danda - Chuim Village,ulb_ward,0,,0,Vilas S Chavari,IND,IND,4340,20054,data/maharashtra/mumbai/dataverse_IO9SLQ/mumbai_full.tab,data/maharashtra/mumbai/BMC-2007_raw.xlsx
Maharashtra,2007,Mumbai,Brihanmumbai Municipal Corporation,95,Union Park - National College,ulb_ward,1,W,0,Kavita H Rodricks,INC,CONG,6814,15850,data/maharashtra/mumbai/dataverse_IO9SLQ/mumbai_full.tab,data/maharashtra/mumbai/BMC-2007_raw.xlsx
Maharashtra,2007,Mumbai,Brihanmumbai Municipal Corporation,96,Bandra Fort - Pali Market - National Library,ulb_ward,0,,0,Asif A Zakaria,INC,CONG,6882,17776,data/maharashtra/mumbai/dataverse_IO9SLQ/mumbai_full.tab,data/maharashtra/mumbai/BMC-2007_raw.xlsx
Maharashtra,2007,Mumbai,Brihanmumbai Municipal Corporation,97,Lilavati Hospital - Bandra Bus Terminus,ulb_ward,0,,0,Rahebar S (Raja) Khan,IND,IND,6049,17870,data/maharashtra/mumbai/dataverse_IO9SLQ/mumbai_full.tab,data/maharashtra/mumbai/BMC-2007_raw.xlsx
Maharashtra,2007,Mumbai,Brihanmumbai Municipal Corporation,98,Mulund Colony - Tulasi Lake,ulb_ward,0,,0,Vishwanath Shankar Maske,BJP,BJP,9859,18612,data/maharashtra/mumbai/dataverse_IO9SLQ/mumbai_full.tab,data/maharashtra/mumbai/BMC-2007_raw.xlsx
Maharashtra,2007,Mumbai,Brihanmumbai Municipal Corporation,99,Mulund Check Naka - ESIS Hospital,ulb_ward,0,,0,Manoj Kishorbhai Kotak,BJP,BJP,4254,21505,data/maharashtra/mumbai/dataverse_IO9SLQ/mumbai_full.tab,data/maharashtra/mumbai/BMC-2007_raw.xlsx
Maharashtra,2007,Mumbai,Brihanmumbai Municipal Corporation,100,Topiwala College - Gavan Pada - MHADA Buildings,ulb_ward,1,W,0,Jyoti Mahendra Vaity,SS,SENA,5827,20847,data/maharashtra/mumbai/dataverse_IO9SLQ/mumbai_full.tab,data/maharashtra/mumbai/BMC-2007_raw.xlsx
Maharashtra,2007,Mumbai,Brihanmumbai Municipal Corporation,101,Nane Pada - Palm Acres,ulb_ward,0,,0,Prabhakar Tukaram Shinde,SS,SENA,8658,22581,data/maharashtra/mumbai/dataverse_IO9SLQ/mumbai_full.tab,data/maharashtra/mumbai/BMC-2007_raw.xlsx
Maharashtra,2007,Mumbai,Brihanmumbai Municipal Corporation,102,Mulund Central,ulb_ward,1,W,0,Amita Deepak Shah,BJP,BJP,7498,18989,data/maharashtra/mumbai/dataverse_IO9SLQ/mumbai_full.tab,data/maharashtra/mumbai/BMC-2007_raw.xlsx
Maharashtra,2007,Mumbai,Brihanmumbai Municipal Corporation,103,Johnson & Johnson - Sarvoday Nagar - Nahur Village,ulb_ward,1,W,0,Dr. Avtarkaur Sevsingh Sokhi,INC,CONG,5864,17292,data/maharashtra/mumbai/dataverse_IO9SLQ/mumbai_full.tab,data/maharashtra/mumbai/BMC-2007_raw.xlsx
Maharashtra,2007,Mumbai,Brihanmumbai Municipal Corporation,104,Milind Nagar,ulb_ward,0,,0,Suresh Harishchandra Koparkar,INC,CONG,3570,16583,data/maharashtra/mumbai/dataverse_IO9SLQ/mumbai_full.tab,data/maharashtra/mumbai/BMC-2007_raw.xlsx
Maharashtra,2007,Mumbai,Brihanmumbai Municipal Corporation,105,Bhandup Village,ulb_ward,1,W,0,Sangita Gopinath Patil,INC,CONG,6954,18029,data/maharashtra/mumbai/dataverse_IO9SLQ/mumbai_full.tab,data/maharashtra/mumbai/BMC-2007_raw.xlsx
Maharashtra,2007,Mumbai,Brihanmumbai Municipal Corporation,106,Gaon Devi ( Bhandup ) Tembipada,ulb_ward,0,,0,Suresh Atmaram Shinde,SS,SENA,7225,14822,data/maharashtra/mumbai/dataverse_IO9SLQ/mumbai_full.tab,data/maharashtra/mumbai/BMC-2007_raw.xlsx
Maharashtra,2007,Mumbai,Brihanmumbai Municipal Corporation,107,Nardas Nagar,ulb_ward,0,,0,Ramesh Gajanan Korgaonkar,SS,SENA,12849,22396,data/maharashtra/mumbai/dataverse_IO9SLQ/mumbai_full.tab,data/maharashtra/mumbai/BMC-2007_raw.xlsx
Maharashtra,2007,Mumbai,Brihanmumbai Municipal Corporation,108,Kokan Nagar - Bhattipada,ulb_ward,1,W,0,Snehalata Manohar Dalvi,SS,SENA,6387,20760,data/maharashtra/mumbai/dataverse_IO9SLQ/mumbai_full.tab,data/maharashtra/mumbai/BMC-2007_raw.xlsx
Maharashtra,2007,Mumbai,Brihanmumbai Municipal Corporation,109,Hanuman Nagar - Farid Nagar,ulb_ward,0,,0,shinath (Rajabhau) Damoji Karad,INC,CONG,4975,21237,data/maharashtra/mumbai/dataverse_IO9SLQ/mumbai_full.tab,data/maharashtra/mumbai/BMC-2007_raw.xlsx
Maharashtra,2007,Mumbai,Brihanmumbai Municipal Corporation,110,Datar Colony - C. G. S. Quarters,ulb_ward,1,W,0,Bharati Dhananjay Pisal,NCP,NCP,9170,21716,data/maharashtra/mumbai/dataverse_IO9SLQ/mumbai_full.tab,data/maharashtra/mumbai/BMC-2007_raw.xlsx
Maharashtra,2007,Mumbai,Brihanmumbai Municipal Corporation,111,Kanjur Village,ulb_ward,1,W,0,Minakshi Asshok Patil,SS,SENA,5344,13764,data/maharashtra/mumbai/dataverse_IO9SLQ/mumbai_full.tab,data/maharashtra/mumbai/BMC-2007_raw.xlsx
Maharashtra,2007,Mumbai,Brihanmumbai Municipal Corporation,112,Kannamwar Nagar,ulb_ward,0,,0,Mangesh Eknath Sangle,MNS,MNS,6721,18657,data/maharashtra/mumbai/dataverse_IO9SLQ/mumbai_full.tab,data/maharashtra/mumbai/BMC-2007_raw.xlsx
Maharashtra,2007,Mumbai,Brihanmumbai Municipal Corporation,113,Tagore Nagar,ulb_ward,0,,0,Tawaji Sahadev Gorule,SS,SENA,6061,18948,data/maharashtra/mumbai/dataverse_IO9SLQ/mumbai_full.tab,data/maharashtra/mumbai/BMC-2007_raw.xlsx
Maharashtra,2007,Mumbai,Brihanmumbai Municipal Corporation,114,Hariyali Village - Godrej Colony,ulb_ward,1,W,0,Rashmi Ramesh Padukar,SS,SENA,6815,18081,data/maharashtra/mumbai/dataverse_IO9SLQ/mumbai_full.tab,data/maharashtra/mumbai/BMC-2007_raw.xlsx
Maharashtra,2007,Mumbai,Brihanmumbai Municipal Corporation,115,Eden Bunglows - Tirandaz Village,ulb_ward,1,W,0,Charu Chandan Sharma,NCP,NCP,3952,10508,data/maharashtra/mumbai/dataverse_IO9SLQ/mumbai_full.tab,data/maharashtra/mumbai/BMC-2007_raw.xlsx
Maharashtra,2007,Mumbai,Brihanmumbai Municipal Corporation,116,Vihar Lake - Powai Lake - Paspoli Village,ulb_ward,1,W,0,Anjali Vasant Darade,INC,CONG,5686,13443,data/maharashtra/mumbai/dataverse_IO9SLQ/mumbai_full.tab,data/maharashtra/mumbai/BMC-2007_raw.xlsx
Maharashtra,2007,Mumbai,Brihanmumbai Municipal Corporation,117,Rahul Nagar,ulb_ward,0,,0,Kashinath Vittal Tharali,SS,SENA,8424,21240,data/maharashtra/mumbai/dataverse_IO9SLQ/mumbai_full.tab,data/maharashtra/mumbai/BMC-2007_raw.xlsx
Maharashtra,2007,Mumbai,Brihanmumbai Municipal Corporation,118,Park Site Colony - Vikhroi Village,ulb_ward,0,,0,Harun Yusuf Khan,NCP,NCP,4763,16017,data/maharashtra/mumbai/dataverse_IO9SLQ/mumbai_full.tab,data/maharashtra/mumbai/BMC-2007_raw.xlsx
Maharashtra,2007,Mumbai,Brihanmumbai Municipal Corporation,119,Damodar Park Sanghani Estate,ulb_ward,1,W,0,Sarasvati Gajanan Bhosle,SS,SENA,8466,16994,data/maharashtra/mumbai/dataverse_IO9SLQ/mumbai_full.tab,data/maharashtra/mumbai/BMC-2007_raw.xlsx
Maharashtra,2007,Mumbai,Brihanmumbai Municipal Corporation,120,Sarvodaya Hospital - Central Govt. Colony - Jagdusha Nagar,ulb_ward,0,,0,Kumar B Pande,SS,SENA,6036,19598,data/maharashtra/mumbai/dataverse_IO9SLQ/mumbai_full.tab,data/maharashtra/mumbai/BMC-2007_raw.xlsx
Maharashtra,2007,Mumbai,Brihanmumbai Municipal Corporation,121,Bhim Nagar - Ram Nagar,ulb_ward,0,,0,Pravin Velji Chheda,BJP,BJP,5940,19030,data/maharashtra/mumbai/dataverse_IO9SLQ/mumbai_full.tab,data/maharashtra/mumbai/BMC-2007_raw.xlsx
Maharashtra,2007,Mumbai,Brihanmumbai Municipal Corporation,122,Bhat Wadi-Barve Nagar,ulb_ward,0,,0,Shubhangi Dashrath Shirke,SS,SENA,7877,18229,data/maharashtra/mumbai/dataverse_IO9SLQ/mumbai_full.tab,data/maharashtra/mumbai/BMC-2007_raw.xlsx
Maharashtra,2007,Mumbai,Brihanmumbai Municipal Corporation,123,Chirag Nagar- Narayan Nagar,ulb_ward,0,,0,Ashwini Bharat Mate,SS,SENA,7538,21680,data/maharashtra/mumbai/dataverse_IO9SLQ/mumbai_full.tab,data/maharashtra/mumbai/BMC-2007_raw.xlsx
Maharashtra,2007,Mumbai,Brihanmumbai Municipal Corporation,124,Kirol Village - Ramji Ashar School,ulb_ward,1,W,0,Shobha Harish Ashar,BJP,BJP,8778,15499,data/maharashtra/mumbai/dataverse_IO9SLQ/mumbai_full.tab,data/maharashtra/mumbai/BMC-2007_raw.xlsx
Maharashtra,2007,Mumbai,Brihanmumbai Municipal Corporation,125,Pant Nagar,ulb_ward,0,,0,Suresh Shantaram Golatkar,INC,CONG,6616,19507,data/maharashtra/mumbai/dataverse_IO9SLQ/mumbai_full.tab,data/maharashtra/mumbai/BMC-2007_raw.xlsx
Maharashtra,2007,Mumbai,Brihanmumbai Municipal Corporation,126,Ramabai Nagar,ulb_ward,1,W,0,Rakhi Harishchandra Jadhav,NCP,NCP,5330,15418,data/maharashtra/mumbai/dataverse_IO9SLQ/mumbai_full.tab,data/maharashtra/mumbai/BMC-2007_raw.xlsx
Maharashtra,2007,Mumbai,Brihanmumbai Municipal Corporation,127,Garodia Nagar - Somaiya College,ulb_ward,0,,0,Bhalchandra Motiram Shrisat,BJP,BJP,12110,17284,data/maharashtra/mumbai/dataverse_IO9SLQ/mumbai_full.tab,data/maharashtra/mumbai/BMC-2007_raw.xlsx
Maharashtra,2007,Mumbai,Brihanmumbai Municipal Corporation,128,Kamraj Nagar,ulb_ward,0,,0,Parmeshwar Tukaram Kadam,MNS,MNS,3465,16125,data/maharashtra/mumbai/dataverse_IO9SLQ/mumbai_full.tab,data/maharashtra/mumbai/BMC-2007_raw.xlsx
Maharashtra,2007,Mumbai,Brihanmumbai Municipal Corporation,129,Lotus Colony - Rafiq Nagar,ulb_ward,0,,0,Suresh K Patil,IND,IND,2669,12794,data/maharashtra/mumbai/dataverse_IO9SLQ/mumbai_full.tab,data/maharashtra/mumbai/BMC-2007_raw.xlsx
Maharashtra,2007,Mumbai,Brihanmumbai Municipal Corporation,130,Shivaji Nagar No.1,ulb_ward,1,W,0,Anjum Fatima Aslam,IND,IND,3709,10393,data/maharashtra/mumbai/dataverse_IO9SLQ/mumbai_full.tab,data/maharashtra/mumbai/BMC-2007_raw.xlsx
Maharashtra,2007,Mumbai,Brihanmumbai Municipal Corporation,131,Shivaji Nagar No.2 - Sanjay Nagar,ulb_ward,1,W,0,Noorjahan R Shaikh,SP,SP,4499,12910,data/maharashtra/mumbai/dataverse_IO9SLQ/mumbai_full.tab,data/maharashtra/mumbai/BMC-2007_raw.xlsx
Maharashtra,2007,Mumbai,Brihanmumbai Municipal Corporation,132,Shashtri Nagar - Kamala Raman Nagar,ulb_ward,1,W,0,Asma A B Shaikh,SP,SP,4209,13030,data/maharashtra/mumbai/dataverse_IO9SLQ/mumbai_full.tab,data/maharashtra/mumbai/BMC-2007_raw.xlsx
Maharashtra,2007,Mumbai,Brihanmumbai Municipal Corporation,133,Baiganwadi - P.M.G. Colony,ulb_ward,0,,0,Fazrulrrehman S Choudhari,SP,SP,4478,16833,data/maharashtra/mumbai/dataverse_IO9SLQ/mumbai_full.tab,data/maharashtra/mumbai/BMC-2007_raw.xlsx
Maharashtra,2007,Mumbai,Brihanmumbai Municipal Corporation,134,Mankhurd Villege - Mandala Villege,ulb_ward,1,W,0,Nirmaladevi V Singh,INC,CONG,2775,15372,data/maharashtra/mumbai/dataverse_IO9SLQ/mumbai_full.tab,data/maharashtra/mumbai/BMC-2007_raw.xlsx
Maharashtra,2007,Mumbai,Brihanmumbai Municipal Corporation,135,Chita Camp,ulb_ward,0,,0,Mohammed Farooq A Razzak,IND,IND,4041,16965,data/maharashtra/mumbai/dataverse_IO9SLQ/mumbai_full.tab,data/maharashtra/mumbai/BMC-2007_raw.xlsx
Maharashtra,2007,Mumbai,Brihanmumbai Municipal Corporation,136,Anushakti Nagar ( B.A.R.C. ) - Trombay,ulb_ward,0,,0,Rahul R Shewale,SS,SENA,8219,17846,data/maharashtra/mumbai/dataverse_IO9SLQ/mumbai_full.tab,data/maharashtra/mumbai/BMC-2007_raw.xlsx
Maharashtra,2007,Mumbai,Brihanmumbai Municipal Corporation,137,New Gautam Nagar,ulb_ward,0,,0,Vittal G Lokare,INC,CONG,3916,12856,data/maharashtra/mumbai/dataverse_IO9SLQ/mumbai_full.tab,data/maharashtra/mumbai/BMC-2007_raw.xlsx
Maharashtra,2007,Mumbai,Brihanmumbai Municipal Corporation,138,Deonar Slaughter House,ulb_ward,1,W,0,Sujata Rajendra Waghmare,RPI(A),RPI(A),5182,17550,data/maharashtra/mumbai/dataverse_IO9SLQ/mumbai_full.tab,data/maharashtra/mumbai/BMC-2007_raw.xlsx
Maharashtra,2007,Mumbai,Brihanmumbai Municipal Corporation,139,Deonar Villege - Mankhurd childrens' house,ulb_ward,0,,0,Shashikant V Patil,INC,CONG,7058,17880,data/maharashtra/mumbai/dataverse_IO9SLQ/mumbai_full.tab,data/maharashtra/mumbai/BMC-2007_raw.xlsx
Maharashtra,2007,Mumbai,Brihanmumbai Municipal Corporation,140,RCF Township,ulb_ward,0,,0,Devidas S Borse,INC,CONG,4217,14833,data/maharashtra/mumbai/dataverse_IO9SLQ/mumbai_full.tab,data/maharashtra/mumbai/BMC-2007_raw.xlsx
Maharashtra,2007,Mumbai,Brihanmumbai Municipal Corporation,141,Adarsh Nagar - Hindustan Petroleum - Anik Village,ulb_ward,1,W,0,Rukmini V Kharatmol,BJP,BJP,3587,13585,data/maharashtra/mumbai/dataverse_IO9SLQ/mumbai_full.tab,data/maharashtra/mumbai/BMC-2007_raw.xlsx
Maharashtra,2007,Mumbai,Brihanmumbai Municipal Corporation,142,"Anik, Mahul Villege - Rashtriya Chemical & Fertilzer Company",ulb_ward,0,,0,Rajendra J Mahulkar,INC,CONG,8038,15986,data/maharashtra/mumbai/dataverse_IO9SLQ/mumbai_full.tab,data/maharashtra/mumbai/BMC-2007_raw.xlsx
Maharashtra,2007,Mumbai,Brihanmumbai Municipal Corporation,143,Suman Nagar - Sindhi Society,ulb_ward,1,W,0,Jayshree D Kharat,BJP,BJP,4757,15816,data/maharashtra/mumbai/dataverse_IO9SLQ/mumbai_full.tab,data/maharashtra/mumbai/BMC-2007_raw.xlsx
Maharashtra,2007,Mumbai,Brihanmumbai Municipal Corporation,144,Siddharth Colony - Basant Park - Golf Club,ulb_ward,0,,0,Kisan R Mistry,INC,CONG,5082,16941,data/maharashtra/mumbai/dataverse_IO9SLQ/mumbai_full.tab,data/maharashtra/mumbai/BMC-2007_raw.xlsx
Maharashtra,2007,Mumbai,Brihanmumbai Municipal Corporation,145,Sahakar nagar,ulb_ward,0,,0,Gautam G Sable,RPI(A),RPI(A),4195,14704,data/maharashtra/mumbai/dataverse_IO9SLQ/mumbai_full.tab,data/maharashtra/mumbai/BMC-2007_raw.xlsx
Maharashtra,2007,Mumbai,Brihanmumbai Municipal Corporation,146,Subhas Nagar - Beggar's Home,ulb_ward,0,,0,Prakash V Phaterpekar,SS,SENA,4599,14292,data/maharashtra/mumbai/dataverse_IO9SLQ/mumbai_full.tab,data/maharashtra/mumbai/BMC-2007_raw.xlsx
Maharashtra,2007,Mumbai,Brihanmumbai Municipal Corporation,147,Borla ( Central ) - Ghatala Village,ulb_ward,1,W,0,Mangala T Kate,SS,SENA,9995,20403,data/maharashtra/mumbai/dataverse_IO9SLQ/mumbai_full.tab,data/maharashtra/mumbai/BMC-2007_raw.xlsx
Maharashtra,2007,Mumbai,Brihanmumbai Municipal Corporation,148,Jyoti Nagar - Rahul Nagar,ulb_ward,0,,0,Babasaheb D Bansode,RPI(A),RPI(A),6011,15431,data/maharashtra/mumbai/dataverse_IO9SLQ/mumbai_full.tab,data/maharashtra/mumbai/BMC-2007_raw.xlsx
Maharashtra,2007,Mumbai,Brihanmumbai Municipal Corporation,149,Tilak Nagar - Chheda Nagar,ulb_ward,0,,0,Rajiv S Chaugule,SS,SENA,6494,16848,data/maharashtra/mumbai/dataverse_IO9SLQ/mumbai_full.tab,data/maharashtra/mumbai/BMC-2007_raw.xlsx
Maharashtra,2007,Mumbai,Brihanmumbai Municipal Corporation,150,Tungve Village - Chandivli village ( west ),ulb_ward,0,,0,Sharad Shivkumar Pawar,NCP,NCP,3571,15055,data/maharashtra/mumbai/dataverse_IO9SLQ/mumbai_full.tab,data/maharashtra/mumbai/BMC-2007_raw.xlsx
Maharashtra,2007,Mumbai,Brihanmumbai Municipal Corporation,151,Chandivli village (East ),ulb_ward,1,W,0,Chitra Somnath Sangle,SS,SENA,3117,10978,data/maharashtra/mumbai/dataverse_IO9SLQ/mumbai_full.tab,data/maharashtra/mumbai/BMC-2007_raw.xlsx
Maharashtra,2007,Mumbai,Brihanmumbai Municipal Corporation,152,Mohili Village,ulb_ward,0,,0,Komal Kamalakar Jamsandekar,RPI(A),RPI(A),5338,15667,data/maharashtra/mumbai/dataverse_IO9SLQ/mumbai_full.tab,data/maharashtra/mumbai/BMC-2007_raw.xlsx
Maharashtra,2007,Mumbai,Brihanmumbai Municipal Corporation,153,Kajupada Hill - Asalpe Village,ulb_ward,0,,0,Harish Chandan Shukla,SS,SENA,4083,13729,data/maharashtra/mumbai/dataverse_IO9SLQ/mumbai_full.tab,data/maharashtra/mumbai/BMC-2007_raw.xlsx
Maharashtra,2007,Mumbai,Brihanmumbai Municipal Corporation,154,Kamani Industries - Saki Naka,ulb_ward,1,W,0,Shaila Dilip Lande,MNS,MNS,7621,16790,data/maharashtra/mumbai/dataverse_IO9SLQ/mumbai_full.tab,data/maharashtra/mumbai/BMC-2007_raw.xlsx
Maharashtra,2007,Mumbai,Brihanmumbai Municipal Corporation,155,Jari Mari,ulb_ward,0,,0,Shivkilandu Annamalai,INC,CONG,5953,15718,data/maharashtra/mumbai/dataverse_IO9SLQ/mumbai_full.tab,data/maharashtra/mumbai/BMC-2007_raw.xlsx
Maharashtra,2007,Mumbai,Brihanmumbai Municipal Corporation,156,Home Guard Training Center,ulb_ward,0,,0,Sitaram Shivnaresh Tiwari,BJP,BJP,6361,16975,data/maharashtra/mumbai/dataverse_IO9SLQ/mumbai_full.tab,data/maharashtra/mumbai/BMC-2007_raw.xlsx
Maharashtra,2007,Mumbai,Brihanmumbai Municipal Corporation,157,Wadia Estate - Hall Village - Premuer Automobiles,ulb_ward,0,,0,Rajhans Singh D Singh,INC,CONG,5580,20456,data/maharashtra/mumbai/dataverse_IO9SLQ/mumbai_full.tab,data/maharashtra/mumbai/BMC-2007_raw.xlsx
Maharashtra,2007,Mumbai,Brihanmumbai Municipal Corporation,158,Kurla Village - Dayanand Vidyalaya,ulb_ward,0,,0,Narayan Janu Pawar,IND,IND,3973,16687,data/maharashtra/mumbai/dataverse_IO9SLQ/mumbai_full.tab,data/maharashtra/mumbai/BMC-2007_raw.xlsx
Maharashtra,2007,Mumbai,Brihanmumbai Municipal Corporation,159,Vinbha Bhave Nagar,ulb_ward,1,W,0,Shazia Aslam Azmi,SP,SP,6030,13270,data/maharashtra/mumbai/dataverse_IO9SLQ/mumbai_full.tab,data/maharashtra/mumbai/BMC-2007_raw.xlsx
Maharashtra,2007,Mumbai,Brihanmumbai Municipal Corporation,160,Kurla Terminus - Kamgar Nagar,ulb_ward,0,,0,Shantaram Dattaram Nail,SS,SENA,5378,18294,data/maharashtra/mumbai/dataverse_IO9SLQ/mumbai_full.tab,data/maharashtra/mumbai/BMC-2007_raw.xlsx
Maharashtra,2007,Mumbai,Brihanmumbai Municipal Corporation,161,Shikshak Nagar,ulb_ward,0,,0,bdul Rashid Mohamed Islam Mali,NCP,NCP,4287,15598,data/maharashtra/mumbai/dataverse_IO9SLQ/mumbai_full.tab,data/maharashtra/mumbai/BMC-2007_raw.xlsx
Maharashtra,2007,Mumbai,Brihanmumbai Municipal Corporation,162,Nehru Nagar - Bhabha Hospital - Takia,ulb_ward,0,,0,Anuradha Mahesh Pednekar,SS,SENA,5331,17538,data/maharashtra/mumbai/dataverse_IO9SLQ/mumbai_full.tab,data/maharashtra/mumbai/BMC-2007_raw.xlsx
Maharashtra,2007,Mumbai,Brihanmumbai Municipal Corporation,163,Kasai Wada - Everard Nagar,ulb_ward,0,,0,Rajendra Ramakant Lad,MNS,MNS,5578,16574,data/maharashtra/mumbai/dataverse_IO9SLQ/mumbai_full.tab,data/maharashtra/mumbai/BMC-2007_raw.xlsx
Maharashtra,2007,Mumbai,Brihanmumbai Municipal Corporation,164,Swadeshi Mill - Eye Hospital,ulb_ward,1,W,0,Vidya Bhaskar Bhoir,SS,SENA,5747,17567,data/maharashtra/mumbai/dataverse_IO9SLQ/mumbai_full.tab,data/maharashtra/mumbai/BMC-2007_raw.xlsx
Maharashtra,2007,Mumbai,Brihanmumbai Municipal Corporation,165,Pratiksha Nagar - Sion,ulb_ward,0,,0,Mangesh S Satamkar,SS,SENA,6420,14054,data/maharashtra/mumbai/dataverse_IO9SLQ/mumbai_full.tab,data/maharashtra/mumbai/BMC-2007_raw.xlsx
Maharashtra,2007,Mumbai,Brihanmumbai Municipal Corporation,166,Salt Pans - Sion Transit camp,ulb_ward,0,,0,Ravi K Raja,INC,CONG,7664,19064,data/maharashtra/mumbai/dataverse_IO9SLQ/mumbai_full.tab,data/maharashtra/mumbai/BMC-2007_raw.xlsx
Maharashtra,2007,Mumbai,Brihanmumbai Municipal Corporation,167,Lokmanya Tilak Hospital - Shanmukhanand Hall,ulb_ward,0,,0,Upendra P Doshi,INC,CONG,5033,17166,data/maharashtra/mumbai/dataverse_IO9SLQ/mumbai_full.tab,data/maharashtra/mumbai/BMC-2007_raw.xlsx
Maharashtra,2007,Mumbai,Brihanmumbai Municipal Corporation,168,Rawli Hill,ulb_ward,1,W,0,Harwindarkaur J Maniktala,INC,CONG,6606,15874,data/maharashtra/mumbai/dataverse_IO9SLQ/mumbai_full.tab,data/maharashtra/mumbai/BMC-2007_raw.xlsx
Maharashtra,2007,Mumbai,Brihanmumbai Municipal Corporation,169,C.G.S. Colony - Sector 7,ulb_ward,1,W,0,Shraddha S Jadhav,SS,SENA,4339,13391,data/maharashtra/mumbai/dataverse_IO9SLQ/mumbai_full.tab,data/maharashtra/mumbai/BMC-2007_raw.xlsx
Maharashtra,2007,Mumbai,Brihanmumbai Municipal Corporation,170,C.G.S. Colony - Antop -  Hill,ulb_ward,0,,0,Niyaz A Vanu,NCP,NCP,4964,15787,data/maharashtra/mumbai/dataverse_IO9SLQ/mumbai_full.tab,data/maharashtra/mumbai/BMC-2007_raw.xlsx
Maharashtra,2007,Mumbai,Brihanmumbai Municipal Corporation,171,Sangam Nagar,ulb_ward,1,W,0,Faridabanu A A Darji,SP,SP,2719,10585,data/maharashtra/mumbai/dataverse_IO9SLQ/mumbai_full.tab,data/maharashtra/mumbai/BMC-2007_raw.xlsx
Maharashtra,2007,Mumbai,Brihanmumbai Municipal Corporation,172,Korba Mithagar - Wadala Saltpans,ulb_ward,1,W,0,Presila A Kadam,INC,CONG,6374,21009,data/maharashtra/mumbai/dataverse_IO9SLQ/mumbai_full.tab,data/maharashtra/mumbai/BMC-2007_raw.xlsx
Maharashtra,2007,Mumbai,Brihanmumbai Municipal Corporation,173,Lepers' Home - B.P.T. Hospital Colony,ulb_ward,0,,0,Hemant U Doke,SS,SENA,3639,14208,data/maharashtra/mumbai/dataverse_IO9SLQ/mumbai_full.tab,data/maharashtra/mumbai/BMC-2007_raw.xlsx
Maharashtra,2007,Mumbai,Brihanmumbai Municipal Corporation,174,Hindu Colony - Parsi Colony,ulb_ward,0,,0,Raghunath D Thawai,INC,CONG,6964,16862,data/maharashtra/mumbai/dataverse_IO9SLQ/mumbai_full.tab,data/maharashtra/mumbai/BMC-2007_raw.xlsx
Maharashtra,2007,Mumbai,Brihanmumbai Municipal Corporation,175,Mahim Kala Killa,ulb_ward,1,W,0,Parubai Dattu Katke,BSP,BSP,5259,12914,data/maharashtra/mumbai/dataverse_IO9SLQ/mumbai_full.tab,data/maharashtra/mumbai/BMC-2007_raw.xlsx
Maharashtra,2007,Mumbai,Brihanmumbai Municipal Corporation,176,Dharavi - Transit Camp,ulb_ward,0,,0,Naresh Pehalwan Mane,INC,CONG,663,17264,data/maharashtra/mumbai/dataverse_IO9SLQ/mumbai_full.tab,data/maharashtra/mumbai/BMC-2007_raw.xlsx
Maharashtra,2007,Mumbai,Brihanmumbai Municipal Corporation,177,Kakkaiyadevi Tampl (Dharavi)Khambadevi Nagar-Mukund Naga,ulb_ward,1,W,0,Sunanda Rajendra Suryawanshi,SS,SENA,9369,16679,data/maharashtra/mumbai/dataverse_IO9SLQ/mumbai_full.tab,data/maharashtra/mumbai/BMC-2007_raw.xlsx
Maharashtra,2007,Mumbai,Brihanmumbai Municipal Corporation,178,Western India Tanneries,ulb_ward,0,,0,Mahendra Shivdas Shinde,INC,CONG,7029,18025,data/maharashtra/mumbai/dataverse_IO9SLQ/mumbai_full.tab,data/maharashtra/mumbai/BMC-2007_raw.xlsx
Maharashtra,2007,Mumbai,Brihanmumbai Municipal Corporation,179,Mahim Sonapur - Labour Camp,ulb_ward,0,,0,Hanumanta Sayappa Nandepalli,INC,CONG,4566,16838,data/maharashtra/mumbai/dataverse_IO9SLQ/mumbai_full.tab,data/maharashtra/mumbai/BMC-2007_raw.xlsx
Maharashtra,2007,Mumbai,Brihanmumbai Municipal Corporation,180,Estrella  Batteries Co. - Rajeshri Shahu Nagar,ulb_ward,1,W,0,Mangala Vishnu Gaikwad,INC,CONG,5766,12623,data/maharashtra/mumbai/dataverse_IO9SLQ/mumbai_full.tab,data/maharashtra/mumbai/BMC-2007_raw.xlsx
Maharashtra,2007,Mumbai,Brihanmumbai Municipal Corporation,181,Mahim Fort - Mahim Police Quarters ( Mahim Creek ),ulb_ward,0,,0,Santosh Bhagwan Parab,SS,SENA,5929,17610,data/maharashtra/mumbai/dataverse_IO9SLQ/mumbai_full.tab,data/maharashtra/mumbai/BMC-2007_raw.xlsx
Maharashtra,2007,Mumbai,Brihanmumbai Municipal Corporation,182,Shitaladevi Temple - Hinduja Hospital,ulb_ward,1,W,0,Meena Shripat Desai,INC,CONG,6577,18183,data/maharashtra/mumbai/dataverse_IO9SLQ/mumbai_full.tab,data/maharashtra/mumbai/BMC-2007_raw.xlsx
Maharashtra,2007,Mumbai,Brihanmumbai Municipal Corporation,183,Ruparel Collage - Matunga Workshop,ulb_ward,0,,0,Ajit Govind Pandit,SS,SENA,8698,24078,data/maharashtra/mumbai/dataverse_IO9SLQ/mumbai_full.tab,data/maharashtra/mumbai/BMC-2007_raw.xlsx
Maharashtra,2007,Mumbai,Brihanmumbai Municipal Corporation,184,Kamgar Krida Kendra - Dadar Railway Station,ulb_ward,0,,0,Snehal Sudhir Jadhav,SS,SENA,8200,20887,data/maharashtra/mumbai/dataverse_IO9SLQ/mumbai_full.tab,data/maharashtra/mumbai/BMC-2007_raw.xlsx
Maharashtra,2007,Mumbai,Brihanmumbai Municipal Corporation,185,Ravindra Natya Mandir - Shivaji park,ulb_ward,0,,0,Pravin Narayan Devhare,SS,SENA,9607,24764,data/maharashtra/mumbai/dataverse_IO9SLQ/mumbai_full.tab,data/maharashtra/mumbai/BMC-2007_raw.xlsx
Maharashtra,2007,Mumbai,Brihanmumbai Municipal Corporation,186,S.T. Depot - Western Railway Workshop,ulb_ward,0,,0,Manohar Laxmi Kambli,SS,SENA,7891,19406,data/maharashtra/mumbai/dataverse_IO9SLQ/mumbai_full.tab,data/maharashtra/mumbai/BMC-2007_raw.xlsx
Maharashtra,2007,Mumbai,Brihanmumbai Municipal Corporation,187,T.V. Center - Prabhadevi,ulb_ward,1,W,0,Jyoti Laxman Bhosle,SS,SENA,7295,15638,data/maharashtra/mumbai/dataverse_IO9SLQ/mumbai_full.tab,data/maharashtra/mumbai/BMC-2007_raw.xlsx
Maharashtra,2007,Mumbai,Brihanmumbai Municipal Corporation,188,Worli Village,ulb_ward,0,,0,Sanjay Gulabrao Agaldare,SS,SENA,8198,18314,data/maharashtra/mumbai/dataverse_IO9SLQ/mumbai_full.tab,data/maharashtra/mumbai/BMC-2007_raw.xlsx
Maharashtra,2007,Mumbai,Brihanmumbai Municipal Corporation,189,Worli Dairy - Sasmira,ulb_ward,0,,0,Madhukar Rajaram Dalvi,SS,SENA,5686,15044,data/maharashtra/mumbai/dataverse_IO9SLQ/mumbai_full.tab,data/maharashtra/mumbai/BMC-2007_raw.xlsx
Maharashtra,2007,Mumbai,Brihanmumbai Municipal Corporation,190,Woli B. D. D. Chawls,ulb_ward,0,,0,Jagdish Harishchandra Sawant,SS,SENA,5732,19453,data/maharashtra/mumbai/dataverse_IO9SLQ/mumbai_full.tab,data/maharashtra/mumbai/BMC-2007_raw.xlsx
Maharashtra,2007,Mumbai,Brihanmumbai Municipal Corporation,191,Gandhi Nagar- Dawn Mills,ulb_ward,0,,0,Ashish Ramnath Chemburkar,SS,SENA,10326,21198,data/maharashtra/mumbai/dataverse_IO9SLQ/mumbai_full.tab,data/maharashtra/mumbai/BMC-2007_raw.xlsx
Maharashtra,2007,Mumbai,Brihanmumbai Municipal Corporation,192,Mahalaxmi Race course - Nehru Planetorium,ulb_ward,0,,0,Parshuram Dattatraya Desai,IND,IND,3541,14063,data/maharashtra/mumbai/dataverse_IO9SLQ/mumbai_full.tab,data/maharashtra/mumbai/BMC-2007_raw.xlsx
Maharashtra,2007,Mumbai,Brihanmumbai Municipal Corporation,193,Shati Nagar - Arthur Road Jail,ulb_ward,0,,0,handrakant Ramchandra Pugaonk,BJP,BJP,4642,14375,data/maharashtra/mumbai/dataverse_IO9SLQ/mumbai_full.tab,data/maharashtra/mumbai/BMC-2007_raw.xlsx
Maharashtra,2007,Mumbai,Brihanmumbai Municipal Corporation,194,Parel B.D.D. Chawls,ulb_ward,0,,0,Sunil Govind Shinde,SS,SENA,11474,20624,data/maharashtra/mumbai/dataverse_IO9SLQ/mumbai_full.tab,data/maharashtra/mumbai/BMC-2007_raw.xlsx
Maharashtra,2007,Mumbai,Brihanmumbai Municipal Corporation,195,Ranjeet Studio - Naigaum B.D.D. Chawls,ulb_ward,1,W,0,Shakuntala P Mane,INC,CONG,8092,20342,data/maharashtra/mumbai/dataverse_IO9SLQ/mumbai_full.tab,data/maharashtra/mumbai/BMC-2007_raw.xlsx
Maharashtra,2007,Mumbai,Brihanmumbai Municipal Corporation,196,Naigaum Police Parade Ground - B.P.T. Hospital,ulb_ward,0,,0,Sunil V More,INC,CONG,6681,19618,data/maharashtra/mumbai/dataverse_IO9SLQ/mumbai_full.tab,data/maharashtra/mumbai/BMC-2007_raw.xlsx
Maharashtra,2007,Mumbai,Brihanmumbai Municipal Corporation,197,Mahatma Gandhi colony - Bhoiwada,ulb_ward,1,W,0,Pravaati K Gorivale,SS,SENA,8985,22747,data/maharashtra/mumbai/dataverse_IO9SLQ/mumbai_full.tab,data/maharashtra/mumbai/BMC-2007_raw.xlsx
Maharashtra,2007,Mumbai,Brihanmumbai Municipal Corporation,198,India United Mills - Nare Park,ulb_ward,0,,0,Sanjay G Ambole,SS,SENA,10965,24135,data/maharashtra/mumbai/dataverse_IO9SLQ/mumbai_full.tab,data/maharashtra/mumbai/BMC-2007_raw.xlsx
Maharashtra,2007,Mumbai,Brihanmumbai Municipal Corporation,199,K.E.M. Hospital - Raj Kamal Studio-Mahatma Gandhi Hospital,ulb_ward,0,,0,Anil K Pawar,SS,SENA,10652,22317,data/maharashtra/mumbai/dataverse_IO9SLQ/mumbai_full.tab,data/maharashtra/mumbai/BMC-2007_raw.xlsx
Maharashtra,2007,Mumbai,Brihanmumbai Municipal Corporation,200,Veternary Hospital - Abhudaya nagar,ulb_ward,0,,0,Dilip G Shinde,SS,SENA,10466,23285,data/maharashtra/mumbai/dataverse_IO9SLQ/mumbai_full.tab,data/maharashtra/mumbai/BMC-2007_raw.xlsx
Maharashtra,2007,Mumbai,Brihanmumbai Municipal Corporation,201,Cotton Green - Sewari Fort,ulb_ward,0,,0,Prakash S Chalke,SS,SENA,6851,17494,data/maharashtra/mumbai/dataverse_IO9SLQ/mumbai_full.tab,data/maharashtra/mumbai/BMC-2007_raw.xlsx
Maharashtra,2007,Mumbai,Brihanmumbai Municipal Corporation,202,Veer Jijamata Udyan - Ghodapdeo - Mazgaon Docks ( North ),ulb_ward,0,,0,Mangesh Gangadhar Bansod,NCP,NCP,4346,17251,data/maharashtra/mumbai/dataverse_IO9SLQ/mumbai_full.tab,data/maharashtra/mumbai/BMC-2007_raw.xlsx
Maharashtra,2007,Mumbai,Brihanmumbai Municipal Corporation,203,Kasturba Hospital - India United Mills,ulb_ward,0,,0,Ramakant Sakharam Rahate,SS,SENA,5484,21006,data/maharashtra/mumbai/dataverse_IO9SLQ/mumbai_full.tab,data/maharashtra/mumbai/BMC-2007_raw.xlsx
Maharashtra,2007,Mumbai,Brihanmumbai Municipal Corporation,204,Byculla Railway Station - Muncipal Housing Quarters,ulb_ward,1,W,0,Vandana Pradeep Gawli,ABS,ABS,11868,16437,data/maharashtra/mumbai/dataverse_IO9SLQ/mumbai_full.tab,data/maharashtra/mumbai/BMC-2007_raw.xlsx
Maharashtra,2007,Mumbai,Brihanmumbai Municipal Corporation,205,Nair hospital - Byculla Fire Brigade,ulb_ward,1,W,0,Geeta Arun Gawli,ABS,ABS,8588,15505,data/maharashtra/mumbai/dataverse_IO9SLQ/mumbai_full.tab,data/maharashtra/mumbai/BMC-2007_raw.xlsx
Maharashtra,2007,Mumbai,Brihanmumbai Municipal Corporation,206,Mazgaon Court - Madanpura,ulb_ward,1,W,0,Afrin Faiyaz Ahmed Khan,INC,CONG,5948,16403,data/maharashtra/mumbai/dataverse_IO9SLQ/mumbai_full.tab,data/maharashtra/mumbai/BMC-2007_raw.xlsx
Maharashtra,2007,Mumbai,Brihanmumbai Municipal Corporation,207,Anjirwadi - Dockyard - Mazgaon Docks ( South ),ulb_ward,0,,0,Yashwant Kamlakar Jadhav,SS,SENA,4845,15250,data/maharashtra/mumbai/dataverse_IO9SLQ/mumbai_full.tab,data/maharashtra/mumbai/BMC-2007_raw.xlsx
Maharashtra,2007,Mumbai,Brihanmumbai Municipal Corporation,208,Mastan Tank - J.J. Hospital - Vikrikar Bhavan,ulb_ward,1,W,0,Rabia Iqbal Shaikh,INC,CONG,5001,15607,data/maharashtra/mumbai/dataverse_IO9SLQ/mumbai_full.tab,data/maharashtra/mumbai/BMC-2007_raw.xlsx
Maharashtra,2007,Mumbai,Brihanmumbai Municipal Corporation,209,Kamathipura,ulb_ward,0,,0,Amin Amir ali Patel,INC,CONG,4997,15678,data/maharashtra/mumbai/dataverse_IO9SLQ/mumbai_full.tab,data/maharashtra/mumbai/BMC-2007_raw.xlsx
Maharashtra,2007,Mumbai,Brihanmumbai Municipal Corporation,210,Bellasis Chawls - Navjivan Society,ulb_ward,1,W,0,Anahita R Mehta,INC,CONG,10232,15690,data/maharashtra/mumbai/dataverse_IO9SLQ/mumbai_full.tab,data/maharashtra/mumbai/BMC-2007_raw.xlsx
Maharashtra,2007,Mumbai,Brihanmumbai Municipal Corporation,211,Welington Sports Club - Bhatia Hospital,ulb_ward,0,,0,Bhavana D Koli,INC,CONG,6047,17071,data/maharashtra/mumbai/dataverse_IO9SLQ/mumbai_full.tab,data/maharashtra/mumbai/BMC-2007_raw.xlsx
Maharashtra,2007,Mumbai,Brihanmumbai Municipal Corporation,212,Mahalaxmi - Condition market - Oomar Park,ulb_ward,0,,0,Arvind J Bane,BJP,BJP,10819,23205,data/maharashtra/mumbai/dataverse_IO9SLQ/mumbai_full.tab,data/maharashtra/mumbai/BMC-2007_raw.xlsx
Maharashtra,2007,Mumbai,Brihanmumbai Municipal Corporation,213,Priya Darshni gardan - August Kranti Maidan,ulb_ward,1,W,0,Yogeeta A Singh,BJP,BJP,3113,8593,data/maharashtra/mumbai/dataverse_IO9SLQ/mumbai_full.tab,data/maharashtra/mumbai/BMC-2007_raw.xlsx
Maharashtra,2007,Mumbai,Brihanmumbai Municipal Corporation,214,Kamala Nehru Park - Raj Bhavan,ulb_ward,0,,0,Pramod M Mandrekar,INC,CONG,7336,14963,data/maharashtra/mumbai/dataverse_IO9SLQ/mumbai_full.tab,data/maharashtra/mumbai/BMC-2007_raw.xlsx
Maharashtra,2007,Mumbai,Brihanmumbai Municipal Corporation,215,Prarthana Samaj - Opera House,ulb_ward,1,W,0,Minal P Juwatkar,SS,SENA,10117,19344,data/maharashtra/mumbai/dataverse_IO9SLQ/mumbai_full.tab,data/maharashtra/mumbai/BMC-2007_raw.xlsx
Maharashtra,2007,Mumbai,Brihanmumbai Municipal Corporation,216,Harikisandas N. Hospital - Khetwadi,ulb_ward,1,W,0,Kokilaben A Parmar,BJP,BJP,5305,15766,data/maharashtra/mumbai/dataverse_IO9SLQ/mumbai_full.tab,data/maharashtra/mumbai/BMC-2007_raw.xlsx
Maharashtra,2007,Mumbai,Brihanmumbai Municipal Corporation,217,Durgadevi Udyan - Madhav Baug - Bhuleshwar,ulb_ward,0,,0,Vijay A Vashirde,SS,SENA,4417,14491,data/maharashtra/mumbai/dataverse_IO9SLQ/mumbai_full.tab,data/maharashtra/mumbai/BMC-2007_raw.xlsx
Maharashtra,2007,Mumbai,Brihanmumbai Municipal Corporation,218,Chandanwadi - Chirabazar - Gymkhanas,ulb_ward,1,W,0,Vishakha V Pednekar,SS,SENA,7797,15938,data/maharashtra/mumbai/dataverse_IO9SLQ/mumbai_full.tab,data/maharashtra/mumbai/BMC-2007_raw.xlsx
Maharashtra,2007,Mumbai,Brihanmumbai Municipal Corporation,219,Mumbadevi - Mulji Jetha Market - Dhobi Talao,ulb_ward,0,,0,Janak J Sanghavi,BJP,BJP,5791,13269,data/maharashtra/mumbai/dataverse_IO9SLQ/mumbai_full.tab,data/maharashtra/mumbai/BMC-2007_raw.xlsx
Maharashtra,2007,Mumbai,Brihanmumbai Municipal Corporation,220,Khara Talao - Nul Bazar - Ghoghari Mohalla,ulb_ward,1,W,0,Gulshan S Chouhan,NCP,NCP,4954,12034,data/maharashtra/mumbai/dataverse_IO9SLQ/mumbai_full.tab,data/maharashtra/mumbai/BMC-2007_raw.xlsx
Maharashtra,2007,Mumbai,Brihanmumbai Municipal Corporation,221,Imamwada - Dongari,ulb_ward,0,,0,Dnyanraj Yeshwant Nikam,INC,CONG,4868,14890,data/maharashtra/mumbai/dataverse_IO9SLQ/mumbai_full.tab,data/maharashtra/mumbai/BMC-2007_raw.xlsx
Maharashtra,2007,Mumbai,Brihanmumbai Municipal Corporation,222,Bengalipura - Princess Dock,ulb_ward,0,,0,Mohd. Ikhlaq Mohd. Ishaq Ansari,INC,CONG,4469,9651,data/maharashtra/mumbai/dataverse_IO9SLQ/mumbai_full.tab,data/maharashtra/mumbai/BMC-2007_raw.xlsx
Maharashtra,2007,Mumbai,Brihanmumbai Municipal Corporation,223,Musafir Khana - Victoria Docks,ulb_ward,1,W,0,Waqarunnissa Zahid Husain Ansar,INC,CONG,5395,12694,data/maharashtra/mumbai/dataverse_IO9SLQ/mumbai_full.tab,data/maharashtra/mumbai/BMC-2007_raw.xlsx
Maharashtra,2007,Mumbai,Brihanmumbai Municipal Corporation,224,Mahatma Phule Market - Churchgate - Museum - Indira docks,ulb_ward,1,W,0,Vijaya Kantilal Dhulla,INC,CONG,5799,12363,data/maharashtra/mumbai/dataverse_IO9SLQ/mumbai_full.tab,data/maharashtra/mumbai/BMC-2007_raw.xlsx
Maharashtra,2007,Mumbai,Brihanmumbai Municipal Corporation,225,Brabourn Stadium - Colaba Market - Gateway of india,ulb_ward,0,,0,Vinod Shekhar,INC,CONG,5644,12952,data/maharashtra/mumbai/dataverse_IO9SLQ/mumbai_full.tab,data/maharashtra/mumbai/BMC-2007_raw.xlsx
Maharashtra,2007,Mumbai,Brihanmumbai Municipal Corporation,226,Sasoon Docks - World Trade Center - Geeta Nagar,ulb_ward,0,,0,Geetabhai Chhedilal Kanijiya,INC,CONG,4315,14745,data/maharashtra/mumbai/dataverse_IO9SLQ/mumbai_full.tab,data/maharashtra/mumbai/BMC-2007_raw.xlsx
Maharashtra,2007,Mumbai,Brihanmumbai Municipal Corporation,227,R.C. Church - Colaba Dandi - Navy Nagar,ulb_ward,1,W,0,Prema Vijay Singh,INC,CONG,1110,3145,data/maharashtra/mumbai/dataverse_IO9SLQ/mumbai_full.tab,data/maharashtra/mumbai/BMC-2007_raw.xlsx
