wardyear_num,rd_bad_patch_potholes,ws_burst_water_main_lines,bld_change_user_res_comm,strm_cleaning_of_open_swd,drain_cleaning_of_septic_tank,strm_cleaning_water_entrance,strm_cleaning_removal_of_silt,swm_clean_rep_block_channels,swm_collection_pt_not_attend,misc_complaints_miscellenous,ws_contaminated_water_supply,rd_digging_of_roads,drain_drainage_choke_blockage,gdn_fallen_tree_on_road,strm_flooding_during_monsoon,pst_fogging,swm_gbg_lorry_not_report_cove,swm_gbg_not_lifted_gully,swm_gbg_not_lifted_mun_market,swm_gbg_not_lifted_from_road,encr_hawkers,bld_heavy_leakage_from_ceiling,heal_birth_deat_cert_issue,ws_leaks_in_water_lines_meter,gdn_lifting_of_tree_cutting,mun_maint_municipal_property,mun_major_repairs_to_mun_prop,mun_minor_repairs_to_mun_prop,pst_mosquito_nuisance,encr_municipal_colony_slum,encr_municipal_land_foot_swd,encr_municipal_plot,swm_no_attend_public_toilets,swm_non_attend_nuis_detect,ws_non_receipt_water_bills,pst_nuisance_cockroaches,encr_nuisance_due_to_vagrants,pst_nuisance_due_to_white_ants,drain_odour_from_drains,shp_online_renewal_application,shp_open_beyond_permis_hours,bld_other_buildings,misc_others,drain_others_drn,encr_others_ecnr,est_others_estate,lic_others_lic,heal_others_moh,mun_others_rnt,swm_others_swm,ws_others_was,col_others_colony_officer_col,ws_overflow_overhead_tank,drain_overflowing_drn_manhole,bld_perm_temp_monsoon_shed,gdn_perm_for_tree_cutting,encr_private_land_bldg_fact,swm_dustbins,strm_provid_manhole_cover_swd,rd_providing_rd_name_plate,drain_raising_of_manhole,pst_rat_nuisance,rd_reinstatement_of_trenches,rd_relaying_and_repairs_roads,swm_removal_of_dead_animals,swm_removal_of_debris,ws_removal_of_water_meters,strm_repair_damaged_open_swd,rd_repairs_of_road_footpath,drain_repairs_to_pipe_sewers,drain_replacement_manhole,rd_resurfacing_of_road,shp_running_without_license,ws_shortage_of_water_supply,rd_signals,swm_silt_lifted_from_road,rd_speed_breakers,rd_street_lighting,swm_sweeping_of_roads,lic_trade_without_license,gdn_trimming_of_branches,bld_unauth_alteration_bldg,lic_unauth_banners_advt_road,bld_unauth_constr_development,col_unauth_constr_in_slum,est_unauth_constr_reserve_plot,col_unauth_ext_constr,fac_unauth_factory_workshop,lic_unauth_storage_explosives,ws_unauth_tapping_water_conn,pst_unauth_uncov_water_storage,ws_unauth_use_waterchange_user,heal_unauth_food_sell,lic_unauth_stalls_road_foot,lic_unauth_workshop_or_garage,swm_unhygienic_cond_toilets,ws_use_of_booster_pump,castequota_scst,gender_election,genderquota,members,hdi,term,adminward,year,source_path
2013-A,14.625,4,15.5,,,,,,11.142857,19.5,16.111111,,8.5621302,8,,14.9,6.2647059,6.4651163,,7.4166667,16.371429,19.75,4,17.666667,6,5,12.5,19.5,16.555556,,21.708333,20,4.5,10,11.666667,55,,,,,11,30.5,15.5,11.25,19,,13.75,8.375,15.666667,9.0555556,18.2,,,11.42,,7.5,19,4,,,,35.6,,,,9.7,,30,17.548387,9.25,10.583333,,,11.354839,,8.5,,18,7.2727273,17.6,18.5,22.533333,27.1,20.851852,,,,5,,5,,,8,19,25,,13,0.5,0,0.5,4,0.58,2012,A,2013,data/maharashtra/mumbai/dataverse_IO9SLQ/fulldata_reshaped.tab
2013-B,25.333333,,,10,,,,5,7.8333333,,4.4516129,,7.1317829,,,,11.8,10.135135,,6.8484848,38.2,5.1,,4,12,,,,,,22,18,,10.7,,,,,,,15,9.8971963,11.5,11.5,28.545455,,17.5625,24.555556,,9.4159664,5.2520325,,2,6.5833333,,,5.5,,,,,,,,21,9.1428571,,,,,9.75,,6.5,4.7333333,,7.8888889,,,16.777778,23.5,,6.9166667,29,7.754717,,,,,,3.5263158,,2,23,11.333333,,,4,0.3333333,0,0.3333333,3,0.71,2012,B,2013,data/maharashtra/mumbai/dataverse_IO9SLQ/fulldata_reshaped.tab
2013-C,7.6875,3.3333333,,,17.75,9.75,17,,,14.2,9.3137255,,10.114286,,,,12.333333,22.105263,,19.521739,27.318182,,10.333333,8,,11,,,25.8,,17.619048,,11,20.8,4,,,,14.5,,,6,,20.1,28.666667,,,8.6666667,28,23.25,8.1875,,8,19.575,,22,,24,,8,,13,,,,23.25,,,22.166667,19.8,16,,17.2,11.446429,,15.666667,,9,14.333333,,,21,25.25,14.342857,,,,,,7.6666667,,,21,20,,,9.3333333,0.3333333,0,0.5,4,0.89,2012,C,2013,data/maharashtra/mumbai/dataverse_IO9SLQ/fulldata_reshaped.tab
2013-D,25.521739,,16.857143,33,33.5,21,,11,13.9,16.962963,10.238095,,7.4251012,17.705882,,9.5882353,15.875,16.837209,21,16.2,12,17.6875,,6.453125,22.5,18.25,23.333333,19.142857,13,,20.058824,5,,11.916667,6.75,,,18,9,,,18.111702,22.3,19.75,17,,13.785714,28.5,21.714286,17.985163,5.962963,16,4.4,13.567164,,14,16.8,,,,,18.457143,14,,5.5,17.677419,,,24.736842,,11.6,,23,5.4390244,,18.571429,,20.2,25,12.266667,14.8,19.765957,12.794118,18.087912,24,,,23,,5.4,,4,33.75,17.705882,16.25,,7.5,0,0,0.2857143,7,0.96,2012,D,2013,data/maharashtra/mumbai/dataverse_IO9SLQ/fulldata_reshaped.tab
2013-E,23.428571,26.2,12,,5,,,11,20,9,12.375,,4.875,,,12.851064,13,14.851852,,12.222222,25.384615,19,,15.857143,14.5,12.333333,,,15.858824,,31,,,8.7142857,,14,,46,16.5,,38,29.111111,20.333333,24,60,,,,,13.721311,15.1,,22,12.948276,32,22,35.8,15.5,,,,14.673077,,,,15.583333,,,34.25,4,15.944444,,58,14.857143,,18.25,,,21,,17.666667,29.615385,27,29.858974,,,,25,,16.105263,,11.333333,,,,,9.5,0.25,0,0.375,8,0.54,2012,E,2013,data/maharashtra/mumbai/dataverse_IO9SLQ/fulldata_reshaped.tab
2013-FN,9.25,10,,20.25,18,32,,,16.5,28,24.666667,,6.9398907,,15,29.1,31.454545,26.833333,,22.041667,36.133333,16,,12.625,,,,,22.05,,27,,19,18.25,,,,,,,,17.666667,10,28.5,14,,,,,19.5,19.666667,,32,15.947368,,14,5,25.333333,,,,30.428571,,,,18.166667,,,25.5,23,10,,,21.4,,36,,30,17.866667,,30,8,7.75,17,,,,,,23.230769,,35,,,,,,0.3333333,0,0.6,10,0.41,2012,FN,2013,data/maharashtra/mumbai/dataverse_IO9SLQ/fulldata_reshaped.tab
2013-FS,19.142857,,38.745,24,12,25,,,3,22,10.25,,8.4233113,,,21.5625,30.8,6,,12.4,65.162791,,,13.699333,9.3333333,17,,,20.133333,,20.1875,,,10,,20,,,37,,24,41.5,22.25,18,22.4,,,33,24,29.285714,7,11,,9.9840625,,,37,,,,,14.166667,,,,14,,,25.25,8.5,4.7333333,,18,21.298,,8,,,,,,32.125,13.106429,25.055556,,,,,,38.5,,11,,33.75,,,18,0.4285714,0,0.5714286,7,0.67,2012,FS,2013,data/maharashtra/mumbai/dataverse_IO9SLQ/fulldata_reshaped.tab
2013-GN,9.5588235,3.5,9,10.333333,17.428571,12.5,13,,11.714286,33,15.764706,,9.4122449,37.333333,21,15,9.3571429,14.277778,,15.6875,25.956522,32,9,7.3043478,17.4375,,16,15,15.016949,,18.636364,11,6,12.678571,5.25,4,,,13.5,,5.25,22.166667,4.6666667,14.125,19.222222,,23,18.2,9.7692308,14.884615,14.571429,,8,13.358025,,15.8,16.833333,12.25,,,,19.5,4,,,12.451613,,16,11.894737,12.666667,19.8,,6.6666667,11.65625,28,7.6666667,3,13.230769,14.947368,9.5555556,28.533333,18.03125,16.585366,20.979167,26,13,,11.363636,50,9.6326531,,8.25,22.769231,26.142857,22.5,,8.4,0.6,0,0.2727273,11,0.49,2012,GN,2013,data/maharashtra/mumbai/dataverse_IO9SLQ/fulldata_reshaped.tab
2013-GS,19.444444,,40,14,1.75,12,,,2.125,29.333333,9.5,,3.7768116,12,18,33.117647,2.1,1.6,2,1.5384615,41.5,,15,19.166667,2.1538462,,8,,28.125,,21.642857,19.769231,2.5,1.9090909,27,,,,17.5,4,4.5,27.428571,12,19,37.5,,,21.25,19.142857,2.3333333,9,,6,9.3333333,21,15.666667,6,2,,,,34,15,,,2.1666667,,,26,12,5.5,,5.8,12.166667,,2,12,6,2.4,,15.333333,21.928571,46.444444,24.014085,,,,,,21.5,,,15.4,23.222222,41.5,,,0.4444444,0,0.7777778,9,0.66,2012,GS,2013,data/maharashtra/mumbai/dataverse_IO9SLQ/fulldata_reshaped.tab
2013-HE,15.714286,10,,,24,,,,17,7,9.9047619,,4.9635036,,,13.666667,16.666667,44.5,,28.555556,28.518519,,14,10.666667,13,,,,23,,,,,,17,,,8,,,13,35,14.5,,14.5,,,24,34,18.333333,10.625,,,9.75,,,,15,,,,21,,,,34.5,,,,,,,20,12,,,,,29,,,17.8,26.96,31.25,,,,,,20.909091,,11,25,22.5,,,19,0.3636364,0,0.5454546,11,0.47,2012,HE,2013,data/maharashtra/mumbai/dataverse_IO9SLQ/fulldata_reshaped.tab
2013-HW,13.297297,7,11.333333,15,10.333333,18.5,22.25,35,9.6666667,28.6,12.761905,,7.4856322,5,18.25,20.846154,11.4,13.25,,16.296296,44.8,18.4,,7.9473684,18.111111,29,18.666667,39,24.909091,,15.076923,18,24,11.1,6,,,,15.333333,,,14.5,18,7.6666667,58,,,55,16.142857,23.571429,19.5,,8,17.647059,,25,21.111111,24.666667,,,8,23,,,,15.4,,35,20.368421,26.714286,20.25,,41,12.259259,,22,27.333333,22.285714,16.2,,22,15.27027,53,17.378947,,,,13.75,15,15.076923,,11,46,34.8,,,7.8,0.4,0,0.6666667,6,0.68,2012,HW,2013,data/maharashtra/mumbai/dataverse_IO9SLQ/fulldata_reshaped.tab
2013-KE,17.758621,22.166667,22.3,20.75,25.541667,20.857143,15.7,18.5,24,12.75,16.090909,,8.4182306,,13.769231,11.679245,14.217391,23.8,,15.753623,12.595745,12.6,14,15.195652,12.222222,17,19,21,10.481013,,25.688525,10.111111,33.5,23.45,9,2,,18.857143,25.25,18,28.8,14.769231,19.470588,20.222222,22.625,,19.5,6,21.4,23.416667,14.5,,15,16.858407,3,,16,19.916667,,5.5,,8.8666667,7,,12,20.2,9.5,,22.5,9,21.4375,,12,16.564516,4,20.666667,16.714286,24.333333,19.666667,21.777778,14.4,16.145833,16.692308,16.611549,8,,,11,19,20.361111,,,5.2857143,17.862069,15.928571,,15.5,0.2,0,0.7333333,15,0.67,2012,KE,2013,data/maharashtra/mumbai/dataverse_IO9SLQ/fulldata_reshaped.tab
2013-KW,9,7.6666667,9.5,16,33,,,,10.166667,27.647059,20.923077,,3.3454834,,,23.566667,14.333333,23.333333,14,17.5,27.5,6.6666667,,13.413793,15.666667,21.5,,,22.282609,,21,37,9,7.5714286,29.666667,18,,29,26,,,13.285714,8,30.5,16,,,,,8.5,14.541667,,21.6,5.6315789,6,,14.6,,,,,27.4,,,,9.25,,,41,,3,,28.5,19.611111,,,,29,5.3333333,,,11.354839,11.25,18.963636,5,,,28.5,,22.25,,7.8333333,,,,,15.333333,0.25,0,0.3846154,13,0.66,2012,KW,2013,data/maharashtra/mumbai/dataverse_IO9SLQ/fulldata_reshaped.tab
2013-L,11.133333,20.117647,20.363636,4.5,10.2,10.2,3.8571429,24,23.333333,22.942639,11.7,,7.2129187,12.8,,22.052632,15.375,16.75,12,16.424658,21.781022,42,24.666667,18.927374,20.857143,4,,,28.722222,38,11.272727,,19.5,20.461538,5.5,,,41.375,14,,15.5,28.434214,22.081818,5.7878788,24.25,28.826087,20.458753,25.689474,8.4171627,19.643162,19.66561,19.44,16,7.6754386,,10.849057,32.75,19.55,,,,26.875,21,,25.5,17.222222,13.5,4,9.4,7.6363636,5.9,,10,17.514286,15,21.555556,8.25,8.25,13.090909,19.846154,13.076923,27.88,24.160714,29.309735,17.594595,20.666667,,26.5,27,18.375,,,25.909091,28.708333,27.785714,,30.5,0.2,0,0.6666667,15,0.29,2012,L,2013,data/maharashtra/mumbai/dataverse_IO9SLQ/fulldata_reshaped.tab
2013-ME,10.384615,11.411765,27,11.7,11.823529,6,15.428571,8,10.125,16.770426,8.9782609,,8.5418719,11.5,18,24.1875,9,5.6,,7.6818182,28.725806,21.8,23.5,11.664474,6.5555556,12.818182,8.6,10,27.542857,27,11.47619,10.8125,7.5714286,8.1333333,7.5,57,,29.666667,13.8,,,22.397996,16.113014,12.210526,32.351852,14.625906,28.821229,31.066427,13.199918,8.3817143,10.090959,26.789292,3,8.1234568,33,10.888889,37,8.7777778,,14.666667,15,15.636364,18,,2.5,10.117647,8,13.333333,15.8125,8.6,10.142857,,20.8,11.784375,5,11.25,13.714286,9.2222222,6.2857143,26.333333,13.814815,24.272727,34.571429,26.225,25.545455,23.333333,27.846154,31.4,,10.655738,,12.636364,18.75,30.807692,29,,14.714286,0.4615385,0,0.3846154,13,0.05,2012,ME,2013,data/maharashtra/mumbai/dataverse_IO9SLQ/fulldata_reshaped.tab
2013-MW,13.212766,3.8461538,14.5,14.142857,15.71875,16,16.2,21,,23.127595,2.9298246,,10.270195,16.25,9.5,16.473684,24,14,,26.333333,16.657143,23,26.367347,3.5914634,23.8,18.5,15.333333,22,17.557692,22.5,18.172414,11,,35,4.4285714,24.25,,19.571429,28,27.166667,24,22.95401,26.979592,14.058824,18.162393,24.30198,26.304487,23.138278,18.560074,25.719512,4.3455108,18.843291,3,20.180328,,17.555556,11,30.2,,,,20.692308,,,,31.333333,4.3333333,23.5,28.384615,26.8,25.142857,,10,4.0981308,,30.2,8,19.8,28,15,25.341463,21.166667,24.055556,21.869565,24.217391,25,14,14.666667,,3.4186047,,8,23.111111,25.142857,39,,,0.1666667,0,0.75,8,0.33,2012,MW,2013,data/maharashtra/mumbai/dataverse_IO9SLQ/fulldata_reshaped.tab
2013-N,19,19.25,8,18.8,19.833333,27.6,,5,7,11,10.088235,,6.4900662,,,16.428571,10.2,5.6,,8.06,12.536364,,,14.888889,13,,,,14.38806,,9,,11.6,8.3333333,,22,,14,25,,,19.333333,4,,7.8181818,,15.25,,,11.75,8.3333333,,,2.8,,,20.5,5.4166667,,,,17.888889,,,3.8,6.7916667,,,,,16,,13,12.875,,10.333333,20,,6.8461538,29.571429,,19.25,16.384615,19.679245,,,,22,38.333333,21.333333,,,,26.888889,8,,,0.1818182,0,0.5,12,0.52,2012,N,2013,data/maharashtra/mumbai/dataverse_IO9SLQ/fulldata_reshaped.tab
2013-PN,20.744898,15,11.846154,12.058824,13.933333,6.75,16.666667,,15.285714,14.96,12.142857,,11.43554,19.571429,18.5,10.242857,12.407407,19.4,19,13.58,15.233766,26.5,,10.510204,14,9,5,10.5,10.96,29,18.630769,8.3333333,,14.307692,5,,,9.5555556,17.428571,,20.5,15.454545,16.733333,14.636364,19.375,,23.25,25.1,18.705882,15.833333,13.565217,24,17.333333,13.483333,,33,14.794118,13.6,,,,9.9259259,15,,18.166667,16.36,,17,19.710526,16.133333,15.327273,,17,16.333333,26,14.555556,18.230769,32,11.928571,18,18.46875,11.653846,8.6410256,16.019347,26.6,21.166667,12.5,19.363636,,13.732143,,16.5,5,23.052632,22,,16.5,0.1333333,0,0.3125,16,0.47,2012,PN,2013,data/maharashtra/mumbai/dataverse_IO9SLQ/fulldata_reshaped.tab
2013-PS,23.258065,13,19.2,25,27.5,29.5,32.833333,15,13.25,11.98,18.333333,,10.954839,,21.166667,23.2,15,14,,16.536585,13.729412,22.875,21,18.322581,20.111111,,,,21.545455,24.333333,21.647059,,,17,34,,,,29,,21,22,18,29.714286,17.428571,,13.1,27.631579,27.285714,29.5,18,,34,19.45283,22.333333,20,24.384615,24,,,,23.625,,,16.285714,15.761905,,45,24.916667,26.4,27.413793,,25.833333,22.444444,,21.263158,13.333333,31.5,21.777778,13.181818,33.166667,20.827586,10.189655,21.441253,23.333333,10.4,8,23,18.333333,24.1,,22,30.111111,11.708333,11.913043,,25,0.5,0,0.625,8,0.59,2012,PS,2013,data/maharashtra/mumbai/dataverse_IO9SLQ/fulldata_reshaped.tab
2013-RC,23.230769,20.5,30,19.75,,15,,,26.4,16.333333,27.310345,,4.0901288,29,,29.85,26.833333,12.75,,23.318182,30.575758,16,18,18.125,27.727273,,,,27.97561,,27.857143,,11,20.75,,31,,21.5,30.5,,54,13.666667,24.5,31.333333,10,,31.5,5.5,54,18.5,28.333333,,,21.733333,24,,10.5,47,,,,36.666667,,,31,33.666667,37,,46.8,46.5,41.142857,,,21.057143,,30.266667,,,15.75,,,13.235294,22.411765,13.452381,,31,,6,,34.333333,,,11,44,,,,0,0,0.6,10,0.84,2012,RC,2013,data/maharashtra/mumbai/dataverse_IO9SLQ/fulldata_reshaped.tab
2013-RN,,7,,,,,,8,,,26.428571,,4.9285714,,,18,4,12.5,,11.714286,22.911765,,18,14.095238,8.3636364,,,,,,,,14,7,35,,,,,,,21,,,28,,,12,,5.25,22,,,5,21,,,16.666667,,,,12,,,,10.7,,,,,,,,9.0588235,,11,,,16.8,,,25,17.9,27.228571,,,,,,19.428571,,,4.4,23,,,7,0.1428571,0,0.5714286,7,0.69,2012,RN,2013,data/maharashtra/mumbai/dataverse_IO9SLQ/fulldata_reshaped.tab
2013-RS,13.352381,25.8,12.8,21.111111,18,16.2,11.333333,16.2,10.166667,24.166667,20.5,,11.702222,16.8,27.333333,17.695652,13.428571,16.096774,4,17.527273,21.796296,13.75,19,19.972222,17.409091,12.5,,5.3333333,21.085714,,19.291139,25.6,14.5,27.846154,5,,,9,23.714286,,,17.333333,15,20.2,22.857143,,35,14.736842,25.09375,16.666667,30.333333,,,13.382353,,14.358209,15,24.5,,6.5,5,14.75,14.666667,,,16.166667,,11.8,15.78125,17.444444,14.060606,,18,15.84,,20.666667,25.636364,18.285714,12.714286,22,14.924324,28.857143,32.510204,15.147541,,,,19,,14.857143,,21,19.444444,35.5,28,,,0.5454546,0,0.4545455,11,0.54,2012,RS,2013,data/maharashtra/mumbai/dataverse_IO9SLQ/fulldata_reshaped.tab
2013-S,14.484848,10.5,,18.8,12.769231,15,28.777778,,33,16.25,11.163265,,12.647059,,13.6,23.0625,,10,,15.75,18.317073,,,13,,,60,,24.470588,,25,16,,6.2,7,64,,66,,,,7,20,17.8,19.7,,,,23.333333,20,8,,12,22.761905,,,29,9,,,,19,,,2,12,5,,27.833333,34.666667,22.375,,24,8.8076923,,4.3333333,40,19.714286,19,7,,17.666667,29,21.775281,,,,12,37.5,11.75,,5,,,38,,,0.4615385,0,0.2307692,13,0.51,2012,S,2013,data/maharashtra/mumbai/dataverse_IO9SLQ/fulldata_reshaped.tab
2013-T,14,7.6666667,,12,11,14.25,13.8,,9,29.230769,7.5,,7.1027397,18,16.75,9,14.333333,12.5,,6.3333333,20.545455,,22.5,11.245614,8.4,18,,,9.65,,16.204545,,,,7.6,,,2,,,7,24,24,,20.5,,39,58,14.8,11.6,8.4444444,,15,9.1875,,,,19.75,,14,,10.111111,,,,19.375,14.5,,13.785714,34,12,,11,10.857143,,15,14,13.25,2.5,45,17.5,,28,15.333333,,,,,49,8.1,,11.333333,,19.333333,22,,17,0.6,0,0.5,6,0.76,2012,T,2013,data/maharashtra/mumbai/dataverse_IO9SLQ/fulldata_reshaped.tab
2014-A,29.207547,7.5,28,,5.3333333,2,,2,3.2592593,25,6.6363636,,3.8922156,53,4.5,39.571429,4.1666667,3.4583333,2.3333333,3.8030303,13.481013,34.125,7.5,10.25,6.5555556,,16,21,31.254237,,20.588235,28,5,3.4615385,7,,,,4.25,,44,28.777778,,5.2,12.125,,8,5.5714286,23.888889,2.95,5.2,,16,4,,34,34,4.106383,,17.5,5,5,,,,2.8965517,5,13,20.575758,7.6666667,6.1428571,,11.333333,6.7179487,46,5.2,19.166667,5.8333333,3.92,22.714286,20.666667,20.956522,19.818182,30.854545,,18,,29,,7.3333333,,,11.666667,20.653846,24.5,,,0.5,0.5,0.5,4,0.58,2012,A,2014,data/maharashtra/mumbai/dataverse_IO9SLQ/fulldata_reshaped.tab
2014-B,34,,17,23,,22,,,13.166667,28.142857,3.9,,26.294118,18,,11.666667,16.090909,13.431034,,15.090909,30.986842,17,2,3.4,13,,33.5,,16.285714,,66.5,,,12.909091,,,,,17.2,,31.666667,14.75,11,16.4,31.666667,,26.166667,,29,11.4,4.2,27.5,5.75,22.289474,39.333333,29,42,9.5714286,,,,22.6,,,,20.736842,7,,,30,34,,11.666667,4.2352941,19,13,,,20,37.555556,28.166667,23,46.5,30.55,,,45.6,,49,3.5454545,,,32,33,,,3.3333333,0.3333333,0.3333333,0.3333333,3,0.71,2012,B,2014,data/maharashtra/mumbai/dataverse_IO9SLQ/fulldata_reshaped.tab
2014-C,26,3,,,,,,10,19,,5.9047619,,20.7,,,,,25.235294,19,17.475,30.2,,24,4.1111111,19,,,,,,28,,53,22.5,,,,,,,26,,,38.5,32,,,18,35,18.571429,5.8571429,,4.6,15.6,,,,25.333333,,,,,,,,30.214286,,,35,,,,21,5.3684211,,26.571429,,9,29.333333,,,,25,,,,,,,6.4,,5,15,,,,8.5,0.3333333,0.5,0.5,4,0.89,2012,C,2014,data/maharashtra/mumbai/dataverse_IO9SLQ/fulldata_reshaped.tab
2014-D,24.522727,10.333333,17,40,32,,16,,30.25,16.30303,3.9666667,,21.964706,18.333333,17,18.119048,44,41.2,,34.870968,17.644928,16.555556,46,5.9545455,,18.6,,29.857143,26.59854,,28.4,16,,34,5,,,,,,,18.227723,21,36.625,30.837838,,26.611111,27.928571,31.192308,24.492424,8.3225806,,4.1666667,24.546875,,,37.666667,50.333333,,,,25.357143,50,,,25.703704,,25,27.693878,31.666667,41.166667,,21.5,4.1320755,,36.5,48,49.5,27.272727,22,18.043478,21.052632,24.521739,21.945946,38,,,,,4,,9,32,16.625,19,,8,0,0.2857143,0.2857143,7,0.96,2012,D,2014,data/maharashtra/mumbai/dataverse_IO9SLQ/fulldata_reshaped.tab
2014-E,,17,,,25,,,,13.666667,24,18.542857,,16.071429,,,18.041667,19,19.956522,34,15.424242,1,,21.2,16.22449,,,,,19.496403,,,,,15,8.75,11,,11,,,40,,32,18,,,,27.166667,,29.705882,14.222222,,13,29.333333,,,,11.666667,,,,16.274194,,,,24.6,,,,,10,,39.6,16.519481,,9,,,24,16,,31,19,23.777778,,,,,18,18.32,,8,25,8,,,33.5,0.25,0.375,0.375,8,0.54,2012,E,2014,data/maharashtra/mumbai/dataverse_IO9SLQ/fulldata_reshaped.tab
2014-FN,27,,30,38.2,32,20,,,,15.5,9,,22.693694,10.5,13.666667,15.96,,,,,37.4,,22.666667,18.25,,,,25,26.68,75,,,,,,,,,28.142857,,,32,,23.5,40,,5,22.058824,,,4.6666667,,40,25.877551,,,42.25,,,,18,44.666667,,,,,,,,42,31.592593,,,16.5,,,33.5,25,,24.5,30.833333,1,24,27.2,36,,,,,16.5,,,37.5,19.75,12,,,0.3333333,0.6,0.6,10,0.41,2012,FN,2014,data/maharashtra/mumbai/dataverse_IO9SLQ/fulldata_reshaped.tab
2014-FS,18.944444,,7.5,,37,,,20,5.5555556,26.285714,17.75,,24.945946,,18.75,15.131579,5.8,10,3.5,9.9032258,27.75,23,9,23.5,25.5,18.5,33,20.75,20.246753,29,31.142857,46.2,4,9.75,,,,19,,,23,18.888889,32.5,23.5,,,,,30.6,6.4444444,6.75,,8.5,22.217391,6,,39,6.9,,,,19.769231,10,,,16.266667,,,16.8,7.5,,,,26.368421,16,8,36,,7.1875,,,18,20.133333,15.638889,42,,,,9,17,,8,,25.666667,,,10,0.4285714,0.5714286,0.5714286,7,0.67,2012,FS,2014,data/maharashtra/mumbai/dataverse_IO9SLQ/fulldata_reshaped.tab
2014-GN,14.263158,,20.5,11.444444,15.285714,17.166667,30,,15.066667,30.307692,9.6666667,,15.32716,,17.2,13.306122,16.3,11.333333,17.4,12.403509,37.548387,10.2,16,5.1176471,17.653846,,,,16.449612,19,23.939394,12,18.375,12.4,4,,,,12.8,,17,17.117647,18.2,15.25,25.833333,12,13.833333,26.111111,10.555556,11.04,7.4166667,,7.1666667,17.281818,7,3,26.785714,13.352941,,,,19.952381,46,,4,16.581395,,8.5,13.742857,15.333333,14.5,,12.333333,5.0204082,25.5,15,11.625,13.083333,16.142857,15.25,20.916667,15.347826,23.605263,21.127517,44.333333,29,,19.25,,5.2467532,,8,32.666667,29.472222,45.25,,5.5,0.6,0.2727273,0.2727273,11,0.49,2012,GN,2014,data/maharashtra/mumbai/dataverse_IO9SLQ/fulldata_reshaped.tab
2014-GS,,,2.5,,1.5,,,1,1.7142857,,23.636364,,2.5416667,,,26,1.7142857,2.047619,1,2.0625,,18,7,13.941176,11,,,,25.666667,,,,2,1.7272727,,,,,,,6,13.5,10.666667,1.3333333,,,12,18.5,,1.5,43.5,,11.75,2.08,8,,25.75,1.71875,,,,22.666667,,,2.5,2.5714286,,,,2,2.7142857,,13.833333,25.307692,,1.6666667,,,2,,,18.583333,23.75,17.279412,,,,,,16.833333,,7.25,21.777778,20.333333,,,,0.4444444,0.7777778,0.7777778,9,0.66,2012,GS,2014,data/maharashtra/mumbai/dataverse_IO9SLQ/fulldata_reshaped.tab
2014-HE,22.75,19.5,,22.333333,28.2,12,37.4,11,23.583333,,14.863636,,30.338983,,,16.304348,15.5,20.4,8,20.095238,25.789474,24,30,11.818182,17.5,4,12,,17.433333,,24,,22.333333,18.75,9.4,,,27,20,,,23,,10,30.454545,,,17,25.142857,18,16,,19.5,24.97619,,,24.333333,25.578947,,,,23.647059,,,,35.909091,,,22.111111,59,20.222222,,11.111111,15.458333,,14.6,30,3,20.6,,41.333333,39,16.529412,34.046512,,,,38,,15.923077,,16.4,32,6,,,22.5,0.3636364,0.5454546,0.5454546,11,0.47,2012,HE,2014,data/maharashtra/mumbai/dataverse_IO9SLQ/fulldata_reshaped.tab
2014-HW,6.7708333,21.5,3,7.6666667,5.3333333,5.5,16.333333,,9.3333333,27.142857,29.814815,,8.2993631,16,5.5,22.085714,18.166667,13.421053,3,18.555556,46.72,23.4,29,25.722222,16.233333,4.5,9,12,20.609375,16,8.625,2,6,18.142857,30.3,,,,4.6666667,,,29,25,7.3,20,,,18.5,10.923077,18.444444,21.375,,21,9.462963,25.5,12.25,20,13.666667,,22,16,31.8,,,,14.416667,17,9.5,10.511628,6.5,12.254545,,39.666667,26.509091,13,22.875,11.4,8.1,12.833333,39,11.9,28.25,28,22.666667,,,23,4,,49.5,,,30,,,,33.454545,0.4,0.6666667,0.6666667,6,0.68,2012,HW,2014,data/maharashtra/mumbai/dataverse_IO9SLQ/fulldata_reshaped.tab
2014-KE,16.190476,16.857143,,9.75,26.666667,37,31.5,13.8,27.36,24.097561,18.351351,,17.068493,28,9.5,20.876923,25.571429,19.35,,23.728395,21.848485,26.75,32.5,19.259259,20.65625,3,23,,15.698795,,29.684211,,22.333333,28.05,14,11.75,,9.8571429,17.8,,,25.833333,22,31,21.454545,,53,29,17,26.909091,23.736842,,32.5,21.72,15.5,,26.666667,29.714286,,36,,17.703704,25,,,25.325581,31.666667,,22.666667,,18.75,,31,25.660714,22.666667,24.952381,27,34,26,19.571429,27.75,26.3,17.968254,24.666667,,,,,56,37.533333,,22,59.333333,22.071429,23.172414,,46,0.2,0.7333333,0.7333333,15,0.67,2012,KE,2014,data/maharashtra/mumbai/dataverse_IO9SLQ/fulldata_reshaped.tab
2014-KW,12.875,71,20.5,29.5,16,,,,17.5,23.381818,41.222222,,26.722222,,19,32.333333,33.666667,33.666667,,31.111111,,30,24,41.416667,33.4375,13,,,29.666667,,38.714286,,48,29.75,30,,,,19,,15.333333,15.6,23,41,,,,15,,,46.933333,,24.5,26.333333,,,18.25,,,,,24,,,,,40,,5,38,35.666667,,10.333333,43.532258,,,,,,,11,16.354839,8,13.772727,,,,7,,46.08,,38,,9.5,,,87,0.25,0.3846154,0.3846154,13,0.66,2012,KW,2014,data/maharashtra/mumbai/dataverse_IO9SLQ/fulldata_reshaped.tab
2014-L,26.428571,15.083333,36,,34,26,32.666667,20,30.933333,27.533333,16.7,,31.763158,34.666667,42,23.982759,27,27.95122,,26.553191,29.025424,34.333333,,24.061538,25,37,27,27,30.022222,43.666667,31.916667,38,29.333333,24.166667,16.875,,,57.2,23,,25,31.608094,27.608696,31,30.576,24,32.657718,32.004608,31.724138,26.444898,24.371257,21.961538,20.4,32.35,42,28.206897,34.352941,25.038462,,,,32.466667,,,28.5,25.485714,26.333333,20,24.133333,23.5,31.15,,27.833333,20.089552,24,23,36.5,29.333333,28.6875,32.25,31.942857,27.775,29.875,30.742791,19.2,,11.8,51,41.333333,22.686275,,19,32.142857,29.4,35.5,,17,0.2,0.6666667,0.6666667,15,0.29,2012,L,2014,data/maharashtra/mumbai/dataverse_IO9SLQ/fulldata_reshaped.tab
2014-ME,12.181818,27.571429,,16.111111,13.6,14.8,,17,9.2,22.901626,24.8,,14.020548,12,7.8,21.5,10.785714,12.1,,16.411765,27,,24.5,30.75,8.6666667,10,28,12.666667,20.916667,,13.806452,16.25,16.666667,18.466667,29.823529,20,,,14.4,,31,17.166667,12.197479,18,24.666667,17.731272,14.625,29.061716,16.461147,13.040541,27.055404,25.72973,,14.552632,,11,,18.04,,16,19,20.916667,21,,,17.192308,34,22.5,14.178571,21.4,15.961538,,7.5,28.34434,6.6071429,8.2307692,15.875,9.4782609,15.125,,13.375,,22,23.5,,11,,,,26.75,,33,21.5,,,,,0.4615385,0.3846154,0.3846154,13,0.05,2012,ME,2014,data/maharashtra/mumbai/dataverse_IO9SLQ/fulldata_reshaped.tab
2014-MW,19.765957,2.5,,4.75,13.84375,,19.666667,23,23.571429,25.902273,3.6097561,,15.280488,13,16.5,18.8,27.5,27.428571,31,24.530612,19.8,40.666667,14.285714,3.2407407,25.285714,4.5,,8,15.948052,,18.368421,,23,27.25,4.1724138,16.5,,19.4,12.333333,,85,27.125,26.418367,15.692308,22.255639,44.085427,25.687151,21.748857,21.233579,31.816594,3.4074296,21.432432,3.6666667,14.511111,,8.4,,24.888889,,,12,15.4,,,41,26.428571,3.25,,19,12.8,16.3,,28,3.4393939,22,25.263158,7.5555556,18.625,23.333333,29,27.6,,17.4,,20.666667,,,,11,3.1923077,,6.3333333,19.230769,,,,2,0.1666667,0.75,0.75,8,0.33,2012,MW,2014,data/maharashtra/mumbai/dataverse_IO9SLQ/fulldata_reshaped.tab
2014-N,27.705882,59,,16.4,20.5,29,,11,12.176471,26.833333,43,,25.391304,,54,10.88,9.2105263,12.642857,,10.928571,11.114286,,,,20.428571,31,,5,15.776316,,16,20,26.6,11.5,,10,,,,,14,,18,6,11.352941,4,16.2,,3,14.470588,,,,9.4285714,,,,17.043478,,,,16,,,13,15.565217,,,11.75,18,6,,13.5,,,14.583333,,15,11.181818,18.4,,,21.75,,,,,,29,,,,,21.857143,8,,,0.1818182,0.5,0.5,12,0.52,2012,N,2014,data/maharashtra/mumbai/dataverse_IO9SLQ/fulldata_reshaped.tab
2014-PN,15.939394,10.25,20.166667,11.826087,15.263158,14.115385,14.833333,30.6,16.588235,11,12.802469,,14.259259,16.8,9.6,13.037736,13.2,23,,17.385417,10.910377,6,19,14,17.807692,12,15.5,25,12.069767,34,17.958333,19.8,16.555556,15.685714,10.636364,6,,12.5,16.6,,,19.727273,20.272727,10.473684,9.3333333,,30.166667,25.75,20.805556,21.289474,13.115385,13,10.230769,14.652632,9.25,9,21.333333,25,,11,,16.388889,,,,23.6,,6.75,18.8125,14.714286,20.571429,,8.3333333,13.947826,15.142857,21.555556,14.6,19.076923,25.35,18.375,16.916667,18.928571,6.9027778,21.327824,33,,,17.2,24,15.723404,,21.5,45.75,20.05,,,17.25,0.1333333,0.3125,0.3125,16,0.47,2012,PN,2014,data/maharashtra/mumbai/dataverse_IO9SLQ/fulldata_reshaped.tab
2014-PS,30.030303,32.75,3,19.8,29.545455,16.75,18.4,21.5,15.076923,25.672414,28.230769,,25.649351,31.833333,30.5,14.576923,16.214286,12.526316,11.8,12.880952,13.307692,27.333333,42.25,26.5,19,2,,,19.183673,,22.8125,57,3,25.555556,,25,,15,,,,12.7,20.75,31.75,17.888889,47,9.7272727,30.545455,24.903226,29.1,19.625,20,54,23.267857,,11.333333,18.076923,13.666667,,13,,18.9,,,19.777778,21.5,,,30.4,51,24.8125,,30.666667,19.454545,26.8,22.625,29.75,25.5,21.304348,10.444444,24.666667,13.32,8.3560606,20.721612,21.833333,31,21.5,14.357143,,38.555556,,,30.75,6.5555556,29.666667,,,0.5,0.625,0.625,8,0.59,2012,PS,2014,data/maharashtra/mumbai/dataverse_IO9SLQ/fulldata_reshaped.tab
2014-RC,13.428571,16.666667,,21.9,33,20,,,18.454545,31.363636,47.333333,,19.71875,45.052632,4,23.291667,14.785714,16.074074,16.5,12.5,26.017857,,27,16.419355,21.540541,,,,23.724638,,6.4285714,5,24,22.272727,12.666667,,,26.333333,,44,,20.666667,43,10,22.285714,,31,21.5,,21.947368,18,,23,7,,,16,21.541667,,,,21,,,,22,8,,5.6666667,34,11,,28,22.54902,,11.454545,12,,13.5,63.5,3,19.125,22.625,14.508772,,,,32.5,,28,,,26,26.25,,,,0,0.6666667,0.6666667,9,0.84,2012,RC,2014,data/maharashtra/mumbai/dataverse_IO9SLQ/fulldata_reshaped.tab
2014-RN,,,38,,17,,,6.4,15.272727,35.909091,10,,13.5,,,33.727273,11.8,11.375,,16.190476,26.068966,56,11.6,27.6,18.357143,,,,26.052632,,20.333333,,15.666667,11.142857,14.5,,,10,,,36,28.8,20,14,21,,,19.076923,21.333333,21.666667,12,,,18,,,27.8,8.5,,,,41,,,12.5,9.4166667,,,15,,7,,36.333333,19.25,,19.2,,,16,,,28.769231,17,35.122449,,,,29,,,,,17.5,,,,,0.1428571,0.5714286,0.5714286,7,0.69,2012,RN,2014,data/maharashtra/mumbai/dataverse_IO9SLQ/fulldata_reshaped.tab
2014-RS,14.304054,11,25.75,14.375,22.5,16.3,53.428571,,,23.294118,19,,20.146789,21,18.4,17.785714,,13.5,,12.5,14.266667,11,19.6,24.411765,,20.75,13,2.5,20.254545,,28.375,12,,,,,,25.25,16.25,,,17.666667,30,16,10.833333,,,14,27.194444,,,,7,22.837209,20.25,32.440678,17.444444,6,,,,24.833333,35,,,11,,45,28.434783,25.714286,35.086957,,,19.444444,17.111111,,24,24.294118,15,9,31.632258,36.5,16.777778,26.52549,,,,13.5,,12,,,15,22.545455,,,,0.5454546,0.4545455,0.4545455,11,0.54,2012,RS,2014,data/maharashtra/mumbai/dataverse_IO9SLQ/fulldata_reshaped.tab
2014-S,18.72973,37.666667,,10,22.333333,5,17.75,34.333333,18.461538,51.826087,87,,23.52459,9,,20.326923,16.7,23,21.333333,18.895833,15.906977,,,32.676923,19.5,20,,15.333333,19.614286,22,22.272727,,,33.2,53.928571,,,18.6,,,,,15.333333,31.090909,26.285714,,18,46,19.8,18.857143,29.272727,,17.4,21.806452,,,,28.277778,,6,,19.333333,,,37.5,31.384615,37,,17,4,16.875,,24,33.096774,,26.181818,15,24.5,24.2,19,14,,11.615385,30.047619,24.5,,16,,,27.5,,34,35,13.5,,,28,0.4615385,0.2307692,0.2307692,13,0.51,2012,S,2014,data/maharashtra/mumbai/dataverse_IO9SLQ/fulldata_reshaped.tab
2014-T,44,11.8,,18,28,25,,26,21,20.777778,8.2307692,,24.090909,,,11.117647,23,17.375,14,19.071429,18.805556,,29,15.547945,22.666667,,,19,8.8518519,38.5,40.384615,,30.5,19,10.25,,,,19.666667,,14.666667,34,14.666667,22,9,,14.5,19.571429,16.5,17.6,15.076923,,16.636364,18.666667,,,20.714286,18.090909,,30,,8.25,,,12,23.75,,36,28,24,45,,16.333333,9.1025641,34,14.333333,42,29.5,31,15.625,21,52.4,22.111111,38.576923,21.5,,,,,15.875,,22.4,26.5,30.952381,12,,23,0.6,0.5,0.5,6,0.76,2012,T,2014,data/maharashtra/mumbai/dataverse_IO9SLQ/fulldata_reshaped.tab
2015-A,110.11111,13,14,,112.5,70,84,,75.666667,,49.166667,,388.77778,18,76,93.833333,4,58.636364,,52.727273,165.38095,46.428571,129.75,4.5,35.5,,,,130.5,,623.33333,17.5,2,30.875,,84,,,101.2,7,,214.2,,,10,,,92.4,3,75.333333,10.5,,2,231.77778,18.5,,,17,,39,,46.5,9,,,29.142857,,47,5,,6,110.625,36.5,71.277778,40,72.8,146,34.166667,52.5,33.333333,71.666667,102.55556,43.666667,239.16667,,,,31.166667,,24.75,,,42.833333,35.222222,,,,0.5,0,0.5,4,0.58,2012,A,2015,data/maharashtra/mumbai/dataverse_IO9SLQ/fulldata_reshaped.tab
2015-B,72.666667,15,,76.5,21,51.5,,,46.8,13,73.333333,,332.73684,,71,39.8,86,87.923077,,44.272727,272.2,88.5,10,18.111111,79,62,9,,125.14286,,369.4,,,82.6,,,,,57,,,82.5,,,,,7,48.333333,19.25,87.4,,,,391.63636,38,,,,,7,24,86.25,25,,,87.111111,,5,,,,117,21.5,95.214286,,58.333333,11,88.2,44.6,27.5,47,113.625,25.166667,711.44444,,,,9,49,50.4,,43,62,145,,,,0.3333333,0,0.3333333,3,0.71,2012,B,2015,data/maharashtra/mumbai/dataverse_IO9SLQ/fulldata_reshaped.tab
2015-C,81.5,10.5,38,,21,26,,,116.66667,11,30.538462,,234.91667,,75.5,79.25,86,233.21429,,101.9,432.66667,79.6,14.5,10.555556,99.25,50,,36,62.875,,194.33333,69,,43.777778,,,,,51,43,,50.5,,,,,,186.5,,462.36364,5.25,,,141.64286,283.33333,,,72,,23.5,,49.666667,,,29,84.833333,29,,,,,88.714286,24.25,58.125,53,89.777778,95.5,81.333333,60.75,74,54.8,276.28571,108.625,719.28571,50.6,,,43,51.8,111.44444,,43,63.333333,200.875,,,3,0.3333333,0,0.5,4,0.89,2012,C,2015,data/maharashtra/mumbai/dataverse_IO9SLQ/fulldata_reshaped.tab
2015-D,177.9,24.5,,55,59,36.666667,110.5,,90.4,18.727273,120.0625,,346.33333,377.28571,221,71.115385,41.8,326,,296.22222,190.94118,79.444444,22,69.521739,271.14286,57.5,42,92.875,96.680851,,236.06667,22.333333,9.25,131,,35,,,48.25,,64,713.07692,26.5,2,15.181818,57,19,195.6,26.333333,175.13725,24,62.5,7.6666667,254.96667,58,9,10,26.6,,,,106.33333,38,,31,279.11111,77,,20.666667,,,342.77778,58.833333,101,,98.857143,112.5,43.666667,44.857143,40.857143,178.47368,235.23077,57.931034,260.95238,26.5,,,51,20.666667,37,,62,141.2,162.38462,,,,0,0,0.2857143,7,0.96,2012,D,2015,data/maharashtra/mumbai/dataverse_IO9SLQ/fulldata_reshaped.tab
2015-E,56.846154,45,51,81,153.5,109,6,,88.6,,75.823529,,1454,70,346,169.23077,21.2,212.33333,,142.55556,345.44444,92.2,14.2,71.235294,92.333333,42,69.333333,20.333333,117.51429,,403.11111,367.5,,70.166667,18,,,23.5,117,,33,211.375,,,,78,,105.11111,,92.4,31,,,493.33333,61,69.375,,34.666667,,49,,83.384615,15,,,112.77778,,48,,,,121,53.428571,118,35.5,38.6,55.428571,59,51,110.5,263.85714,281.88889,117.47059,1150.9,84.25,,,61,,82.111111,,23.333333,59.888889,195.125,,,,0.25,0,0.375,8,0.54,2012,E,2015,data/maharashtra/mumbai/dataverse_IO9SLQ/fulldata_reshaped.tab
2015-FN,76.181818,38,39.666667,32.666667,37.8,35.25,,,160.75,16,82.444444,,539.66667,55.2,61.5,77.5625,85,80.285714,,179,1702.8889,135,53,40.733333,313.25,33.5,57,12,81,,473.45455,42.333333,24.666667,115.25,21,38,,,29.25,,,151.83333,,26,,39,14,150.25,36,156.25,,69,2,443.9,63.5,113.25,,90.8,,2,,107.90909,38.5,,,157.11111,87,16.5,24,,29,86.375,47.833333,105.35714,63,107.85714,34,98.4,59.833333,32.75,287.55556,132.14286,92,628.7,44.333333,,,40,9,71.666667,,121.25,161.66667,65.5,,,,0.3333333,0,0.6,10,0.41,2012,FN,2015,data/maharashtra/mumbai/dataverse_IO9SLQ/fulldata_reshaped.tab
2015-FS,80.125,20,48,,132,,,2,111.6,17.125,73.888889,,255.56522,,41,69.733333,33,53.857143,,54.25,233.85714,76.333333,62,38.470588,107.2,58,25,32,41.6,,133.72222,49,4,81.6,93,,,15,47.25,,18,62.1,7,22.666667,12,,,100.77778,17.333333,62.4,12,7.5,,217.44444,,62,12,9.0909091,,,,73.555556,,,4,41.3125,9,,20.909091,16,9,63.666667,52.2,79.454545,,26,35,67,34.5,29.5,145,73.636364,39.190476,183.95833,69.75,,,50,,118.33333,,46,141.16667,42,,,35,0.4285714,0,0.5714286,7,0.67,2012,FS,2015,data/maharashtra/mumbai/dataverse_IO9SLQ/fulldata_reshaped.tab
2015-GN,58.928571,20,26,53.333333,55,58,15,,74.833333,22.272727,53.823529,,146.01852,54,,45.916667,45.4,66.111111,,55.083333,270,104.16667,32,45.75,300.44444,,11.25,67,56.422222,,71.783784,34.666667,14.75,98.130435,61,,,,45,7,26.5,105,,9.3333333,17.5,,6,107.63636,10.5,576.35294,9.8333333,51,5,75.270833,47.5,67,24.166667,75.75,,21,,79.222222,,,,94.761905,,9.5,17.866667,13.75,7.4545455,190.5,75,62.782609,20,61.333333,30.75,37.666667,42.583333,26.666667,148.92308,100.11765,71.243243,296.57534,28.875,42,14,44.666667,,61.609756,,49,102,34.6875,,,,0.6,0,0.2727273,11,0.49,2012,GN,2015,data/maharashtra/mumbai/dataverse_IO9SLQ/fulldata_reshaped.tab
2015-GS,91.6,85,16,14,22,210,,,55.2,,36.8,,453.1,,52.5,50.466667,14,27.272727,,32.9375,167,47,50.5,46.913043,60.25,29,16.5,18,46.913043,,75.15,33.333333,4.5,37.833333,20.5,,,43,5,,,118.75,6.3333333,10.5,14,,,36.6,12.9,63.909091,8,161.5,14,187.16667,61.5,34,21.5,38.5,,,,31.769231,20.5,,3,42.833333,12,,11.428571,,7.5,124.6,44.666667,149,,59.75,42,,36.875,39.444444,207.83333,55.733333,33.666667,185,74.333333,,,62,69.75,75.615385,,32.5,38,66.294118,,,,0.4444444,0,0.7777778,9,0.66,2012,GS,2015,data/maharashtra/mumbai/dataverse_IO9SLQ/fulldata_reshaped.tab
2015-HE,130.36364,21.6,,175.33333,123,73,7,23,172.8,,83.083333,,1090.4167,,177.5,115.64286,53.571429,117.22222,,89.384615,192.88235,21.5,27.25,34.869565,105.75,79.25,,,83.913043,,501.22222,48.666667,9.5,69.727273,23.75,47,,,92,39,49,87.285714,,,7,,5,88.666667,,134.125,17.666667,,,389.71429,38,,32,82.6,,,,74.777778,,,9,56.785714,19,35,,,,98.666667,15,34.238095,5,119.75,80.5,93,37.2,63,88.666667,56.5,38.93617,1120.8889,196.33333,,,53.5,,60.5,,16.5,25.25,114.93333,,,15,0.3636364,0,0.5454546,11,0.47,2012,HE,2015,data/maharashtra/mumbai/dataverse_IO9SLQ/fulldata_reshaped.tab
2015-HW,61.25,76.666667,10,42.8,46.666667,74.5,74,11,74.230769,23.166667,98.363636,,330.2,102.33333,108.5,93.529412,82.571429,71.6,,117.8,151.66667,49.2,50,65.8,311.81818,23.25,23.5,59.5,143,,101.93548,40,83,91.818182,39,37.5,,34.5,18,,30,95.166667,,,42.666667,,,33,24.5,80,,,,117.69231,37,39.666667,,45.5,,51,,81.142857,50.5,,,87.2,,44,14.1,34,18.142857,34.555556,71.8,110.2381,40,126.83333,29.6,88.5,69.875,96,115.88889,171.5,94.8,1337,63,,,36,,80.5,,68,87,146.25,,,,0.4,0,0.6666667,6,0.68,2012,HW,2015,data/maharashtra/mumbai/dataverse_IO9SLQ/fulldata_reshaped.tab
2015-KE,249.83333,76.8,33.333333,57.5,98.071429,64,26.4,,87.571429,19.375,56.214286,,753.90909,86,19.5,95,24.555556,74.888889,,41.263158,119.45,29.833333,51,67.480769,44.333333,57.5,94.5,2,56.454545,,593.28571,54.5,45.5,86.076923,18.125,,,15,60.333333,,,76.5,17,,20.2,85,,87,,42.583333,11,63,,533.14286,11,69,22.272727,64.444444,,48.5,,47.916667,45.5,,14,61.5,17.666667,28,,,14,228.28571,86.142857,140.88889,30.333333,20.333333,93.166667,70,41,52.4,104,96.55,27.053571,157.71523,26.363636,,16,68,17,117.71429,,40.75,71.4,96.545455,3,,,0.2,0,0.7333333,15,0.67,2012,KE,2015,data/maharashtra/mumbai/dataverse_IO9SLQ/fulldata_reshaped.tab
2015-KW,463.83333,60,126.33333,83.5,49.5,23,61,,33,13.384615,121,,763.90909,,34,298.83333,25.75,83.285714,,80.857143,865.28571,75.5,28,65.714286,32.6,44,46,27,418.14286,,1058.8333,38.5,10,88.9,,,,17.5,67.4,87,,168,8,,,,12,111.4,,73.166667,,70,,387,30,59.5,,128.6,,89,,72.714286,96,,,136.71429,,69.333333,,,,226.33333,79.75,196.33333,56,42.2,140.6,64.5,90.4,100,35.6,207.83333,59.571429,1957.2857,287.33333,,,75.75,107.5,176,,61,103.83333,310.375,,,,0.25,0,0.3846154,13,0.66,2012,KW,2015,data/maharashtra/mumbai/dataverse_IO9SLQ/fulldata_reshaped.tab
2015-L,181.88889,114.125,8,30.666667,152.88889,16,94.166667,34,168.125,19.545455,115.55556,,1354.1111,150.28571,309.5,200.125,64.125,99.714286,,140.72222,93.1875,69.142857,,778.75,71.714286,14,17,15,137.33333,12.2,374.88889,60.5,21.5,43.111111,106,,,26,25.5,85,68,54.25,22.8,,20.384615,56,20.341463,144.25,22,42.491228,,14,,1245.3333,59.5,902.77778,,124.07692,,4,,99.222222,41,,18.142857,92.964286,30,70,,,,122,125.16667,509.77778,14.5,149.77778,54.714286,371.625,56,48.583333,857.33333,196.33333,48.980769,9765.5,114.44444,,27,74.142857,46.333333,504.88889,,62.5,205.44444,176.8125,14.666667,,,0.2,0,0.6666667,15,0.29,2012,L,2015,data/maharashtra/mumbai/dataverse_IO9SLQ/fulldata_reshaped.tab
2015-ME,42,75.5,,33.75,51.818182,38,17.666667,12,39.333333,12.564444,30.5,,58.805556,,49,162.85714,39.5,37.625,2,18.470588,49,88,9,413.33333,29,2,,,138.41667,,184.88889,49.75,14,39.25,,45,,89,33.6,8,7,432,5.9787234,18.666667,25.75,11.994778,17,41.310481,13.809617,28.510843,25,43.75,,82.695652,,43,,38,,16,,66.666667,,,1,47.777778,100,20.333333,8,,20,55,35.5,1666,29,20.4,129.6,65.166667,30.5,,22.2,72.333333,80,969.2,27,12,,,,150.66667,,100,26.5,60.4,,,,0.4615385,0,0.3846154,13,0.05,2012,ME,2015,data/maharashtra/mumbai/dataverse_IO9SLQ/fulldata_reshaped.tab
2015-MW,55.941176,14.5,25.666667,25.25,47.192308,25.333333,22.9,,135.33333,23.136364,118.14286,,41.714286,36.5,12,79,30.25,54.428571,,32.272727,162.33333,78.5,26,36.018182,47.666667,8.6666667,6,19.6,54.928571,,62.807692,14.666667,43.333333,43,30.714286,,,29.333333,81.6,13,,135.46417,10.91,5.25,21.160377,611.66667,18.4,26.924259,7.129666,152.33333,2.4254902,1151.4444,3,63.324324,26,32,27.25,79.4,,,,48.571429,,,68,42.875,6.5,16,7.9375,8.375,6.5,57.333333,47.25,84.72973,,12,31.818182,41,67.333333,54.5,44.2,103.4,39.294118,179.88889,144.5,,,41.666667,24,47,,33.5,37.333333,60.25,,,1,0.1666667,0,0.75,8,0.33,2012,MW,2015,data/maharashtra/mumbai/dataverse_IO9SLQ/fulldata_reshaped.tab
2015-N,105.13636,98.125,44.333333,120.83333,41.142857,79,45.333333,10,85.125,20,50,,425.14286,57.333333,66.6,82.153846,14.333333,88.6,,114.91667,631.22222,69,,593.66667,189.44444,9.5,40.5,33.5,100.86667,,387.25,77.4,90,93.888889,6,,,6,70.5,,,219.55556,,16,,54,,331.5,19,80.777778,,77.5,,364.84615,83,46.333333,,133,,27.333333,,88.545455,47,,12.5,69.285714,37.5,46,10.235294,10.5,11.571429,152.25,69.25,148.375,54,168.1,76.333333,74.333333,24.545455,103.33333,135.57143,94.777778,33.849315,1310.5556,135,,,95.8,61.5,163.875,,8,178.14286,176.26316,,,,0.1818182,0,0.5,12,0.52,2012,N,2015,data/maharashtra/mumbai/dataverse_IO9SLQ/fulldata_reshaped.tab
2015-PN,450.11111,51,68.5,118.83333,101.4,145.33333,110.5,,81.25,21.545455,154.75,,254.48148,74.333333,95,120.96667,31,73.555556,,96.736842,108.25352,148,80.5,131.84615,241.875,73,62.25,34.5,116.02941,,388.81818,147,52.5,57.909091,42.6,21,,39,94.333333,5,72.5,85.461538,16.6,16.666667,10.75,,10,73.307692,23.5,167.44444,,13,,366.05882,72.333333,41.333333,22.8,51.3,,,,115.05556,63.2,,28.8,90.461538,,54.666667,,32,7,294,52.666667,255.92308,,151.71429,157.71429,133.14286,34.25,34.916667,221.42857,233.90909,79.105263,418.97015,85.75,,,128,82,240.66667,,62.333333,100.71429,83.833333,,,,0.1333333,0,0.3125,16,0.47,2012,PN,2015,data/maharashtra/mumbai/dataverse_IO9SLQ/fulldata_reshaped.tab
2015-PS,222.8,34,37.5,125.2,103,47.5,79.666667,13,63.428571,27.142857,83.857143,,360.47059,150,139,136.76923,38.125,60.125,,75.928571,127.36957,50.166667,57,106.09091,177.14286,40,106,,93.333333,41,311,75.5,25.5,46.571429,76,,,65,41,,47.666667,99.785714,35,12,4.5,,15,179.9,36.5,67.692308,31,55.5,,301.8125,,66.714286,37,30.714286,,30,,150.875,76.666667,,52,59.625,15,56,,,27.166667,253.75,24.666667,315.55556,62,81.75,107,72.333333,42.625,55.375,126.16667,184,88.484848,154.84091,79.333333,,,44.75,53,156.42857,,,193.28571,91.428571,,,,0.5,0,0.625,8,0.59,2012,PS,2015,data/maharashtra/mumbai/dataverse_IO9SLQ/fulldata_reshaped.tab
2015-RC,281,20.8,55.5,95,45.5,72,205,,104.16667,2.3333333,122.91667,,1028.3333,108,127,143,31.6,101.375,,187.875,534.1,33,97.666667,45.354839,203.44444,67,33,86,198.09091,,571,73.8,18,130.4,39,,,,59,,74.666667,159.125,,,,,,61,,93.375,33,,22.5,303.77778,61,51.333333,,81,,43,,93.375,102.66667,,143,102.625,,62.5,,,,108,41.333333,295.94444,62,103.5,77.25,129.85714,61,70,294.85714,288.625,75,1428.3333,,,,74.5,76,77.777778,,93.5,56.6,228.2,,,,0,0,0.6,10,0.84,2012,RC,2015,data/maharashtra/mumbai/dataverse_IO9SLQ/fulldata_reshaped.tab
2015-RN,108,28,55,30.666667,55.8,,22,12,46.5,,43.125,,439.33333,,62,83,,34.25,5,35,152.71429,54.6,,81.444444,50.6,63,,23.5,156,,203.77778,,14,143.55556,47.5,,,,77,,,113.11111,,,37,39,,71,,43.8,,,,121.77778,,143,,26.909091,,,,64.333333,,,,41.555556,,,,,,65.714286,35.25,174.44444,53.5,49.25,51.5,81.666667,10.5,78.25,76.166667,91.111111,57.272727,769.77778,103.4,,,37,56,85.25,,47.666667,52.666667,79.266667,,,,0.1428571,0,0.5714286,7,0.69,2012,RN,2015,data/maharashtra/mumbai/dataverse_IO9SLQ/fulldata_reshaped.tab
2015-RS,286.81818,30.363636,85.25,217.25,80.2,39.75,48.5,,65.285714,,54.538462,,588.46154,69.5,141,188.33333,52.166667,85.777778,,130.88889,165.1875,55.666667,41,149.8125,107.71429,67,72,33.5,67.552632,,340.33333,63,83,107.44444,57,8,,,33.75,,,176,,,14.4,,,61,,143.77778,,,,429.88889,95,91.428571,,65.333333,,43.5,,89.571429,38.666667,,,144,,44,,,2,211.22222,,298.22222,41.5,126.28571,115.5,74.375,182.5,64.25,142,226.77778,107.94444,1898.8889,,,,43.333333,,88.166667,,19.5,70.166667,185.25,,,,0.5454546,0,0.4545455,11,0.54,2012,RS,2015,data/maharashtra/mumbai/dataverse_IO9SLQ/fulldata_reshaped.tab
2015-S,164.42857,60.45,55,104.25,71,54.5,100,,248.83333,,30.583333,,273.29412,77,82.5,59.086957,55.5,125.14286,,159.22222,243.375,29,61.666667,66.344828,203,65.5,49.333333,54,62.116667,,191.15385,59.333333,28.5,322.55556,14.818182,38,,25.5,104.57143,,23,58.25,,21,21.8,,3,84.428571,35.666667,383.44444,13.857143,75.333333,9.5,378.08333,,76.5,,127.75,,22,,73.636364,46,,,199.44444,,24,28.25,,40.833333,190.55556,52.75,49.971429,90.333333,109.25,68.375,88.875,62,106,165.42857,100,39.724138,858.5,169.5,,,96.75,,129.33333,,56.333333,97.714286,197.83333,,,,0.4615385,0,0.2307692,13,0.51,2012,S,2015,data/maharashtra/mumbai/dataverse_IO9SLQ/fulldata_reshaped.tab
2015-T,211.44444,47,48,,8,60.333333,15,,27.625,9.5,104.71429,,200,,73,79.428571,6,39.666667,,65,48.518519,47,,103.625,209.66667,147,,50,97.625,,419.33333,,51,57.7,65.666667,10,,,41,37,,76.5,27,,16.5,,,50.5,,103.66667,9.8571429,43,11,148.625,37,31.333333,,70.2,,,,76.142857,,,,48.5,53.5,,,,,113.14286,38.4,164.63636,9,38,79.5,104.14286,48.4,17.5,52.857143,138.83333,33.35,663.28571,47,,,,,83,,19.5,75.666667,64.6,,,,0.6,0,0.5,6,0.76,2012,T,2015,data/maharashtra/mumbai/dataverse_IO9SLQ/fulldata_reshaped.tab
2016-A,17.782609,4,16,18.333333,9.5,13.5,,24,12.315789,,10.888889,23,12.438202,,,11.52,,8.9375,18,11.647059,11.780488,2,22.5,6.1818182,14,,,23.5,11.410714,,20.806452,,,12.8,11,2,18.625,4,23.25,24.333333,51,16,,,5.5,,,40,,,,,14.25,14.526316,,,,6.5,17.666667,6,,13.111111,13,,,12.6,11,,,14.125,14.777778,16.777778,17,6.3846154,6,8.6,12,16,15.5,16.142857,19,9.8,15,10.333333,,3,,40,,12.894737,4.6666667,6.2777778,23.4,18.2,11.5,14,17.444444,0.5,0,0.5,4,0.58,2012,A,2016,data/maharashtra/mumbai/dataverse_IO9SLQ/fulldata_reshaped.tab
2016-B,7.8571429,,,53,4.8571429,32,,9.25,2.9545455,,6.9642857,27.6,5.2760736,,,16.5625,3.3333333,3.0163934,4,4.4285714,13.273256,,5,7.4285714,3.1111111,,,,12.413043,,29.888889,,4,3.4090909,,,52.5,,8.2,11.333333,,14,,,,,,10,,,,,3,5.1,,18,40,2.5,7.4,,,16.444444,,24.666667,4,2.826087,,,,6.4545455,10.4,54.928571,14.666667,3.4814815,,2.8571429,28,,3,17.730769,62.333333,42.833333,11,36.981132,31,22,,30,5.3333333,5.0769231,3,12.666667,28.875,17.538462,16,,5.3333333,0.3333333,0,0.3333333,3,0.71,2012,B,2016,data/maharashtra/mumbai/dataverse_IO9SLQ/fulldata_reshaped.tab
2016-C,20.65,10,,24,15.4,17.25,9.5,,5.5,,6.5142857,38.583333,16.009615,10.5,19,18.551724,7.5,6.5045872,5,4.3928571,34.5,8,29,10.4,5,32.5,39,16,22.614035,,32.75,31,4.6666667,5.6071429,,,33.142857,,14.923077,,18,,,1,37,,9,,,4,,,4.3333333,20.112676,,18.875,,9.75,21.333333,43,,22.315789,16,22,3,5.8529412,,24.5,,22.888889,18.125,30.846154,18.75,9.4909091,3,3.7368421,,32.8,5.8823529,12,41.166667,,26.428571,,,,,,33,12.4,15.25,10.8,26.333333,34.809524,,,5.6666667,0.3333333,0,0.5,4,0.89,2012,C,2016,data/maharashtra/mumbai/dataverse_IO9SLQ/fulldata_reshaped.tab
2016-D,19.356863,14.25,40,14.708333,13.166667,13.129032,5,12.333333,16,,16.826923,17.533333,18.523901,12.789474,13,13.77,27,13.76087,,15.36,16.47644,24.428571,19.25,15.1875,16.933333,16.571429,24.692308,22.9,12.211382,,17.776699,25.428571,16.666667,19.066667,15,,28.76,17,20.5,,,24.5875,,13.5,36,,,41.833333,,12.888889,,,19.590909,19.5,22.666667,23.333333,9.3333333,14.5,14.285714,,20,16.114286,28.833333,18.5,13,20.807692,,25,,11.7,18.133333,17.770833,,13.346939,39.5,14,34.166667,23.166667,14.714286,52.75,13.606557,20.904348,10.090909,15.871921,86,,,81,29,16.764706,19,20.777778,39.090909,28.608696,,,16.166667,0,0,0.2857143,7,0.96,2012,D,2016,data/maharashtra/mumbai/dataverse_IO9SLQ/fulldata_reshaped.tab
2016-E,13.669492,7.9,29,8,22,,,8.4,15.288889,,10.195402,12.117647,10.005988,18.2,2,5.4811321,11.090909,10.865385,4,11.711111,12.902857,24.5,20.545455,9.6875,14.571429,17,15,31.5,6.1509434,,17.03125,34.6,5,14.564103,6,3,28.342105,6.25,15.166667,7,28,19.833333,,,10.666667,,21.25,,,43.5,,,7.2,9.8795181,43.5,13.714286,32.2,15.375,12,8,,5.4,10,8.6666667,17,15.686869,,15.5,,16.375,15.75,14.052632,20.666667,10.533333,12,18.753425,19.642857,,10.757576,12.1,12.967213,30.047619,5.03125,27.919075,,,,14.111111,,10.176471,,6.25,31.90625,15.782609,11,14.684211,7,0.25,0,0.375,8,0.54,2012,E,2016,data/maharashtra/mumbai/dataverse_IO9SLQ/fulldata_reshaped.tab
2016-FN,5.2512821,6.25,11,11,14,6.7777778,16,,5.8148148,,10.117647,12.433526,11.793651,13.714286,10.5,6.2875,13,13,17.4,12.55,13.377358,14.555556,12.866667,10.047619,6.8571429,11,4.5,12.2,5.9527027,18.75,15.69697,14.777778,5,9.3571429,8.5,6.5,11.947368,5.6666667,15,5.8333333,16.333333,14.333333,,,21.2,,,,,37.5,,,7.8636364,8.6833333,10.857143,11.947368,15.5,4,12,18,,8.974359,8.5714286,20.5,4.6666667,14.26,,10.5,,9.1666667,9.2727273,12.142857,14.5,8.9166667,16.5,8.375,11.941176,2,8.4615385,16.4,11.589286,12,7.8139535,14.475096,27.285714,,10,11.333333,,8.8076923,8.8,11.538462,19.955556,15.708333,,7.3333333,10,0.3333333,0,0.6,10,0.41,2012,FN,2016,data/maharashtra/mumbai/dataverse_IO9SLQ/fulldata_reshaped.tab
2016-FS,12.482014,44,53,,10,17,,3,10.368421,,14.875,26.56,9.1743119,29.666667,,36.344828,8.25,7.375,1,11.307692,20.316667,32.2,58.25,26.933333,10.166667,30,41,27.25,28.392857,,30.777778,50,12.5,10.1,,,28.806452,14.666667,15.6,,13,80.5,,,9,,,,,,,,27.5,10.62069,33,26.6,60,8.8181818,9.1428571,,,22.727273,27,41,4,14.233333,,,,13.5,10.6,24.4,10.333333,26.434783,35.2,7.6666667,31.666667,38.333333,7.6666667,8,37.181818,35.466667,17.925926,48.814815,,,,45.75,,20.772727,72,16.333333,42,34.708333,34,11.5,18,0.4285714,0,0.5714286,7,0.67,2012,FS,2016,data/maharashtra/mumbai/dataverse_IO9SLQ/fulldata_reshaped.tab
2016-GN,19.283333,6,34,4,13.6,12,27,25.166667,10,,9.5531915,15.333333,7.0458716,,26,8.5844156,,23.727273,,19.625,7.5629291,19.5,9,9.8,17.8,24,,12,8.2105263,16.25,22.944444,2,17,22.111111,6.25,,23.148148,,9.875,15.5,16.333333,31,,10,17,,5.7,,,14.3,,,6.7058824,10.559322,10,53,22.361111,20,17.5,15,6,8.0652174,,41.333333,,21.5625,6,,,13.555556,10,15,18.25,8.3269231,,21.8,19.333333,20,19.916667,44.875,19.923077,24.722222,14.826923,22.600917,24.88,52,21,42.666667,26,7.4710744,7.8,9.7647059,16.452381,37.346154,,,7.75,0.6,0,0.2727273,11,0.49,2012,GN,2016,data/maharashtra/mumbai/dataverse_IO9SLQ/fulldata_reshaped.tab
2016-GS,12.481481,23,16,28,19.4,7,32,14.5,12.958333,,15.333333,26.555556,12.382609,28,35,12.690909,10.8,11.388889,,10.75,11.224719,6.6923077,,17.5,11.066667,36.666667,11,31.857143,11.155844,27.333333,20.861111,25.181818,14,14.04,42,9,22.979167,13.5,20.5,14.5,30,8.3571429,,,7.6666667,,,,,15.333333,,,37.4,13.522388,21,28,9.8888889,19.75,22.833333,36,,10.65,,,,13.275862,4,,,23.666667,21.666667,20.692308,22,18.95,28,11.125,21.7,25.333333,10.857143,23.333333,23.133333,9.4166667,14.773333,10.267857,33,22.5,,11,13.333333,27,35,22.25,31.5,20.027778,,10,,0.4444444,0,0.7777778,9,0.66,2012,GS,2016,data/maharashtra/mumbai/dataverse_IO9SLQ/fulldata_reshaped.tab
2016-HE,26.333333,,,27,14.5,72.5,36,2.6666667,19.685714,,25.666667,49.666667,6.3893805,,59,7.254902,11.25,11.633333,26,13.5,22.964912,,9.6666667,26.909091,16.7,,71,,7.3188406,,39.4,,8.6,14.5,24,9,46.5,,5,32,39.5,32,,,,,,,,,,,35,29.55,59,27,50.833333,7.7857143,,,,11.391304,,,,16.357143,,,,26.5,38.5,51.666667,31.75,45.307692,,12.75,26.5,37,11.125,37.444444,,28.642857,14.969697,32.978723,50,,,32.5,,31.5,6.75,30,23.666667,51.571429,,,,0.3636364,0,0.5454546,11,0.47,2012,HE,2016,data/maharashtra/mumbai/dataverse_IO9SLQ/fulldata_reshaped.tab
2016-HW,17.389706,18.428571,50.75,,9,1,23,,15.478261,,22.931034,27.5625,5.59601,26,,17.892857,8.5,9.6909091,38,9,11.423077,38,30.25,18.52,15.058824,,14,6,19.515625,,25.552632,32.333333,,7.6666667,16.333333,31,16.266667,19.5,20.142857,22.5,19,,,,,,,,,,,,30.4,19.396552,,6.5,42.846154,12.25,18.75,47,,22.941176,21,24.166667,,10.361111,22,10.25,,25.2,26.5,32.090909,34.444444,16.618182,,18.333333,33.428571,13.333333,7.5714286,62,23.75,42.736842,21.1,42.868421,89.75,18,,49,,25.5,11,15.666667,27.153846,25.333333,,1,17.5,0.4,0,0.6666667,6,0.68,2012,HW,2016,data/maharashtra/mumbai/dataverse_IO9SLQ/fulldata_reshaped.tab
2016-KE,27.335714,17.454545,18,27.333333,23.609756,31.166667,23.571429,23,25,,31.642857,25.377049,12.463462,24.833333,18.315789,18.116564,19,22.805556,35.5,20.814815,13.397541,,7.5714286,21.376344,21.1,28,29.75,29,17.172043,,28.449664,24.136364,18.6,19.0625,19.615385,6,28.854839,23.866667,30.583333,30,17,16,,3,9,,27,13,,6.3333333,,,33,25.408602,40.333333,35.631579,50.071429,18.964286,27.327273,36.5,18,15.131579,16.5,20.555556,7,21.561404,22,22.5,,22.846154,27.553191,27.791667,24.705882,22.632258,26.666667,16.666667,26.521739,26.171429,30.733333,22.5,24.895833,49.9,9.9831224,42.8,,,,18.6,17.75,21.078431,21.4,28.857143,24.777778,19.082192,13.916667,23.333333,17.6,0.2,0,0.7333333,15,0.67,2012,KE,2016,data/maharashtra/mumbai/dataverse_IO9SLQ/fulldata_reshaped.tab
2016-KW,32.809735,43.666667,32.5,35.285714,29.952381,22.5,28.947368,,26.571429,,41.842105,34.052632,5.1500525,13,35.25,20.264901,18,29.4,24,44.472222,17.114007,51.6,19.363636,38.5,29.892857,25.5,30,30.210526,20.957346,,32.367089,36.357143,45,33.952381,26.833333,29,33.461538,13.666667,20.7,9.6,15,15.333333,,,14,,5,,,,,,43,30.206897,19,,31.724138,40.24,34.04,49,34,18.53125,40.5,,26,27.857143,64.666667,36.6,,34.333333,25,39.5,12.941176,31.172727,42,21.935484,34.7,32.85,29.166667,22.041667,19.8,44.535714,12.22314,42.632035,4,,,27.071429,16.333333,43.206897,21,37.666667,22.65625,21.392857,9,3,54.5,0.25,0,0.3846154,13,0.66,2012,KW,2016,data/maharashtra/mumbai/dataverse_IO9SLQ/fulldata_reshaped.tab
2016-L,7.4694836,,34.5,,5.8571429,,5,35,24.892857,,4.25,7.3333333,12.067797,22.5,24,29.863636,28.166667,26.035088,9,21.6875,31.941176,28.823529,23,7.5,20.571429,8.5,5,,30.838235,,5.7692308,,28.666667,21.916667,,43,11,24.857143,29.5,30,33,42.5,,,,,,,,9,,,6,8.9655172,12.5,19,34.829787,28.2,3,10,,32.473684,,,15,22.956522,,,,14.75,6,6.75,30.666667,4.75,,20.333333,,8,19.84375,10,16.25,35.769231,27.257426,32.733333,27,19.25,69,23.333333,,6.6666667,,8,15,14.333333,,27.666667,,0.2,0,0.6666667,15,0.29,2012,L,2016,data/maharashtra/mumbai/dataverse_IO9SLQ/fulldata_reshaped.tab
2016-ME,8.6201117,,15,17.5,14.892857,10,16.222222,36,24.416667,,54,17.538462,11.527397,,8.1666667,11.942857,32,29.866667,10,31.454545,55.055556,,24,47.6,31,9,10.6,17,13.079646,38.5,10.838235,19.380952,41.75,26.416667,,10.5,10.877551,12.5,11,,5,31,,10,,,,,,60,,,,11.878049,17,11.818182,42.692308,40.25,11.222222,11.5,16,11.35,6,13.333333,62,33.846154,,13.857143,,15.214286,13,18.181818,23,39.333333,11,27,13.714286,10.375,33.833333,57.777778,12,39.8,42,29.730263,46.814815,14.25,59,62.666667,41,49,24,,30,25.066667,,41.666667,,0.4615385,0,0.3846154,13,0.05,2012,ME,2016,data/maharashtra/mumbai/dataverse_IO9SLQ/fulldata_reshaped.tab
2016-MW,41.811881,14.625,,14,39.266667,45,37.25,32.25,15.777778,,11.157895,28.444444,33.091667,,28,9.7333333,23.625,17.857143,,40.111111,23.813559,102,25,8.8055556,17.846154,13.666667,57,8.5,12.493827,,31.545455,46.75,32.5,34.6875,,,32.891892,11.5,31.4,4,,39,,,,,,,,,,,11,28.670886,,49,38.714286,17,34.764706,32,,10,23,33,16,34,17.5,26,,21.4,30.8125,21.090909,22,12.5,,24,34.142857,35.681818,23.25,29.75,44.375,42,5.9795918,42.733333,,55.5,,29,,17.533333,24.5,10,30,31.454545,,14,6.75,0.1666667,0,0.75,8,0.33,2012,MW,2016,data/maharashtra/mumbai/dataverse_IO9SLQ/fulldata_reshaped.tab
2016-N,13.56,13.69697,,30.555556,28.7,31,26.230769,3,6.3939394,,25.125,12.153846,22.844961,,25.636364,8.6373626,6.4090909,6.8055556,,8.6923077,12.140741,,9.4285714,14.994413,11.393939,,,23,9.8294118,18.5,20.02439,24.583333,6,7.6551724,31.25,8.3333333,31.513514,16.428571,27,6,,15,,2,12.2,,,11,,8,,3,15.75,21.128205,,31.8,31,6.7222222,26.133333,33,5,5.8235294,,12.416667,6,8.7391304,,10.333333,,41.25,19.461538,23.285714,30.5,19.075,11.8,6.375,32.666667,31.727273,6.4347826,23.259259,33.583333,22.25,10.80198,32.454545,4.6969697,,3,18.5,53.5,17.038462,7.3333333,14.333333,15.2,23.303571,18.5,11.5,3,0.1818182,0,0.5,12,0.52,2012,N,2016,data/maharashtra/mumbai/dataverse_IO9SLQ/fulldata_reshaped.tab
2016-PN,15.109195,22.714286,23.5,35.85,21,22.25,3.5,36,25.947368,,21.931507,16.238095,15.246032,8,31.2,11.494444,37.777778,37.933333,,24.470588,19.119266,33.333333,18.571429,22.428571,30.066667,35,32,30,11.619048,,19.694737,20.181818,25.5,40.675,18.636364,20.75,29.345455,13.375,24.428571,12.5,11.6,17.25,,14.666667,6,,,5,,8,,,24,27.756522,42,31.363636,23.2,30.75,21.470588,,4,12.880952,23.2,9.1428571,24.5,32.452381,7.3333333,17.333333,,15.166667,18.928571,16.111111,12.774194,21.078261,9,31.263158,18.535714,20.76,27.714286,19.64,18.896552,27.066667,18.228346,20.949008,,,,30.076923,54.5,23.1375,9.5,26.466667,23.583333,22.5,15,50.571429,24,0.1333333,0,0.3125,16,0.47,2012,PN,2016,data/maharashtra/mumbai/dataverse_IO9SLQ/fulldata_reshaped.tab
2016-PS,9.7813953,12,43,24.571429,6,18,24,,12.044444,,23.25,25.16,15.375723,36.571429,24,15.378049,15.75,13.913043,23,17.233333,13.590909,80.285714,9.15,24.111111,15.384615,,,,16.306122,,24.454545,33.75,28,14.0625,27.8,23,47.454545,,25.5,22,29.2,23.777778,,,,,,,,8,,,16,23.190476,29,40.333333,16.9,13.65,24.875,,,9.1818182,,18.478261,8.6,11.827586,29.5,33,,35.166667,25.789474,33.625,25.333333,24.590909,,13.636364,35.833333,28,8.7368421,18.5,39.2,40,9.8586957,29.24,,,,31,,34.526316,22.166667,58.714286,14.333333,35.928571,11,45,27.5,0.5,0,0.625,8,0.59,2012,PS,2016,data/maharashtra/mumbai/dataverse_IO9SLQ/fulldata_reshaped.tab
2016-RC,20.731959,51.5,,29,29,19,,11,12.207547,,30.62069,31.666667,6.104918,40.166667,18.6,15.392,11.555556,13.625,4,13.12,21.504505,21.5,12,28.15,12.2,,,8,16.572327,,41.833333,13,10.5,14.6,32.333333,10,,14.25,16.833333,32,,,,,12,,,41.5,,8,,,20,21.357143,,38,16.5,14.458333,34,,,19.777778,,,3,13.541667,44,,,18.142857,16.0625,31.571429,48,32.046729,25,8.2777778,35,40.785714,13.05,23.142857,36.036145,46.625,7.6181818,31.96,,,,39.25,14,23.814815,9,26,15.172414,28,14,,34.4,0,0,0.6,10,0.84,2012,RC,2016,data/maharashtra/mumbai/dataverse_IO9SLQ/fulldata_reshaped.tab
2016-RN,53.619048,14,,43,30.857143,41,,15,36,,11.375,42.5,4.9065421,,24,38.535714,14.666667,17,,1.5,24.357143,52,39,9.25,11.333333,88,,,34.7,,38.28125,48,19.5,6.5,5.875,,78,4,42.5,,,42.666667,,,18,,,,,6,,,12,31.73913,14,72.333333,38.428571,15.571429,62.333333,,,35.818182,,43,,9.2,28,17,,15.75,25.75,27.727273,,12.461538,,7.6666667,72.5,97.75,18.5,31.5,66.125,34.576923,38.1,29.141791,,,,37.5,,12.9,,11.8,,40.571429,,46,12.8,0.1428571,0,0.5714286,7,0.69,2012,RN,2016,data/maharashtra/mumbai/dataverse_IO9SLQ/fulldata_reshaped.tab
2016-RS,14.136232,15.1875,27,27.875,23,34.368421,32,44.5,11.148148,,20.464286,19.086957,12.797101,13.285714,31.285714,13.878788,3,14.875,,21.625,36.86,20.142857,18.333333,23.342857,10.48,49,18.666667,36.5,13.386364,,24.144928,24.428571,17.333333,15.611111,26.6,8.1666667,31.361111,9.6666667,17,6,4,10.75,,9.8333333,,27,,2,,23,,,29,22.896104,24,22.7,25.333333,22.681818,32.333333,24.4,25,13.619048,16.166667,23.714286,,15.258065,9.75,28.666667,,20,22.875,25.813953,,17.767123,18,19.318182,31.615385,22.333333,15.857143,39.923077,18.866667,25.325,20.078125,24.878924,18.571429,,,50,36,10.576923,8.5,4.5,18.647059,28.972973,,3,7.8333333,0.5454546,0,0.4545455,11,0.54,2012,RS,2016,data/maharashtra/mumbai/dataverse_IO9SLQ/fulldata_reshaped.tab
2016-S,33.943396,21.586207,,28,28,18.5,27.428571,14.5,8.3448276,,19.066667,23,22.259615,,28.454545,18.480519,10.545455,17.387097,,14.058824,27.7625,52.5,27.428571,18.611111,5.1111111,24,28.666667,,20.566667,13.5,30.129032,29.5,40,9.25,30.285714,40,31.230769,12.5,25,12.5,,32.5,,26,34.5,,,,,29,,,29.6,27.322581,37,,24.285714,17.153846,31.583333,36,15.5,32.551724,,17.142857,5.6666667,20.736842,11,28.333333,,29,31.875,29.16,16.230769,21.333333,6,9.9444444,37.333333,29.571429,19.461538,,29,28.181818,8.8358209,25.438525,17.36,,4,26.166667,13,16.964286,,25.25,46.666667,30.842105,,10,,0.4615385,0,0.2307692,13,0.51,2012,S,2016,data/maharashtra/mumbai/dataverse_IO9SLQ/fulldata_reshaped.tab
2016-T,9.37,7.4285714,,28,26.571429,26.5,12,20,11,,15.125,,35.04,41,32.333333,9.0793651,19,14.6,8,15,34.363636,37.666667,,11.446809,8.6,33,,42,9.8539326,4,31.709677,21,,12.166667,9.5,9,44,9.6666667,51,,12,36,,,,,,,,5,,,10,36.25,60,39.666667,47.25,11,41,8,,9,11.5,,12.333333,14.04,13.333333,,,20.75,20,16.5,16,12.956522,22,13.666667,37,46.791667,12.1,16.066667,44.285714,40.181818,17.931034,38.177778,17,,32,21,,15,9.5,4.5,3,19.941176,,15.75,10.6,0.6,0,0.5,6,0.76,2012,T,2016,data/maharashtra/mumbai/dataverse_IO9SLQ/fulldata_reshaped.tab
2017-A,32.52,14,46,142.6,274.5,123,90.75,,51.5,,24.393939,29.214286,152.38251,167,140,43.894737,115,116.21277,1,43.722222,74.54918,90.555556,100,21.428571,35.888889,67,26,87.555556,46.514286,,104.8625,183.5,215.66667,112.7619,25,130,122.375,,227.78571,22.64,35,,,,,147.5,,221,,,,,79,160.74286,176,14.333333,49.571429,95.235294,45,134.28571,,50,31,80.368421,,52.035714,,119,,181,129.83333,53.74359,57.375,20.688889,149.66667,2.52,100.33333,132.875,24.25,63.666667,75.875,68.866667,37.15,62.442424,99,,,94.75,9,18.5,42,31.571429,85.205882,97.3,,1,11,0.3333333,0,0.6666667,3,0.58,2017,A,2017,data/maharashtra/mumbai/dataverse_IO9SLQ/fulldata_reshaped.tab
2017-B,17.885714,,,,9.5,,,2,1.7,,5.4666667,42,21.490066,,,78.090909,1,2.5454545,,1.9772727,49.379433,,220,3.3333333,3.25,,14,,128.4,,97.666667,,,2.6818182,,,123.25,124,6,34,,,,,,,,,,,,,2,27.351351,,,18.6,1.6923077,,,14,147.79167,,124.5,,1.5666667,,,,14.5625,42.125,48.571429,21.142857,4.6027397,,1.6,,,1.125,64.133333,,8,59.75,16.735849,195,,,,51,8.5,125,3,112.2,68.5625,11.333333,1.5,9,0.5,0,1,2,0.71,2017,B,2017,data/maharashtra/mumbai/dataverse_IO9SLQ/fulldata_reshaped.tab
2017-C,30.385714,6.7272727,,64.642857,38,44.580645,,11.333333,5.6666667,,5.2111111,51.166667,26.337748,30,64.333333,51.454545,1.1666667,2.507772,8,2.0190476,36.407821,,,5.3181818,1.1666667,16.5,144.75,80.875,46.153846,128,48.074074,72,1,3.8571429,6,,53.211765,,35.4,34.791667,20.25,,,,,55,,,,,,,2.5,38.549296,,19.5,109.5,1,67.333333,125.33333,,70.764706,210,47.75,,5.9722222,,19,,16.277778,29.916667,27.904762,35.222222,5.4684685,,5.1666667,31,68.5,2.0434783,65.902439,40.6,,77.318182,,46,,,,140,6.3333333,109,5.6666667,234,66.672414,105.66667,1,1,0.3333333,0,0.3333333,3,0.89,2017,C,2017,data/maharashtra/mumbai/dataverse_IO9SLQ/fulldata_reshaped.tab
2017-D,22.575581,14.111111,74.4,19.333333,15.416667,18.035714,12.333333,1.2,71.375,,12.836364,29.8,43.105769,12.4375,13.2,15.382022,1.3333333,23.613445,265,23.390909,41.103896,56.875,31.809524,11.666667,3.6785714,17.5,54.833333,33.142857,11.111111,189,28.613636,25,1,41.639344,,,24.934066,17.75,34.888889,77.794118,175.5,,,,,143.4,,,,,,,16.45,48.228216,22.6,18.666667,45.758621,30.470588,41,29.6,139,16.375,18.615385,34.172414,27.833333,40.855422,17.666667,27.2,,63.5,118.95652,26.092105,188.77778,12.96748,151.75,70.9375,47.333333,22.954545,45.5,59.742857,13.8125,45.870748,12.304348,44.870861,97.3,126,22,32,61.5,11.636364,21,8.2857143,76.173913,41.628571,32.857143,58,,0.5,0,0.6666667,6,0.96,2017,D,2017,data/maharashtra/mumbai/dataverse_IO9SLQ/fulldata_reshaped.tab
2017-E,19.941176,23,17.7,12,29.6,12.75,4,4.4,3.5882353,,20.779412,39.142857,14.214592,13.666667,9.6666667,6.2,1.6363636,3.2947368,1.25,2.5,20.472603,29.916667,13.142857,19.5,3.3076923,32.916667,42.333333,26,6.1549296,,29.890411,12,5.8,3.2352941,,,23.622951,12.5,17.428571,14.6,31.333333,,,,36.291667,34,,,,,,,17.166667,16.300654,23.5,41.272727,34.72043,2.8571429,26.5,19.5,,6.9861111,,44.571429,1,9.3267327,,24.5,,21.071429,17.888889,29.02439,23.466667,18.029412,49,14.210526,39.5,38.6,3.2941176,17.416667,15.473684,27.072072,4.7272727,30.56848,98.428571,68,75,11.2,9,17,8.1818182,9.3333333,26.825397,42.020408,,1,32.2,0.2857143,0,0.4285714,7,0.54,2017,E,2017,data/maharashtra/mumbai/dataverse_IO9SLQ/fulldata_reshaped.tab
2017-FN,15.561151,13.6,10.75,8.3333333,16.625,15.583333,35.5,3.5,5.0526316,,10.4375,31.479769,16.772727,50,49.6,13.393939,13.454545,7.0243902,14.875,3.3186813,15.512415,15.3125,12.545455,15.40625,2.5333333,17.7,5.375,21,13.911765,15,25.388889,22.636364,24.666667,3.5892857,8,6.75,30.853659,13.4,6.1428571,7.2727273,14.5,,,,,18.888889,,,,,,,9.0833333,18.366667,19.7,9.5,12.157895,2.5217391,20.833333,27.428571,,10.285714,26.153846,15.533333,1.25,4.474359,,11.571429,,24.111111,23.214286,15.625,14.727273,8.7076923,11.4,10.277778,25.24,20.6,5.3333333,7.3125,26.862069,13.771429,9.1904762,15.795699,16.75,,,16.333333,3,11.185185,15.1,12.909091,16.529412,13.526316,13,5.75,7.3333333,0.4,0,0.4,10,0.41,2017,FN,2017,data/maharashtra/mumbai/dataverse_IO9SLQ/fulldata_reshaped.tab
2017-FS,29.061224,17,55.5,94,70.777778,32,2.5,7,1.25,,22.714286,28.363636,41.205128,,113.5,22.807692,1.0666667,2,,1.6428571,42.384615,71.090909,89.5,25.916667,15.846154,99.5,62.5,38,20.290323,,57.9,41.4,8,32.086957,18.5,49,54.328571,25,114.2,5.3666667,15,,,,72.833333,99.2,,,,,,,32.2,67.791667,135,8,136.31818,23.4375,64.857143,,17,32.25,60.5,31.423077,,3.4761905,15,74.666667,,39.875,30,29.947368,18.444444,37.411765,36,5.1666667,49.142857,52,10.894737,95.555556,83.8125,79.7,42.380952,74.868421,103,,142,96,101.66667,47.363636,23.166667,32.5,96.736842,50.473684,,1,14,0.2857143,0,0.5714286,7,0.67,2017,FS,2017,data/maharashtra/mumbai/dataverse_IO9SLQ/fulldata_reshaped.tab
2017-GN,54.30303,15,124,,156.21429,,,57.25,21.461538,,24.022222,91.333333,117.32468,,137,16.8,32.666667,7.804878,34.625,23.977011,11.34072,88.5,50.4,11.857143,13.153846,31,,,14.01,22,62.25,,1.5,52.675926,56,10.5,95.454545,12.5,175.33333,83.952381,150.66667,,,,,,,,,,,,20.909091,136.75,207,,138.95238,25.933333,,62,90,14.588235,,70.875,1.25,50.144231,14.5,,,134.1,148.33333,52.967742,151.72727,15.119048,2,58.9,127,206,23.615385,95.57971,30,206.68,59.953125,121.5672,32.715596,45.142857,78.615385,173.75,47.333333,12.469136,8.4,15.75,20.558824,69.069444,58.4,124.5,19.285714,0.2727273,0,0.6363636,11,0.49,2017,GN,2017,data/maharashtra/mumbai/dataverse_IO9SLQ/fulldata_reshaped.tab
2017-GS,30,56,27.2,36,100.72727,140.23077,63.5,1,8.4444444,,48.529412,46.470588,67.651685,86,67.555556,19.153846,1.3333333,4.7083333,1,3.6086957,49.301775,18.2,,31.75,1.8571429,119.25,104.2,64.769231,16.208791,174,50.959184,10,2,7.3428571,,10,48.967213,,31.5,23.527778,37.5,,,,,349,,,,,,,56.5,88.011364,18.25,37.571429,17.115385,3.25,121,128.75,,17.107143,46,41.346154,2,7.4776119,11,101.16667,,139.85714,111.21739,48.740741,32.785714,26.655172,51,1.3333333,39.714286,45.615385,4.7692308,29.333333,63.941176,15.851613,40,17.676923,227.63636,,182.1,31.333333,59.571429,44.375,34,42.6,178.97561,51.348485,69,13.285714,,0.4285714,0,0.1428571,7,0.66,2017,GS,2017,data/maharashtra/mumbai/dataverse_IO9SLQ/fulldata_reshaped.tab
2017-HE,48.798507,93.8,58.5,46,68.75,61,54.5,2,11.545455,,54.362069,93.173913,23.674419,110,38.615385,6.2307692,10.857143,5.625,1,6.3275862,45.77305,24,26,61.058824,9.1071429,23,35.5,90.142857,8.3076923,137.28571,99.506024,158.16667,15.285714,10.413043,53.333333,42,86.642857,7,50,24.969697,32,,,,,44.833333,,,,,,,102,54.365854,75.75,24.5,60,19.545455,95.857143,60.8,,5.3684211,150,90.631579,1,9.7058824,11,142,,63.444444,44.791667,52.487179,23.818182,53.263158,215,6.6190476,102.09091,56.272727,2.9473684,61.777778,68.052632,62.9,29.180328,68.620192,93.6,16.75,95.6,43.666667,88.666667,70.2,5.5,98.166667,45.259259,87.697674,75.333333,3.1428571,8,0.4,0,0.4,10,0.47,2017,HE,2017,data/maharashtra/mumbai/dataverse_IO9SLQ/fulldata_reshaped.tab
2017-HW,34.071429,22.714286,132.42857,34,34.7,52.2,33.6,1,5.2,,29.894737,51.75,13.435318,35.5,11.642857,21.275862,6.3333333,3.7,,5.65,58.523179,78.807692,29.5,35.954545,1.3529412,52,22,41,27.455882,156.33333,37.24,38,3,15,28.6,21,36.352941,33.333333,43.076923,12.71875,32,,,,,40.333333,,,,,,,27,29.433121,74.636364,20.642857,91.612903,2,20.444444,29,7,53.333333,64,34.214286,1,7.7653061,3,33.4,,26.111111,34.306122,36.563636,15.4,34.964286,24,8.2962963,39.444444,27.941176,1.8333333,28.555556,26.758621,96.141509,21.37037,95.703601,99.208333,,125.5,72,26.666667,40,35.857143,37.4,40.891304,33.022727,25.5,1.25,90.5,0.3333333,0,0.3333333,6,0.68,2017,HW,2017,data/maharashtra/mumbai/dataverse_IO9SLQ/fulldata_reshaped.tab
2017-KE,33.21513,22.722222,52.363636,51.153846,44.54717,45.076923,43.076923,17.75,32.765957,,14.255814,39.585366,25.883681,70,50.388889,46.584906,12.03125,40,1,14.576923,20.362694,61.416667,50,19.949495,17.727273,51.625,82.285714,42.642857,45.11976,,53.196226,56.484848,4,42.341176,16.888889,57,49.193548,54,40.052632,33.378049,22,,,,,210.21053,,,,,,,18.777778,46.251748,111,41.944444,76.453333,42.918919,53.857143,51,,36.434783,31.25,48.535714,,27.822222,14,53.666667,,48.787879,55.758621,50.021978,59,13.618557,51.333333,16.405405,48.59375,52.871795,7.6976744,15.277778,54.689189,69.673077,10.433333,73.986628,,,,46.454545,13.958763,15.803571,48.9,13.538462,54.718121,32.255172,26.636364,103.75,16,0.2666667,0,0.3333333,15,0.67,2017,KE,2017,data/maharashtra/mumbai/dataverse_IO9SLQ/fulldata_reshaped.tab
2017-KW,38.704846,63.277778,88.580645,46.5,41.925926,53.462963,58.6875,10.666667,19.821429,,50.049587,44.205882,19.266217,69.333333,33.034483,88.790576,17.5,8.7727273,1,13.25,32.180147,80.588235,27.461538,49.927536,13.573333,75,88.5,73.777778,98.120521,,67.974359,161.5,20.619048,36.319588,29.375,137.5,69.470968,44.333333,73.052632,10.454545,82.6,,,,61.333333,45.909091,120,,,,,,35.454545,58.723602,82.363636,75,82.654135,12.583333,69.3,37.777778,33.333333,86.705882,42,56.87931,1.4285714,17.44186,57.8,61.736264,,104.72414,69.347222,65.262626,18.25,49.278947,113.8,27.04878,44.47619,77.791209,10.581081,21.565217,66.794872,80.204724,22.567568,69.787905,158,43,,117.66667,63.571429,57.204301,86.705882,51.47619,57.431818,42.588235,,142.5,22.5,0.3076923,0,0.7692308,13,0.66,2017,KW,2017,data/maharashtra/mumbai/dataverse_IO9SLQ/fulldata_reshaped.tab
2017-L,14.843137,,,,13,,,1,1.4333333,,,,6.7275449,,,,1.4166667,1.5675676,1,1.2666667,,,,,1.2222222,,,,,,,,1,1.4666667,,,,,53,39.52381,55.5,,,,,,,,,,,,,13.169811,,,23.25,1.7272727,,,,,,,2,1.7368421,,,,90,20.5,,57.6,,,1.4772727,,,1.4,,,25.666667,51.042254,31.377778,,,,,,,,,74,,,1.3333333,,0.4375,0,0.375,16,0.29,2017,L,2017,data/maharashtra/mumbai/dataverse_IO9SLQ/fulldata_reshaped.tab
2017-ME,13.365217,194.84615,128.4,16.9,11.611111,17.357143,11.607143,25,17.181818,,147.88525,10.952381,12.784452,13.75,11.666667,19.211538,6,14.189189,1,11.709677,72.045802,127,235,164.32911,1.3714286,13.25,13,20.5,30.448276,51,13.6875,14.5,12.5,22.276596,141.91667,40.25,14.157407,56.666667,27.363636,33.826087,40,,,,33,83.166667,,,,,,,160.4,12.833333,141.5,16.857143,228.66667,15.615385,16.692308,6.3333333,13,20.774194,14.5,11.916667,,8.7083333,110.25,17.5,,11.307692,15.25,13.40625,58.928571,143.82353,,2.2222222,12.777778,13.487179,8.7037037,103.38095,11.942857,200.2,83.85,182.67942,57.430769,44,59.25,142.33333,88,161.45098,110.8,191.11111,115.64706,43.304348,47,9.1428571,65.333333,0.4,0,0.7333333,15,0.05,2017,ME,2017,data/maharashtra/mumbai/dataverse_IO9SLQ/fulldata_reshaped.tab
2017-MW,17.783333,22.888889,111.6,13,31.283333,25.75,15.75,1,51.315789,,38.725806,37.375,14.424474,20.333333,22,12.35,18,35.333333,220,16.666667,35.636364,155.2,138.6,30.393939,19.219512,25.857143,21,31.833333,13.53125,131.4,36.782609,33.428571,1.6,33.625,27.4,,28.861538,21.25,16.375,26.7,,,,,,120,,,,,,,99.666667,27.935065,27,47.857143,161.52941,78.416667,21.285714,34.25,,10.125,19.5,33.73913,1.25,56.553191,33,20.285714,,42.047619,30.829268,50.185185,39.4,39.278481,8,8.6818182,32.642857,34.016129,35.153846,74.571429,21.814815,115.63333,10.837838,120.72464,112.63158,50,139,80.6,30.5,39.548387,21,29.333333,176.17647,49.392857,50,77.3,26.125,0.4285714,0,0,7,0.33,2017,MW,2017,data/maharashtra/mumbai/dataverse_IO9SLQ/fulldata_reshaped.tab
2017-N,24.245033,18.789474,74.333333,28.785714,28.066667,16.05,23.8125,2.75,1.6,,38.555556,14.470588,12.595645,34.5,17.692308,33.402985,1.6724138,2.4918033,,1.4710744,10.908023,75.5,10.857143,16.402516,1.2424242,28.090909,24.454545,18.5,28.5,91.588235,26.22619,31,6,2.7346939,16,23.666667,25.818681,28.666667,32.047619,9.6222222,38.1,,,,,24.8,,,,,,,19.75,19.509009,122.33333,59.25,82.823529,3.4827586,16.571429,27.4,,30.741935,39,22.621622,3.5,2.3780488,28,23.833333,,30.423077,25.305556,20.075,13.452381,23.714286,21,1.8571429,18.857143,32.650602,2.5142857,5.4565217,48.210526,82.362832,4.2536232,76.892297,46.5,98.333333,68.157895,111.71429,3.3333333,19,33.625,19.615385,7.4528986,13.793103,8,4,32,0.1818182,0,0.5454546,11,0.52,2017,N,2017,data/maharashtra/mumbai/dataverse_IO9SLQ/fulldata_reshaped.tab
2017-PN,33.142857,36.6,73.5,53.952381,62.833333,25.7,47,81.8,22.153846,,32.144444,42.044444,38.509202,28.333333,47.769231,35.813559,20.909091,28.814286,73.5,15.898649,46.61008,117,43.833333,46.107143,5.3714286,94.5,31.2,73.6,37.788177,,47.571429,69.863636,49.181818,34.387097,25.434783,52,51.894737,40.428571,52.4,12.618182,15.75,,,77,63.5,126.91304,,45,,,,,19.5,56.292994,92.5,55.8,116.4127,60.044444,50.5625,64.833333,,45.440678,61,31.243902,1,29.402299,31.777778,65.368421,,54.928571,46.111111,42.528571,28.3125,27.789116,25.75,30.606061,47.770833,51.548387,45.428571,82.259259,45.578947,122.08219,71.488636,106.85672,291,,,121.625,50,29.766667,49.909091,28.4,48.891892,59.217391,89.714286,54.73913,34.692308,0.4444444,0,0.6111111,18,0.47,2017,PN,2017,data/maharashtra/mumbai/dataverse_IO9SLQ/fulldata_reshaped.tab
2017-PS,38.03268,35.444444,84,44.842105,57.904762,46.7,51.928571,157,9.3846154,,26,59.25,26.480159,84,76,15.140845,4.2666667,8.7857143,1.5,7.1555556,38.550459,102.66667,59.75,51.195122,6.5714286,16.5,72.888889,53.227273,16.27381,2,76.2,179,39,8.5454545,52.428571,13.666667,97.058824,29,61.666667,20.051282,86.428571,,,,,18,,,,,,,22.833333,53.822222,147.66667,68.833333,120.33333,18.894737,55,37,87,18.066667,59,64.380952,28.466667,10.473684,37.333333,113.85714,,36.166667,60.333333,49,39.75,19.313253,86.666667,9.16,79.285714,75.96,10.40625,13.857143,67.863636,133.12963,19.981481,143.88254,9,,25,84.166667,,25.724138,45.909091,27,25.358974,81.1,9,62.5,22.25,0.3333333,0,0.5555556,9,0.59,2017,PS,2017,data/maharashtra/mumbai/dataverse_IO9SLQ/fulldata_reshaped.tab
2017-RC,79.039735,27,158,189.08333,143.58333,175.21429,185.6,1,34.545455,,52.694118,218.17647,62.058252,183,176,77.763158,26.935484,19.920455,13,19.897059,114.28875,,15,30.272727,7.4054054,229.94118,151,205.91667,79.317073,,160.09091,145.7,2,24.795181,40.5,61.333333,166.20909,74,181.25,80.451613,48,,,302,,70.555556,,,,,,,38,163.14423,,247.66667,183.8,31.916667,208.20588,283,,58.466667,88.888889,192.35,26,32.935484,51.75,153.66667,,156.63158,170.34286,239.01887,72.142857,41.12931,199.8,1.53125,166.71429,204.77778,15.972973,80.934783,101.19091,164.81818,24.72,213.6,,,,,76.333333,41.2,56.2,79.5,21.205882,102.66265,64,38.4,43,0.2,0,0.3,10,0.84,2017,RC,2017,data/maharashtra/mumbai/dataverse_IO9SLQ/fulldata_reshaped.tab
2017-RN,60.235294,15.4,,29,61.333333,32,116.6,23.25,85.142857,,15.96,74.6,19.040984,,49.555556,111.74194,5,27.6,,12.393939,115.27473,,66.333333,12.941176,11.058824,70,,36.25,147.37209,,78.578947,68.285714,1,25.777778,12,95,82.71875,,51.333333,121.88235,43,,,,,129.42857,,,,,,,10.444444,59.244444,,,,41.2,81.5,76.5,19,150.5,40,101.64286,,31.041667,3.5,,,50.272727,46.75,91.481481,189.14286,11.190476,86.333333,1.4545455,59.125,94.454545,19.666667,121.65,74.5,,66.263158,38,,,,,163,10.363636,102.5,10.6,32.75,83.314286,60.666667,25.166667,14.714286,0.25,0,0.375,8,0.69,2017,RN,2017,data/maharashtra/mumbai/dataverse_IO9SLQ/fulldata_reshaped.tab
2017-RS,30.386364,31.571429,150.33333,35.75,45.041667,33,36.285714,,3,,48.692308,35.423077,22.468531,28.75,39.5,20.967742,3.0909091,2.8636364,,3.7019231,87.952381,105,36.428571,50.692308,1.34375,35.916667,8.3333333,36.714286,23.171233,95,27.850467,41.555556,79.428571,4.0945946,79.307692,15.916667,36.33526,2,39.766667,27.464286,83.333333,,,,,50.307692,,,,,,,92.5,35.533333,17,25.833333,124,3,48.5,39.666667,35,19.866667,36.5,36.885714,1.75,4.9259259,104,25.142857,,34.612903,34.24,33.211268,60.722222,48.381356,30.307692,2.2903226,44.923077,43.54,4.2857143,106.25,41.423077,103.14634,22.6,77.937086,99,,94,17,20,54.8,30.666667,19.6,45.185185,65.056818,70.090909,2,22.25,0.4166667,0,0.5833333,12,0.54,2017,RS,2017,data/maharashtra/mumbai/dataverse_IO9SLQ/fulldata_reshaped.tab
2017-S,52.659091,19.541667,229,150.9,127.75,102.08333,144.125,1,71.5,,38.407407,81.416667,62.175287,122.66667,127.22222,16.1,23.48,54.06383,305.5,42.37037,141.80952,94.5,52.625,21.198582,1.3125,159,142.8,183.6,20.5,284.75,103.14085,121.11111,102,36.354167,12.681818,5,117.96104,6,148.07143,40.964286,97.285714,,,,,175.85714,,,,,,,28.285714,93.070968,57,126,122.02703,24.259259,70,35,,18.03125,,51.958333,166.5,39.041667,16.5,95.333333,,137.11111,108.04,123.44828,109.11765,25.807692,49.5,7.8695652,59.875,155.33824,136.47368,174.59091,138.1,182.59375,59.466667,159.81141,177.15,,145.85714,32.333333,141.6,16.673913,6.5,15.166667,116.54167,151.38636,231.33333,1,8,0.2857143,0,0.7857143,14,0.51,2017,S,2017,data/maharashtra/mumbai/dataverse_IO9SLQ/fulldata_reshaped.tab
2017-T,50.230769,27.4,,,327.5,234,,31.25,6.5454545,,27,19.5,41.829493,,81,19.285714,1.5,3.2258065,1,3.9230769,45.774775,,106,24.033898,3.025,243.5,130.5,153.5,18.33945,,181.15789,245.8,,11.857143,58.5,35,169.15789,,,39.347826,71.666667,,,,,65.416667,,,,,,,23.142857,110.55556,,,,5.625,222,237,,19.4,44.5,179.16667,2,6.7391304,43,252,,63.2,83.454545,151.56522,48.25,27.5,368,1.6666667,332.25,140.88889,2.6923077,16.333333,229.8,162,19.324324,165.4,,,,,,35.333333,14.25,29.25,56.75,77.6,28,11.166667,,0.1666667,0,0.3333333,6,0.76,2017,T,2017,data/maharashtra/mumbai/dataverse_IO9SLQ/fulldata_reshaped.tab
2018-A,14.928,21.272727,22.333333,218.66667,77.285714,114.83333,152.75,10,60.2,,16.095238,71.142857,67.481481,139.5,173.5,20.576923,64.222222,39.871795,29,42.35,37.415094,57.142857,107.5,17.461538,28.178571,141.66667,58.75,110.09524,24.040816,176,128.47761,70,,65.432432,,,154.26471,13.333333,84.714286,10.785714,56.333333,,,,,103.33333,,,,,,,27.666667,84.104478,44.5,70,59.588235,44.076923,78.375,99.6,286,24.25,14,59.0625,51.444444,54.619048,16.125,70,,82.777778,73.676471,45.576271,16.727273,17.808081,109.8,107,46.375,138.63889,41.2,156.16667,58,78.916667,11.125,53.847059,,108,,142,203.33333,16.857143,30.75,14.5,100.92105,133.92,89,69,45.857143,0.3333333,0,0.6666667,3,0.58,2017,A,2018,data/maharashtra/mumbai/dataverse_IO9SLQ/fulldata_reshaped.tab
2018-B,7.4752475,,142,125.66667,14,111.63636,,6,7.3636364,,6.6,72.555556,23.889222,,88.571429,45.47619,3,6.2435897,,6.14,66.405063,173.5,,3.6666667,22.783784,,80,82.5,52.761905,,189.65574,,2,5.6393443,3,93.5,206.84,43.5,20.866667,16.090909,17.666667,,,,162,,,,,36,,,2,44.092896,59.5,41.714286,135.38462,8.75,103.16667,,,67.764706,12,57.941176,6,8.2631579,,115.4,,20.194444,35.803922,52.666667,13.289474,3.4805195,163,8.375,8,50.9,6.7692308,144.41667,49.68,121.97143,36.818182,143.57908,,,,94.2,,6.25,173,2,43.347826,187.45652,68,3.8,4.3333333,0.5,0,1,2,0.71,2017,B,2018,data/maharashtra/mumbai/dataverse_IO9SLQ/fulldata_reshaped.tab
2018-C,13.520548,5.6153846,,15.5,27.666667,26.428571,72,13.666667,31.125,,5.5487805,47.666667,13.640244,,19.5,26.604651,12.625,11.230392,24,28.050388,83.055249,,,5.3076923,93.857143,29,39.125,21,26.590909,,42.833333,51.2,,12.086957,3.3333333,69,43.857143,,9.3846154,23.833333,32.571429,,,,,,238,,,,,,5.3333333,19.816667,,121.25,,12.444444,69,90.5,40,65.5,14,43.214286,16,13.257426,,14,,11.714286,14.243243,42.148148,38.307692,4.9637681,,12.6,67.8,45,10.636364,189.71429,131.54545,,129,22,,,,,159.3,5.8,37.857143,2.5,162.11905,123.25,149.75,16.333333,5.5789474,0.3333333,0,0.3333333,3,0.89,2017,C,2018,data/maharashtra/mumbai/dataverse_IO9SLQ/fulldata_reshaped.tab
2018-D,9.8630952,2.8888889,29.666667,5.4,7.5,10.833333,15,71.666667,48.826087,,6.6744186,15.727273,10.275081,21,9,18.5,46.133333,40.286667,,41.15873,18.032698,28.378378,49.2,3.9714286,33.416667,23.4,19.5,16.617647,17.089744,39,15.992424,15.333333,37.6,46.878049,5.2,8.3333333,15.5,53,13.909091,18.066667,30.166667,,,,,23.75,,,,,,,3.1666667,11.865125,23.333333,26.705882,26.238095,64.789474,14.461538,56.142857,57.875,19.238636,18.666667,12.318182,52.733333,44.547445,,15.75,,6.1,39.612903,16.850394,22.833333,4.325,,41.75,6.1818182,9.8214286,44.777778,19.963636,26.059524,25.102041,18.282051,22.699454,34.25,66,,22.909091,23.111111,3,22.125,3,61.821429,18.884615,19.714286,34.666667,3.8333333,0.5,0,0.6666667,6,0.96,2017,D,2018,data/maharashtra/mumbai/dataverse_IO9SLQ/fulldata_reshaped.tab
2018-E,9.8817204,17.818182,39.125,,6,,21,22,14.333333,,26.424242,23.5,6.9458333,40,24,5.1086957,12.176471,13.838028,10.5,13.131783,19.370968,44.555556,25.666667,25.337209,16.782609,39,13,44.25,5.5290323,19,34.385965,38.333333,13.666667,11.54386,,5.3333333,35.892308,5,11.833333,19.555556,23.6,,,,32.391304,51,22,8,,14,,,19.666667,11.146341,32.666667,19.809524,42.956522,15.125,21.5,12,,5.474359,20,32.354839,8.3333333,15.166667,11,,,20.058824,11.857143,36.844444,33.333333,24.660714,9,17.741463,40.933333,11.5,13.833333,10.157895,18.793103,30.565517,6.3023256,29.322237,39.142857,25.571429,53,20.407407,5.5,23.939394,13.066667,23,37.419355,45.302326,13.5,11.25,37.333333,0.2857143,0,0.4285714,7,0.54,2017,E,2018,data/maharashtra/mumbai/dataverse_IO9SLQ/fulldata_reshaped.tab
2018-FN,12.550186,9.8928571,8.5,33.428571,31.833333,22.526316,33.185185,9.5,9.5,,9.1052632,31.258065,13.567766,25,33.444444,14.958333,7.5217391,8.0117647,18,9.0961538,18.680581,19.607143,18.272727,10.292683,12.159091,29.125,22.571429,98,12.111524,,36.557252,52,15.333333,8.7377049,4.2727273,15.666667,42.90625,6.6666667,8.2,11.181818,4,,,,,,,,,25,,,11.125,19.983051,13.5,17.458333,16.176471,11.4375,45.571429,42,,15.344828,20.666667,31.05,5.25,10.851064,19,39.5,,28.090909,25,30.325581,36,7.688172,52.6,10.863636,35.318182,26.310345,11.3125,11.470588,16,16.139241,9.2777778,18.447894,54.428571,38.083333,69.75,20,11.5,6.375,14.882353,7.75,24.184615,34.266667,28,28,7.2,0.4,0,0.4,10,0.41,2017,FN,2018,data/maharashtra/mumbai/dataverse_IO9SLQ/fulldata_reshaped.tab
2018-FS,12.270588,36.941176,137.5,14,24.571429,21.666667,53.6,32,20.142857,,16.208333,19.7,9.8870968,,23.8,28.206897,13.363636,15.423077,15,22.696429,24.466077,77.375,30.777778,37.931034,37.028571,19.333333,65.111111,44.25,23.925373,181.66667,39.807692,52.5,21.5,14.935484,4,15,40.45283,3,94.5,14.666667,5.75,77,,,49.375,35,,,,,,,56.444444,13.931818,39.5,35.444444,71.26087,19.625,29,93,,22.317073,36.666667,53.52,16.45,25.7,86.5,68,,25.111111,28.015152,27.8125,15.666667,21.408696,41.333333,14.733333,36.5,32.461538,21,57.375,69.875,68.117647,40.536585,85.567686,139.69231,156,307,90.6,60.142857,28.947368,45.8,11.8,23.606061,44.84,66.666667,26.333333,24.8,0.2857143,0,0.5714286,7,0.67,2017,FS,2018,data/maharashtra/mumbai/dataverse_IO9SLQ/fulldata_reshaped.tab
2018-GN,22.619403,8.4166667,11,8,1,6.5,,,19.25,,10.8,28,2.8,,12,15.015385,6,64.416667,37,61.772727,10.576577,,7.8333333,9.5430464,41.4,104,,190,15.311688,94.888889,86.153846,,2,62.032258,8,10.333333,60.25,15,13,24.75,18.333333,,,,,67.333333,,,,,,,8.55,5.9230769,,12,86.066667,62.5,41.8,10,13.5,13.264706,14.5,57.833333,77,65.675676,,57,,12,7.55,57.909091,55.25,10.430556,,35.571429,,88.466667,55.166667,20.971014,44.290323,79.6,33.365385,70.829365,49.10989,130.2,50.434783,78.5,28.9375,10.517483,16.285714,13.846154,17.29703,31.466667,44.5,41,9.8333333,0.2727273,0,0.6363636,11,0.49,2017,GN,2018,data/maharashtra/mumbai/dataverse_IO9SLQ/fulldata_reshaped.tab
2018-GS,13.223404,46.692308,45.25,,21,2,8,41,36.95,,42.363636,23.6,13.72807,5,8,14.977273,24.8125,23.291667,25.5,35.240741,29.431907,42.5,,43.075,49.363636,21.5,29,16,13.768421,192,22.904762,20.8,42,40.316667,,,21.106383,10,26,14.636364,17.333333,,,,,,,,,,,,88,24.114286,104,73.428571,53,44,42,9.5,29,17.648148,,19.714286,22.333333,52.946237,27,23,,39,40.441176,21.454545,22.538462,40.419355,30,44.230769,27,17,36.928571,36.411765,53.473684,41.019108,39.189189,46.161209,58,,22,49.478261,17.666667,41.777778,15,15.333333,55.321429,33.294118,39,41.666667,,0.4285714,0,0.1428571,7,0.66,2017,GS,2018,data/maharashtra/mumbai/dataverse_IO9SLQ/fulldata_reshaped.tab
2018-HE,17.75463,41.210526,89.8125,35,36.9,24.166667,22.111111,17.333333,26.625,,26.34375,25.166667,9.434188,,11.3,5.1090909,22.571429,22.315789,44,22.256881,17.784314,37,10,31.326733,19.037037,59,32.833333,10.2,5.0561798,33.777778,26.927273,24.5,27.285714,17.42,42.384615,3.5,35.494118,2.3333333,13,26.0625,,,,,,131,,,,,,,43.142857,28.680672,,34.285714,57.571429,20.76,21,23.333333,,3.9642857,25,45.055556,25.714286,19.56,21.142857,43.285714,,25.85,23.261538,31.636364,24.285714,36.415385,26,16.782609,23.5,28.555556,19.952381,22.740741,19.366667,54.92,17.169231,53.70632,53,,49,33.444444,36.833333,35.947368,4,20.5,14.551724,20.447368,10,36.6,21,0.4,0,0.4,10,0.47,2017,HE,2018,data/maharashtra/mumbai/dataverse_IO9SLQ/fulldata_reshaped.tab
2018-HW,12.089362,13.693878,43.041667,6.3333333,7.8181818,19.888889,13.75,,5.2258065,,12.904762,14,5.5238806,20,8.9444444,12.393617,4.5217391,5.6864407,6,4.0588235,13.851852,61.606061,31.666667,12.818681,31.595745,18.166667,24,7.5,10.47191,57,17.123188,14.777778,4.3333333,4.2153846,18.8,5,16.337079,7,25.090909,13.071429,36.666667,,,,,27.545455,,,,,,,12.5,13.777108,36.666667,99,51.388235,5.4444444,10.357143,23,9.4444444,16.152174,10.666667,14.333333,4.2222222,5.5954198,19,6.4285714,,15.529412,13.133803,13.770833,41.4375,12.952381,13.4,3.3888889,11.181818,15.7,5.0967742,15.439024,92.122807,52.257353,13.680851,66.113006,97.6,170.5,97.333333,95.384615,14.125,19.041667,44,19.6,26.890625,14.943182,7.0833333,4.3333333,22,0.3333333,0,0.3333333,6,0.68,2017,HW,2018,data/maharashtra/mumbai/dataverse_IO9SLQ/fulldata_reshaped.tab
2018-KE,16.605304,18.056,70.647059,89.875,86.511628,111,128,27.2,19.777778,,16.984375,69.588235,45.137748,91.5,135.33333,51.259615,19.2,22.658537,28.666667,24.335329,22.130568,67.115385,48.333333,19.65625,44.319149,79.571429,105.86667,93.25,45.672727,196.5,88.66055,55,17.888889,25.992188,29.448276,53.5,86.420213,49.055556,78.166667,27.653846,5,,,,,17.586207,,,,,,,15.625,95.170124,121.33333,36.862069,85.641176,21.5,123.07692,105.09091,,61.460317,114,87.954545,17.978261,52.836364,21.333333,102.5,,99.451613,93.954357,86.666667,30,17.794444,121.88889,96.711864,78.928571,92.445455,32.7,60.382353,52.430108,86.2,23.236025,80.912593,209.8,250.33333,218,88.304348,64.333333,20.871795,60.571429,17.64,25.960227,77.90099,90.4,25.5,14.615385,0.2666667,0,0.3333333,15,0.67,2017,KE,2018,data/maharashtra/mumbai/dataverse_IO9SLQ/fulldata_reshaped.tab
2018-KW,24.793177,32,105.67857,88.551724,62.75,51.727273,60.608696,37.2,32.641026,,33.641791,50.852941,17.528736,17,59.541667,75.554054,35.444444,26.936,,36.094118,11.593617,109.91304,16.6,32.660377,29.457143,60.666667,101.625,43.416667,86.131068,46.230769,77.528384,113,82.333333,38.064,26.769231,,90.563953,117,70.3125,19.2,31.909091,61,,,179,23.896552,,,,,,,40.142857,66.592334,196.25,16,117.47059,35.529412,78.346154,66.5,85.5,73.175258,39.833333,47.75,34.35,33.575581,16.25,76.176471,,70.078947,60.024691,62.6,34.136364,26.459215,47,25.627119,64.486486,48.974138,37.611111,39.196721,35.52439,121.41126,24.037037,114.6732,45.837838,165,22.166667,86.294118,69.357143,25.116592,73.44898,40.785714,35.943231,58.59375,20.6,35,24.730769,0.3076923,0,0.7692308,13,0.66,2017,KW,2018,data/maharashtra/mumbai/dataverse_IO9SLQ/fulldata_reshaped.tab
2018-L,15.368421,147.32584,205.66667,164.27273,183.03704,216.5,189.04545,38,168.95238,,107.04348,239.40909,66.983607,230.5,134.94444,118.97826,139.10714,136.81667,93,151.46512,146.0824,162.16667,137.6,153.2449,78.45,208,241.75,246.8,129.25472,,213.89855,268.8,155.625,158.92308,219,54,222.07143,39,190.40909,24.090909,52.666667,,,,,160.6875,,,,,,,118.0625,163.19938,84,199.81373,,123.31579,120.5,258.33333,,144.07895,237,176.53571,127.16667,184.18667,107.28571,156,,153.65306,155.53211,185.02857,40.608696,169.2449,,170.2,220.56,141.52113,154,164.21429,176.41379,172.76471,147.8642,188.62871,,289.66667,,174.17647,153.71429,170.22222,208.44444,160.25,178.02,202,167.14286,178.42857,159.6,0.4375,0,0.375,16,0.29,2017,L,2018,data/maharashtra/mumbai/dataverse_IO9SLQ/fulldata_reshaped.tab
2018-ME,4.8351648,121.72549,168,12.714286,22.225806,14.875,16.352941,62,49.92,,147.36765,16.529412,14.139601,16,11.111111,13.017544,40.259259,44.095238,68,43.009615,54.218274,69,29,98.142349,29.333333,10,12.777778,14.727273,13.991228,50.153846,15.814433,13.117647,37,44.75,52.4375,9.8333333,16.768421,11.928571,22.538462,23.6,46,,,,,81,63,,,,,,131.57895,15.484277,43,9.4210526,114,55.6875,8.7777778,21.5,17.8,15.735849,15.666667,17.119048,35.777778,40.895833,46.571429,13.2,,16.90625,16.255102,13.482759,19.25,106.64074,8,51.849057,20.208333,18.627119,37.322581,93.6875,11.245283,108.59459,43.297297,121.5086,39.72973,72.5,25.8,70.666667,91.333333,137.43662,61.333333,155.18519,63.684211,38.622222,56,45.4,67.5,0.4,0,0.7333333,15,0.05,2017,ME,2018,data/maharashtra/mumbai/dataverse_IO9SLQ/fulldata_reshaped.tab
2018-MW,17.604278,78.576923,83.125,26,26.661017,15.428571,24.791667,23.6,27.307692,,96.375,31.7,10.626866,,28.444444,8.7205882,24.625,31.763158,16.5,27.41573,34.042735,61,38,69.274286,57.096774,34.642857,34.571429,27,9.1138211,7,49.857143,38.125,35.7,33.381818,94.466667,3,26.073171,5.25,19.444444,14.8,,,,,,65.25,,,,,,,67.428571,22.813333,37,111.33333,61.617647,39.142857,18.466667,196,22,6.7692308,,59.7,28.4375,35.098039,65.25,24.625,,23.73913,26.53125,54.307692,17.375,76.112903,26.666667,22.209302,48.571429,36.643836,25.3,17.514286,77.295775,64.75,16.524823,63.961853,33.894737,23,26.5,63,15.888889,54.515625,16.888889,57.636364,79.225806,21.458333,13.333333,39.75,54.8,0.4285714,0,0,7,0.33,2017,MW,2018,data/maharashtra/mumbai/dataverse_IO9SLQ/fulldata_reshaped.tab
2018-N,20.827451,7.1090909,74.444444,8.7142857,18,13.444444,22.6875,4,4.3137255,,16.837209,21.552632,8.5992268,69,9.3125,12.298507,3.4761905,4.3246753,2.3333333,4.7056452,4.7493976,82.272727,26.8,7.6612903,12.22807,3.25,12,13.5,12.115646,4.1818182,16.975728,15.222222,6.25,5.1549296,7.75,10,20.945783,8.7142857,21.214286,2.75,4,,,,,6.3333333,,,,,,,11.8,18.059113,126,20,72.924528,5.8235294,13.1,34.5,6,16.540541,57.833333,18.028571,6.0909091,6.5925926,11.5,8.1428571,,16.72973,15.031915,16.561644,6.4,10.360465,14.833333,3.7368421,18.833333,18.280374,4.2631579,6.71875,26.718447,67.317757,6.6748466,68.419501,11.903614,24.5,3.2833333,71.307692,4.6666667,8.4482759,14.611111,8.2272727,12.897196,16.133333,6.5,5.2,8.5,0.1818182,0,0.5454546,11,0.52,2017,N,2018,data/maharashtra/mumbai/dataverse_IO9SLQ/fulldata_reshaped.tab
2018-PN,29.595745,53.430556,25,169,151.74074,181,201,101.83333,120.06,,37.345455,149.5,101.87252,33,189.63636,32.056604,125.14925,103.34444,153,130.23729,61.996289,144,80.75,43.075812,96.75,,289,10,31.898305,,248.5,176,57.285714,115.04598,64.636364,32.666667,256.77778,46.666667,161.91667,7.5,9.125,,,,,50.266667,,,,,,,63.545455,168.12821,68.25,28.153846,110.5,114.02326,209.6,,,35.830769,305,184.19512,93.232558,110.71739,15.2,167.875,,182.84615,181.6,156.44444,16.214286,38.876106,233,115.51429,290.25,253.66667,90.735294,160.44444,37.636364,78.73913,68.703704,128,121.5,,192,72,130.33333,37.43038,36.666667,40.375,70.23913,160.22581,,88.166667,40.5,0.4444444,0,0.6111111,18,0.47,2017,PN,2018,data/maharashtra/mumbai/dataverse_IO9SLQ/fulldata_reshaped.tab
2018-PS,18.925134,25.043478,28.25,88.733333,91.882353,62.333333,46.571429,28.333333,16.92,,34.764706,87.235294,25.461741,105.5,45.125,8.7534247,14.64486,17.538462,,14.551724,40.106218,33.571429,18.5,29.333333,19.197802,61.5,179.66667,39.5,10.830645,,106.65574,95.5,33.538462,27.907692,27,9.3333333,102,4.6666667,30.6,14.5,35.333333,,,,,63.5,,,,,,,35.625,53.622951,46,58.444444,82,17.030303,85,70.142857,,10.771429,61.75,122.3,15.948718,22.746479,58,71.5,,41.636364,98.068182,97.030303,32.133333,34.055556,142,10.181818,78.8125,105.35714,20.588235,69.842105,30.220339,74.925373,18.177419,91.408451,41.5,,,77.176471,59.75,33.041667,31.272727,33.615385,22.239437,92.62963,102,35,30,0.3333333,0,0.5555556,9,0.59,2017,PS,2018,data/maharashtra/mumbai/dataverse_IO9SLQ/fulldata_reshaped.tab
2018-RC,41.111801,109.46296,43.333333,140.16667,59,192.25,116.66667,60.333333,47,,75.511111,106.1,21.001894,9,156.4,62.966292,33.366667,48.592593,,51.040816,45.197952,84.333333,39.75,106.72826,38.693878,137.5,80.166667,174.25,69.826087,,93.545455,149,79,52.8,106.66667,34.25,110.45714,72,34,30.230769,53.5,,,,,14.878788,,,,,,,161.75,100.38571,,22,89,87.545455,125.66667,139,50,58.533333,123,100.08333,36.72973,38.411765,124.5,62,,81.75,116.92683,104.83333,23.8,101.18519,129,68.686275,109.25,110.63158,41.380952,24.454545,20.821918,87.538462,14.966667,129.99324,14.4,261,48,125,34.647059,156.55556,56,111,29.517241,35.821429,14.25,42,91,0.2,0,0.3,10,0.84,2017,RC,2018,data/maharashtra/mumbai/dataverse_IO9SLQ/fulldata_reshaped.tab
2018-RN,40.890411,8.1428571,,18,12.5,2,22,105,43.6,,17.892857,85.2,15.670732,,25.5,151.60606,48,106.75,,89.666667,73.77551,,153,11.394737,57.714286,,81,52,147.47917,345,83.45,93,61,96.357143,5,232,95.043478,,45.75,126.5,21,,,,,39,,,,92,,,11.875,57.153846,,6,,63,8,,,206.94118,145,87.230769,53.5,112.5,8.2,,,55.6,70.5,114.63636,133.26923,13.848485,,97.846154,75.666667,88,103,141.19231,5,,24.083333,,244.5,,164.5,,233.33333,16.777778,131.875,11.75,122.14286,98.529412,52.666667,,19.333333,0.25,0,0.375,8,0.69,2017,RN,2018,data/maharashtra/mumbai/dataverse_IO9SLQ/fulldata_reshaped.tab
2018-RS,8.8900524,43.928571,151.6875,58.181818,48.64,67.818182,50.45,3.8,14,,63.217391,36.233333,26.619289,,78.833333,25.446154,5.3888889,7.0666667,,8.8222222,71.599532,140.36364,90.5,61.102222,14.25,38,31.666667,43.666667,31.669291,76.666667,42.701754,36.461538,7.1428571,11.922078,62.333333,43.25,37.632479,53.5,21.875,18.5,15.5,,,,,100,,,,,,,59.5,41.90411,129.14286,32.705882,108,21.296296,67.6875,24.666667,,63.857143,,33.576271,5.1964286,15.222222,54.857143,66.5,,33.294118,51.938776,40.78,40,41.5,119,12.096154,33.78125,40.936508,10.288889,59.477273,28,134.49286,22.419355,142.12024,92.714286,238,,21.307179,68.5,38.981818,22.5,37.538462,41.138889,59.924051,65.9,10.5,25.1,0.4166667,0,0.5833333,12,0.54,2017,RS,2018,data/maharashtra/mumbai/dataverse_IO9SLQ/fulldata_reshaped.tab
2018-S,19.983264,18.293333,76.2,37.5,57.6,16.333333,46.8,28,27.516129,,25.368421,43.888889,20.536082,,45.6,8.4313725,36.8,36.730769,,37.945355,68.084249,55,19,18.029316,36.268293,,,19.666667,10.930556,67.5,87.909091,112.5,34.333333,46,10.826087,6.5714286,85.625,5.7692308,32.444444,18.5,13,,,,,128.16667,,,,,,,12.125,46.698113,139.33333,28.482759,76.695652,45.111111,39,107,148,13.122449,54.5,40.733333,45.964286,36.824074,14.222222,,,68.25,58.911765,52.166667,17.555556,20.4,,40.813953,51,106.28571,32.088235,72.55,36,66.93617,30.627119,75.946524,167.88,21,235.5,60.909091,138,14.326531,9.1538462,22.666667,32.285714,76.666667,59,53.2,17,0.2857143,0,0.7857143,14,0.51,2017,S,2018,data/maharashtra/mumbai/dataverse_IO9SLQ/fulldata_reshaped.tab
2018-T,12.419355,12.459459,,,,,8.6666667,,,,13.875,24.714286,4.9688889,,,8.58,10,6,,10.5,85.263636,,,13.66443,19.565217,,,,11.065217,154,34,,,11,20,3,13.2,15,24,25,,,,,,64,,,,,,,14.736842,13.6,,21.3125,,,,,,17.823529,,25.625,,14,10.666667,,,25.5,45.666667,21.75,24,15.970588,,14,,36,18,,15.898305,,39.939394,,169.8,,,,,20.1,29.75,19.285714,,,,,,0.1666667,0,0.3333333,6,0.76,2017,T,2018,data/maharashtra/mumbai/dataverse_IO9SLQ/fulldata_reshaped.tab
