state,year,district,body,ward_no,ward_name,tier,tier_local,reservation,caste_reservation,caste_reservation_local,woman_reserved,reservation_raw,winner,winner_basis,party,party_local,votes,valid_votes,electorate,total_candidates_stated,listing_scope,script,result_source_path,source_path,source_page,source_pdf,source_url,source_capture
Maharashtra,2012,Mumbai,Brihanmumbai Municipal Corporation,1,Kandarpada - I.C. Colony,ulb_ward,corporator,Other than Woman,NONE,,0,Open,,,INC,Indian National Congress,6375,21791,45717,16,all_seats,latin,data/maharashtra/mumbai/2012_scanned_data.xlsx,data/maharashtra/mumbai/BMC-2007_raw.xlsx,,BMC-2007_raw.xlsx,,
Maharashtra,2012,Mumbai,Brihanmumbai Municipal Corporation,2,Gaondevi - Dahisar ( E ),ulb_ward,corporator,BC Woman,BC,OBC,1,Backward Class Women,Shital Mukesh Mhatre,argmax_votes,SS,shivsena,10686,21452,45426,3,all_seats,latin,data/maharashtra/mumbai/2012_scanned_data.xlsx,data/maharashtra/mumbai/BMC-2007_raw.xlsx,,BMC-2007_raw.xlsx,,
Maharashtra,2012,Mumbai,Brihanmumbai Municipal Corporation,3,Ketakipada - Shailendra Nagar,ulb_ward,corporator,Woman,NONE,,1,Women,Shital Ashok Mhatre,argmax_votes,INC,Indian National Congress,7576,21599,46730,11,all_seats,latin,data/maharashtra/mumbai/2012_scanned_data.xlsx,data/maharashtra/mumbai/BMC-2007_raw.xlsx,,BMC-2007_raw.xlsx,,
Maharashtra,2012,Mumbai,Brihanmumbai Municipal Corporation,4,Vaishali Nagar,ulb_ward,corporator,Other than Woman,NONE,,0,Open,Patekar Udesh Shantaram,argmax_votes,SS,shivsena,8747,24840,48725,11,all_seats,latin,data/maharashtra/mumbai/2012_scanned_data.xlsx,data/maharashtra/mumbai/BMC-2007_raw.xlsx,,BMC-2007_raw.xlsx,,
Maharashtra,2012,Mumbai,Brihanmumbai Municipal Corporation,5,Ashokvan - Chintamani Nagar,ulb_ward,corporator,Other than Woman,NONE,,0,Open,Darekar Prakash Yashwant,argmax_votes,MNS,Maharashtra Navnirman Sena,10526,23763,44315,9,all_seats,latin,data/maharashtra/mumbai/2012_scanned_data.xlsx,data/maharashtra/mumbai/BMC-2007_raw.xlsx,,BMC-2007_raw.xlsx,,
Maharashtra,2012,Mumbai,Brihanmumbai Municipal Corporation,6,Ambawadi -Ovaripada,ulb_ward,corporator,Woman,NONE,,1,Women,Desai Hansaben Gunvantray,argmax_votes,SS,shivsena,13142,20786,44249,3,all_seats,latin,data/maharashtra/mumbai/2012_scanned_data.xlsx,data/maharashtra/mumbai/BMC-2007_raw.xlsx,,BMC-2007_raw.xlsx,,
Maharashtra,2012,Mumbai,Brihanmumbai Municipal Corporation,7,Mandapeshwar,ulb_ward,corporator,Woman,NONE,,1,Women,Dr. Shubha Umesh Raut,argmax_votes,SS,shivsena,13207,22853,50648,5,all_seats,latin,data/maharashtra/mumbai/2012_scanned_data.xlsx,data/maharashtra/mumbai/BMC-2007_raw.xlsx,,BMC-2007_raw.xlsx,,
Maharashtra,2012,Mumbai,Brihanmumbai Municipal Corporation,8,Gorai - M.H.B. Colony (old),ulb_ward,corporator,Other than Woman,NONE,,0,Open,Shivanand (Shiva) Shetty,argmax_votes,INC,Indian National Congress,8100,20721,39817,13,all_seats,latin,data/maharashtra/mumbai/2012_scanned_data.xlsx,data/maharashtra/mumbai/BMC-2007_raw.xlsx,,BMC-2007_raw.xlsx,,
Maharashtra,2012,Mumbai,Brihanmumbai Municipal Corporation,9,Govind Nagar,ulb_ward,corporator,Woman,NONE,,1,Women,Chaudhary Manisha,argmax_votes,BJP,bjp,9863,20285,46957,6,all_seats,latin,data/maharashtra/mumbai/2012_scanned_data.xlsx,data/maharashtra/mumbai/BMC-2007_raw.xlsx,,BMC-2007_raw.xlsx,,
Maharashtra,2012,Mumbai,Brihanmumbai Municipal Corporation,10,Daulat Nagar - Nancy Colony,ulb_ward,corporator,Woman,NONE,,1,Women,Khursang Ridhi Bhaskar,argmax_votes,NCP,nationalist congress party,11921,22698,42617,6,all_seats,latin,data/maharashtra/mumbai/2012_scanned_data.xlsx,data/maharashtra/mumbai/BMC-2007_raw.xlsx,,BMC-2007_raw.xlsx,,
Maharashtra,2012,Mumbai,Brihanmumbai Municipal Corporation,11,Bansi Nagar - Tata Power House,ulb_ward,corporator,Woman,NONE,,1,Women,Chongale Shilpa Shirish,argmax_votes,MNS,Maharashtra Navnirman Sena,7292,21375,38404,6,all_seats,latin,data/maharashtra/mumbai/2012_scanned_data.xlsx,data/maharashtra/mumbai/BMC-2007_raw.xlsx,,BMC-2007_raw.xlsx,,
Maharashtra,2012,Mumbai,Brihanmumbai Municipal Corporation,12,Dattapada,ulb_ward,corporator,Woman,NONE,,1,Women,Aasavari Patil,argmax_votes,BJP,bjp,5718,18933,41084,9,all_seats,latin,data/maharashtra/mumbai/2012_scanned_data.xlsx,data/maharashtra/mumbai/BMC-2007_raw.xlsx,,BMC-2007_raw.xlsx,,
Maharashtra,2012,Mumbai,Brihanmumbai Municipal Corporation,13,Rajendra Nagar - Khatau Estate,ulb_ward,corporator,Other than Woman,NONE,,0,Open,Chetan Chandrakant Kadam,argmax_votes,MNS,Maharashtra Navnirman Sena,8522,21690,46071,12,all_seats,latin,data/maharashtra/mumbai/2012_scanned_data.xlsx,data/maharashtra/mumbai/BMC-2007_raw.xlsx,,BMC-2007_raw.xlsx,,
Maharashtra,2012,Mumbai,Brihanmumbai Municipal Corporation,14,Borivali TPS 3 - Korakendra,ulb_ward,corporator,Woman,NONE,,1,Women,Doshi Beena Paresh,argmax_votes,BJP,bjp,11717,20152,51318,4,all_seats,latin,data/maharashtra/mumbai/2012_scanned_data.xlsx,data/maharashtra/mumbai/BMC-2007_raw.xlsx,,BMC-2007_raw.xlsx,,
Maharashtra,2012,Mumbai,Brihanmumbai Municipal Corporation,15,Eksar - Yogi Nagar,ulb_ward,corporator,Other than Woman,NONE,,0,Open,Mithbavkar Mohan Ramchandra,argmax_votes,BJP,bjp,12476,24638,57566,9,all_seats,latin,data/maharashtra/mumbai/2012_scanned_data.xlsx,data/maharashtra/mumbai/BMC-2007_raw.xlsx,,BMC-2007_raw.xlsx,,
Maharashtra,2012,Mumbai,Brihanmumbai Municipal Corporation,16,Chikuwad i- Kanti Park,ulb_ward,corporator,Other than Woman,NONE,,0,Open,Shah Praveen Rikhavchand,argmax_votes,BJP,bjp,9859,22560,46791,9,all_seats,latin,data/maharashtra/mumbai/2012_scanned_data.xlsx,data/maharashtra/mumbai/BMC-2007_raw.xlsx,,BMC-2007_raw.xlsx,,
Maharashtra,2012,Mumbai,Brihanmumbai Municipal Corporation,17,Charkop ( North) - M.H.B. Colony ( New ),ulb_ward,corporator,Woman,NONE,,1,Women,Sandhya Vipul Doshi (Sanke),argmax_votes,NCP,nationalist congress party,12055,31503,65870,9,all_seats,latin,data/maharashtra/mumbai/2012_scanned_data.xlsx,data/maharashtra/mumbai/BMC-2007_raw.xlsx,,BMC-2007_raw.xlsx,,
Maharashtra,2012,Mumbai,Brihanmumbai Municipal Corporation,18,Charkop ( South) - Kandiwali ( West),ulb_ward,corporator,BC Other than Woman,BC,OBC,0,Backward Class,Kavthankar Shrikant Krushna,argmax_votes,SS,shivsena,11158,25148,53789,5,all_seats,latin,data/maharashtra/mumbai/2012_scanned_data.xlsx,data/maharashtra/mumbai/BMC-2007_raw.xlsx,,BMC-2007_raw.xlsx,,
Maharashtra,2012,Mumbai,Brihanmumbai Municipal Corporation,19,Charkop Industrial Estate,ulb_ward,corporator,BC Woman,BC,OBC,1,Backward Class Women,Patil Neha Vinayak,argmax_votes,INC,Indian National Congress,6160,18669,44696,4,all_seats,latin,data/maharashtra/mumbai/2012_scanned_data.xlsx,data/maharashtra/mumbai/BMC-2007_raw.xlsx,,BMC-2007_raw.xlsx,,
Maharashtra,2012,Mumbai,Brihanmumbai Municipal Corporation,20,Mahavir Nagar - Dahanukar Wadi,ulb_ward,corporator,Other than Woman,NONE,,0,Open,Girkar Shaileja Vijay,argmax_votes,BJP,bjp,13326,23635,54490,7,all_seats,latin,data/maharashtra/mumbai/2012_scanned_data.xlsx,data/maharashtra/mumbai/BMC-2007_raw.xlsx,,BMC-2007_raw.xlsx,,
Maharashtra,2012,Mumbai,Brihanmumbai Municipal Corporation,21,Naravane Sanscrutik center - Arya Chanakya Nagar,ulb_ward,corporator,BC Other than Woman,BC,OBC,0,Backward Class,Ramashish Gupta,argmax_votes,INC,Indian National Congress,6496,19039,43544,6,all_seats,latin,data/maharashtra/mumbai/2012_scanned_data.xlsx,data/maharashtra/mumbai/BMC-2007_raw.xlsx,,BMC-2007_raw.xlsx,,
Maharashtra,2012,Mumbai,Brihanmumbai Municipal Corporation,22,Poinsur Village (West) - Kandiwali (East),ulb_ward,corporator,BC Woman,BC,OBC,1,Backward Class Women,Yadav Sunita Ramnagina,argmax_votes,BJP,bjp,6245,15834,32486,6,all_seats,latin,data/maharashtra/mumbai/2012_scanned_data.xlsx,data/maharashtra/mumbai/BMC-2007_raw.xlsx,,BMC-2007_raw.xlsx,,
Maharashtra,2012,Mumbai,Brihanmumbai Municipal Corporation,23,Poinsur (East) - Rajaram Nagar - Ashok Nagar,ulb_ward,corporator,Woman,NONE,,1,Women,Prajakta Sawant,argmax_votes,SS,shivsena,9523,25213,55848,11,all_seats,latin,data/maharashtra/mumbai/2012_scanned_data.xlsx,data/maharashtra/mumbai/BMC-2007_raw.xlsx,,BMC-2007_raw.xlsx,,
Maharashtra,2012,Mumbai,Brihanmumbai Municipal Corporation,24,Samata Nagar - Dattani Park- Mahindra & Mahindra Co.,ulb_ward,corporator,BC Other than Woman,BC,OBC,0,Backward Class,Yogesh Janardan Bhoir,argmax_votes,INC,Indian National Congress,8876,22230,47025,6,all_seats,latin,data/maharashtra/mumbai/2012_scanned_data.xlsx,data/maharashtra/mumbai/BMC-2007_raw.xlsx,,BMC-2007_raw.xlsx,,
Maharashtra,2012,Mumbai,Brihanmumbai Municipal Corporation,25,Damupada,ulb_ward,corporator,Woman,NONE,,1,Women,Dr. Ajanta Rajpati Yadav,argmax_votes,INC,Indian National Congress,7356,22094,48918,15,all_seats,latin,data/maharashtra/mumbai/2012_scanned_data.xlsx,data/maharashtra/mumbai/BMC-2007_raw.xlsx,,BMC-2007_raw.xlsx,,
Maharashtra,2012,Mumbai,Brihanmumbai Municipal Corporation,26,Vadarpada Colony - Gautam Nagar,ulb_ward,corporator,Other than Woman,NONE,,0,Open,Thakur Sagar Singh,argmax_votes,INC,Indian National Congress,6426,20100,44025,18,all_seats,latin,data/maharashtra/mumbai/2012_scanned_data.xlsx,data/maharashtra/mumbai/BMC-2007_raw.xlsx,,BMC-2007_raw.xlsx,,
Maharashtra,2012,Mumbai,Brihanmumbai Municipal Corporation,27,Devaji Bhimji Colony - Paras Nagar,ulb_ward,corporator,BC Other than Woman,BC,OBC,0,Backward Class,Mukesh Mishtri,argmax_votes,BJP,bjp,12463,17182,40897,3,all_seats,latin,data/maharashtra/mumbai/2012_scanned_data.xlsx,data/maharashtra/mumbai/BMC-2007_raw.xlsx,,BMC-2007_raw.xlsx,,
Maharashtra,2012,Mumbai,Brihanmumbai Municipal Corporation,28,Irani wad i- Kandiwali (West),ulb_ward,corporator,Woman,NONE,,1,Women,Dr. Geeta Aashish Yadav,argmax_votes,INC,Indian National Congress,5901,21340,49905,10,all_seats,latin,data/maharashtra/mumbai/2012_scanned_data.xlsx,data/maharashtra/mumbai/BMC-2007_raw.xlsx,,BMC-2007_raw.xlsx,,
Maharashtra,2012,Mumbai,Brihanmumbai Municipal Corporation,29,"Manori, Marve - Erangel- Akse - Daravali Village - Madh Island",ulb_ward,corporator,Other than Woman,NONE,,0,Open,Ajit Bhandari,argmax_votes,SS,shivsena,10298,23485,45993,11,all_seats,latin,data/maharashtra/mumbai/2012_scanned_data.xlsx,data/maharashtra/mumbai/BMC-2007_raw.xlsx,,BMC-2007_raw.xlsx,,
Maharashtra,2012,Mumbai,Brihanmumbai Municipal Corporation,30,Valnai Village - Kharodi Village - Malavani Colony,ulb_ward,corporator,Other than Woman,NONE,,0,Open,Shree. Siyaj Iliyas Shaikh,argmax_votes,INC,Indian National Congress,5269,21615,50785,19,all_seats,latin,data/maharashtra/mumbai/2012_scanned_data.xlsx,data/maharashtra/mumbai/BMC-2007_raw.xlsx,,BMC-2007_raw.xlsx,,
Maharashtra,2012,Mumbai,Brihanmumbai Municipal Corporation,31,Adarsh Dugdhalaya - Evershin Nagar,ulb_ward,corporator,Other than Woman,NONE,,0,Open,Parminder Ratansingh Bhamara,argmax_votes,INC,Indian National Congress,5977,18955,48528,11,all_seats,latin,data/maharashtra/mumbai/2012_scanned_data.xlsx,data/maharashtra/mumbai/BMC-2007_raw.xlsx,,BMC-2007_raw.xlsx,,
Maharashtra,2012,Mumbai,Brihanmumbai Municipal Corporation,32,Bhadaran Nagar - Mamalatdar Wadi,ulb_ward,corporator,BC Woman,BC,OBC,1,Backward Class Women,Anadhya Prakash Mhatre,argmax_votes,SS,shivsena,9372,18797,47558,3,all_seats,latin,data/maharashtra/mumbai/2012_scanned_data.xlsx,data/maharashtra/mumbai/BMC-2007_raw.xlsx,,BMC-2007_raw.xlsx,,
Maharashtra,2012,Mumbai,Brihanmumbai Municipal Corporation,33,Pushpa Park,ulb_ward,corporator,BC Other than Woman,BC,OBC,0,Backward Class,Dr. Barot Ramnarayan Amtharam,argmax_votes,BJP,bjp,9057,18236,39460,4,all_seats,latin,data/maharashtra/mumbai/2012_scanned_data.xlsx,data/maharashtra/mumbai/BMC-2007_raw.xlsx,,BMC-2007_raw.xlsx,,
Maharashtra,2012,Mumbai,Brihanmumbai Municipal Corporation,34,Tanaji Nagar,ulb_ward,corporator,Other than Woman,NONE,,0,Open,Gujar Sunil Daulat,argmax_votes,SS,shivsena,9921,24246,44404,12,all_seats,latin,data/maharashtra/mumbai/2012_scanned_data.xlsx,data/maharashtra/mumbai/BMC-2007_raw.xlsx,,BMC-2007_raw.xlsx,,
Maharashtra,2012,Mumbai,Brihanmumbai Municipal Corporation,35,Appa Pada,ulb_ward,corporator,Other than Woman,NONE,,0,Open,Rathod Bhomsingh Heersingh,argmax_votes,INC,Indian National Congress,7332,19278,38340,15,all_seats,latin,data/maharashtra/mumbai/2012_scanned_data.xlsx,data/maharashtra/mumbai/BMC-2007_raw.xlsx,,BMC-2007_raw.xlsx,,
Maharashtra,2012,Mumbai,Brihanmumbai Municipal Corporation,36,Malad Hill reservoir,ulb_ward,corporator,Other than Woman,NONE,,0,Open,Prashant Dashrath Kadam,argmax_votes,SS,shivsena,6929,19836,41880,18,all_seats,latin,data/maharashtra/mumbai/2012_scanned_data.xlsx,data/maharashtra/mumbai/BMC-2007_raw.xlsx,,BMC-2007_raw.xlsx,,
Maharashtra,2012,Mumbai,Brihanmumbai Municipal Corporation,37,Muncipal Colony Malad (East),ulb_ward,corporator,Woman,NONE,,1,Women,Patil Manisha Sadashiv,argmax_votes,SS,shivsena,10019,26504,51872,9,all_seats,latin,data/maharashtra/mumbai/2012_scanned_data.xlsx,data/maharashtra/mumbai/BMC-2007_raw.xlsx,,BMC-2007_raw.xlsx,,
Maharashtra,2012,Mumbai,Brihanmumbai Municipal Corporation,38,Dhanji Wadi - Narsobawadi- Kokanipada,ulb_ward,corporator,Woman,NONE,,1,Women,Ravrane Rupali Ajit,argmax_votes,NCP,nationalist congress party,8611,22082,42816,8,all_seats,latin,data/maharashtra/mumbai/2012_scanned_data.xlsx,data/maharashtra/mumbai/BMC-2007_raw.xlsx,,BMC-2007_raw.xlsx,,
Maharashtra,2012,Mumbai,Brihanmumbai Municipal Corporation,39,Pimparipada - Pathanwadi,ulb_ward,corporator,Woman,NONE,,1,Women,Yadav Tribha Rambujharat,argmax_votes,INC,Indian National Congress,6123,20169,43812,14,all_seats,latin,data/maharashtra/mumbai/2012_scanned_data.xlsx,data/maharashtra/mumbai/BMC-2007_raw.xlsx,,BMC-2007_raw.xlsx,,
Maharashtra,2012,Mumbai,Brihanmumbai Municipal Corporation,40,Raheja Complex - Dhindoshi,ulb_ward,corporator,Other than Woman,NONE,,0,Open,Sharma Gyanmurthi Ramchandra,argmax_votes,BJP,bjp,7364,20201,42773,20,all_seats,latin,data/maharashtra/mumbai/2012_scanned_data.xlsx,data/maharashtra/mumbai/BMC-2007_raw.xlsx,,BMC-2007_raw.xlsx,,
Maharashtra,2012,Mumbai,Brihanmumbai Municipal Corporation,41,Makrani Pada,ulb_ward,corporator,Other than Woman,NONE,,0,Open,Shelar Vinod Babaji,argmax_votes,BJP,bjp,9145,20270,40422,11,all_seats,latin,data/maharashtra/mumbai/2012_scanned_data.xlsx,data/maharashtra/mumbai/BMC-2007_raw.xlsx,,BMC-2007_raw.xlsx,,
Maharashtra,2012,Mumbai,Brihanmumbai Municipal Corporation,42,Liberty Garden - Nadiyadwalla Colony,ulb_ward,corporator,Other than Woman,NONE,,0,Open,Deepak Pandurang Pawar,argmax_votes,MNS,Maharashtra Navnirman Sena,12018,22186,45788,10,all_seats,latin,data/maharashtra/mumbai/2012_scanned_data.xlsx,data/maharashtra/mumbai/BMC-2007_raw.xlsx,,BMC-2007_raw.xlsx,,
Maharashtra,2012,Mumbai,Brihanmumbai Municipal Corporation,43,New Collector's colony,ulb_ward,corporator,Woman,NONE,,1,Women,,,,,,,,,all_seats,latin,data/maharashtra/mumbai/2012_scanned_data.xlsx,data/maharashtra/mumbai/BMC-2007_raw.xlsx,,BMC-2007_raw.xlsx,,
Maharashtra,2012,Mumbai,Brihanmumbai Municipal Corporation,44,New Collector's colony - M.H.B. Colony,ulb_ward,corporator,Other than Woman,NONE,,0,Open,Siril Disoza,argmax_votes,IND,Apaksh,6452,16947,42887,23,all_seats,latin,data/maharashtra/mumbai/2012_scanned_data.xlsx,data/maharashtra/mumbai/BMC-2007_raw.xlsx,,BMC-2007_raw.xlsx,,
Maharashtra,2012,Mumbai,Brihanmumbai Municipal Corporation,45,Sunder  Nagar - Piramal Nagar,ulb_ward,corporator,BC Woman,BC,OBC,1,Backward Class Women,Sneha Vinayak Jhagade,argmax_votes,INC,Indian National Congress,6146,17274,41128,3,all_seats,latin,data/maharashtra/mumbai/2012_scanned_data.xlsx,data/maharashtra/mumbai/BMC-2007_raw.xlsx,,BMC-2007_raw.xlsx,,
Maharashtra,2012,Mumbai,Brihanmumbai Municipal Corporation,46,Dhindoshi- Pandurangwadi,ulb_ward,corporator,Woman,NONE,,1,Women,,,,,,,,,all_seats,latin,data/maharashtra/mumbai/2012_scanned_data.xlsx,data/maharashtra/mumbai/BMC-2007_raw.xlsx,,BMC-2007_raw.xlsx,,
Maharashtra,2012,Mumbai,Brihanmumbai Municipal Corporation,47,Aarey Colony ( East ),ulb_ward,corporator,ST Other than Woman,ST,,0,Scheduled Tribe,,,,,,,,,all_seats,latin,data/maharashtra/mumbai/2012_scanned_data.xlsx,data/maharashtra/mumbai/BMC-2007_raw.xlsx,,BMC-2007_raw.xlsx,,
Maharashtra,2012,Mumbai,Brihanmumbai Municipal Corporation,48,Nirlon- Krushi Vidyapeeth - Jaiprakash Nagar,ulb_ward,corporator,Other than Woman,NONE,,0,Open,,,,,,,,,all_seats,latin,data/maharashtra/mumbai/2012_scanned_data.xlsx,data/maharashtra/mumbai/BMC-2007_raw.xlsx,,BMC-2007_raw.xlsx,,
Maharashtra,2012,Mumbai,Brihanmumbai Municipal Corporation,49,Unnat Nagar - Motilal Nagar No. 2 & 3,ulb_ward,corporator,BC Woman,BC,OBC,1,Backward Class Women,Lochna Chandrakant Chavan,argmax_votes,SS,shivsena,10932,24448,51174,4,all_seats,latin,data/maharashtra/mumbai/2012_scanned_data.xlsx,data/maharashtra/mumbai/BMC-2007_raw.xlsx,,BMC-2007_raw.xlsx,,
Maharashtra,2012,Mumbai,Brihanmumbai Municipal Corporation,50,Shastri Nagar - Bangur Nagar,ulb_ward,corporator,Other than Woman,NONE,,0,Open,Rajan (Raju) Padhye,argmax_votes,SS,shivsena,9642,21403,46092,8,all_seats,latin,data/maharashtra/mumbai/2012_scanned_data.xlsx,data/maharashtra/mumbai/BMC-2007_raw.xlsx,,BMC-2007_raw.xlsx,,
Maharashtra,2012,Mumbai,Brihanmumbai Municipal Corporation,51,Motilal Nagar No.1- B.E.S.T. Bus Depot,ulb_ward,corporator,Woman,NONE,,1,Women,Shinde Pramila Dilip,argmax_votes,SS,shivsena,6407,20381,44759,11,all_seats,latin,data/maharashtra/mumbai/2012_scanned_data.xlsx,data/maharashtra/mumbai/BMC-2007_raw.xlsx,,BMC-2007_raw.xlsx,,
Maharashtra,2012,Mumbai,Brihanmumbai Municipal Corporation,52,Siddharth Nagar - Jawahar Nagar,ulb_ward,corporator,BC Woman,BC,OBC,1,Backward Class Women,Kiran Vinay (Bantu) Patel,argmax_votes,INC,Indian National Congress,9069,21329,50800,4,all_seats,latin,data/maharashtra/mumbai/2012_scanned_data.xlsx,data/maharashtra/mumbai/BMC-2007_raw.xlsx,,BMC-2007_raw.xlsx,,
Maharashtra,2012,Mumbai,Brihanmumbai Municipal Corporation,53,Oshivara- Bandivali ( East ),ulb_ward,corporator,Other than Woman,NONE,,0,Open,Changej Multani,argmax_votes,IND,Apaksh,8368,17555,42041,14,all_seats,latin,data/maharashtra/mumbai/2012_scanned_data.xlsx,data/maharashtra/mumbai/BMC-2007_raw.xlsx,,BMC-2007_raw.xlsx,,
Maharashtra,2012,Mumbai,Brihanmumbai Municipal Corporation,54,Tarapore Garden - Adarsh Nagar,ulb_ward,corporator,BC Other than Woman,BC,OBC,0,Backward Class,Pednekar Raju Shripad,argmax_votes,SS,shivsena,9108,20094,5007,5,all_seats,latin,data/maharashtra/mumbai/2012_scanned_data.xlsx,data/maharashtra/mumbai/BMC-2007_raw.xlsx,,BMC-2007_raw.xlsx,,
Maharashtra,2012,Mumbai,Brihanmumbai Municipal Corporation,55,Swami Samrat Nagar,ulb_ward,corporator,Woman,NONE,,1,Women,,,,,,,,,all_seats,latin,data/maharashtra/mumbai/2012_scanned_data.xlsx,data/maharashtra/mumbai/BMC-2007_raw.xlsx,,BMC-2007_raw.xlsx,,
Maharashtra,2012,Mumbai,Brihanmumbai Municipal Corporation,56,Versova ( North ),ulb_ward,corporator,Other than Woman,NONE,,0,Open,,,,,,,,,all_seats,latin,data/maharashtra/mumbai/2012_scanned_data.xlsx,data/maharashtra/mumbai/BMC-2007_raw.xlsx,,BMC-2007_raw.xlsx,,
Maharashtra,2012,Mumbai,Brihanmumbai Municipal Corporation,57,Amboli Hill,ulb_ward,corporator,BC Other than Woman,BC,OBC,0,Backward Class,Aamberkar Devendra Shridhar,argmax_votes,INC,Indian National Congress,7867,22301,52770,4,all_seats,latin,data/maharashtra/mumbai/2012_scanned_data.xlsx,data/maharashtra/mumbai/BMC-2007_raw.xlsx,,BMC-2007_raw.xlsx,,
Maharashtra,2012,Mumbai,Brihanmumbai Municipal Corporation,58,Shahaji Raje Sports Complex - Malcom Baug,ulb_ward,corporator,BC Woman,BC,OBC,1,Backward Class Women,Sutar Jyoti Jitendra,argmax_votes,SS,shivsena,9997,24857,56787,3,all_seats,latin,data/maharashtra/mumbai/2012_scanned_data.xlsx,data/maharashtra/mumbai/BMC-2007_raw.xlsx,,BMC-2007_raw.xlsx,,
Maharashtra,2012,Mumbai,Brihanmumbai Municipal Corporation,59,Seven Banglows - Versova ( South ),ulb_ward,corporator,Woman,NONE,,1,Women,,,,,,,,,all_seats,latin,data/maharashtra/mumbai/2012_scanned_data.xlsx,data/maharashtra/mumbai/BMC-2007_raw.xlsx,,BMC-2007_raw.xlsx,,
Maharashtra,2012,Mumbai,Brihanmumbai Municipal Corporation,60,Manish Nagar - Bhavan's College,ulb_ward,corporator,Other than Woman,NONE,,0,Open,Sanjay Pawar,argmax_votes,SS,shivsena,5412,13757,35132,7,all_seats,latin,data/maharashtra/mumbai/2012_scanned_data.xlsx,data/maharashtra/mumbai/BMC-2007_raw.xlsx,,BMC-2007_raw.xlsx,,
Maharashtra,2012,Mumbai,Brihanmumbai Municipal Corporation,61,Gilbert Hill - Andheri Market,ulb_ward,corporator,Other than Woman,NONE,,0,Open,Mahseen Haidar,argmax_votes,INC,Indian National Congress,14641,31224,69046,21,all_seats,latin,data/maharashtra/mumbai/2012_scanned_data.xlsx,data/maharashtra/mumbai/BMC-2007_raw.xlsx,,BMC-2007_raw.xlsx,,
Maharashtra,2012,Mumbai,Brihanmumbai Municipal Corporation,62,Lallubhai Park - Shri Ram Zarokha,ulb_ward,corporator,Other than Woman,NONE,,0,Open,Amit Bhaskar Satam,argmax_votes,BJP,bjp,6168,16425,41393,20,all_seats,latin,data/maharashtra/mumbai/2012_scanned_data.xlsx,data/maharashtra/mumbai/BMC-2007_raw.xlsx,,BMC-2007_raw.xlsx,,
Maharashtra,2012,Mumbai,Brihanmumbai Municipal Corporation,63,Bhakati Vedanta Mandir - Cooper Hospital,ulb_ward,corporator,BC Other than Woman,BC,OBC,0,Backward Class,Dilip Patel,argmax_votes,BJP,bjp,5133,17804,45582,5,all_seats,latin,data/maharashtra/mumbai/2012_scanned_data.xlsx,data/maharashtra/mumbai/BMC-2007_raw.xlsx,,BMC-2007_raw.xlsx,,
Maharashtra,2012,Mumbai,Brihanmumbai Municipal Corporation,64,S.N.D.T. University Campus - Juhu Airport,ulb_ward,corporator,Woman,NONE,,1,Women,Mangela Bhavna Amit,argmax_votes,IND,Apaksh,5356,20871,47776,13,all_seats,latin,data/maharashtra/mumbai/2012_scanned_data.xlsx,data/maharashtra/mumbai/BMC-2007_raw.xlsx,,BMC-2007_raw.xlsx,,
Maharashtra,2012,Mumbai,Brihanmumbai Municipal Corporation,65,Vile Parle West - Mithibai College,ulb_ward,corporator,Woman,NONE,,1,Women,Binita Mehul Kora,argmax_votes,INC,Indian National Congress,5456,19203,44760,11,all_seats,latin,data/maharashtra/mumbai/2012_scanned_data.xlsx,data/maharashtra/mumbai/BMC-2007_raw.xlsx,,BMC-2007_raw.xlsx,,
Maharashtra,2012,Mumbai,Brihanmumbai Municipal Corporation,66,Bandrekar Wadi - Ismail College- Natwar Nagar,ulb_ward,corporator,Other than Woman,NONE,,0,Open,,,,,,,,,all_seats,latin,data/maharashtra/mumbai/2012_scanned_data.xlsx,data/maharashtra/mumbai/BMC-2007_raw.xlsx,,BMC-2007_raw.xlsx,,
Maharashtra,2012,Mumbai,Brihanmumbai Municipal Corporation,67,Jogeshwari Caves - Majaswadi,ulb_ward,corporator,Woman,NONE,,1,Women,,,,,,,,,all_seats,latin,data/maharashtra/mumbai/2012_scanned_data.xlsx,data/maharashtra/mumbai/BMC-2007_raw.xlsx,,BMC-2007_raw.xlsx,,
Maharashtra,2012,Mumbai,Brihanmumbai Municipal Corporation,68,Shivneri Vasahat - Meghwadi,ulb_ward,corporator,BC Other than Woman,BC,OBC,0,Backward Class,,,,,,,,,all_seats,latin,data/maharashtra/mumbai/2012_scanned_data.xlsx,data/maharashtra/mumbai/BMC-2007_raw.xlsx,,BMC-2007_raw.xlsx,,
Maharashtra,2012,Mumbai,Brihanmumbai Municipal Corporation,69,Shankarwadi- Sher - E - Punjab Colony,ulb_ward,corporator,SC Woman,SC,,1,Schedule Caste Women,,,,,,,,,all_seats,latin,data/maharashtra/mumbai/2012_scanned_data.xlsx,data/maharashtra/mumbai/BMC-2007_raw.xlsx,,BMC-2007_raw.xlsx,,
Maharashtra,2012,Mumbai,Brihanmumbai Municipal Corporation,70,Squatter's Colony - Toalni College,ulb_ward,corporator,Other than Woman,NONE,,0,Open,,,,,,,,,all_seats,latin,data/maharashtra/mumbai/2012_scanned_data.xlsx,data/maharashtra/mumbai/BMC-2007_raw.xlsx,,BMC-2007_raw.xlsx,,
Maharashtra,2012,Mumbai,Brihanmumbai Municipal Corporation,71,Gundavali Gaothan (West),ulb_ward,corporator,Woman,NONE,,1,Women,,,,,,,,,all_seats,latin,data/maharashtra/mumbai/2012_scanned_data.xlsx,data/maharashtra/mumbai/BMC-2007_raw.xlsx,,BMC-2007_raw.xlsx,,
Maharashtra,2012,Mumbai,Brihanmumbai Municipal Corporation,72,Gundavli (East)- E.S.I.S. Hospital,ulb_ward,corporator,BC Woman,BC,OBC,1,Backward Class Women,,,,,,,,,all_seats,latin,data/maharashtra/mumbai/2012_scanned_data.xlsx,data/maharashtra/mumbai/BMC-2007_raw.xlsx,,BMC-2007_raw.xlsx,,
Maharashtra,2012,Mumbai,Brihanmumbai Municipal Corporation,73,Vyaravli - M.I.D.C.,ulb_ward,corporator,Woman,NONE,,1,Women,,,MNS,maharashtra navnirman sena,3352,20553,43049,8,all_seats,latin,data/maharashtra/mumbai/2012_scanned_data.xlsx,data/maharashtra/mumbai/BMC-2007_raw.xlsx,,BMC-2007_raw.xlsx,,
Maharashtra,2012,Mumbai,Brihanmumbai Municipal Corporation,74,Vijaynagar - Bhavani Nagar,ulb_ward,corporator,Other than Woman,NONE,,0,Open,Ruben Aagapito Fanardees,argmax_votes,IND,apaksh,11439,22543,49937,14,all_seats,latin,data/maharashtra/mumbai/2012_scanned_data.xlsx,data/maharashtra/mumbai/BMC-2007_raw.xlsx,,BMC-2007_raw.xlsx,,
Maharashtra,2012,Mumbai,Brihanmumbai Municipal Corporation,75,Sahar Airport-Maroshi Village,ulb_ward,corporator,Woman,NONE,,1,Women,Roy Sushma Kamlesh,argmax_votes,INC,indian national congress,6693,20204,43254,12,all_seats,latin,data/maharashtra/mumbai/2012_scanned_data.xlsx,data/maharashtra/mumbai/BMC-2007_raw.xlsx,,BMC-2007_raw.xlsx,,
Maharashtra,2012,Mumbai,Brihanmumbai Municipal Corporation,76,Chakala- Sahar Air Port,ulb_ward,corporator,Woman,NONE,,1,Women,Sawant Smita Subhash,argmax_votes,SS,Shivsena,9278,20940,44983,8,all_seats,latin,data/maharashtra/mumbai/2012_scanned_data.xlsx,data/maharashtra/mumbai/BMC-2007_raw.xlsx,,BMC-2007_raw.xlsx,,
Maharashtra,2012,Mumbai,Brihanmumbai Municipal Corporation,77,Sahar Village- Baman Wada,ulb_ward,corporator,Woman,NONE,,1,Women,Shrimati Desoza Viliad Bostit,argmax_votes,INC,indian national congress,5932,21653,43870,12,all_seats,latin,data/maharashtra/mumbai/2012_scanned_data.xlsx,data/maharashtra/mumbai/BMC-2007_raw.xlsx,,BMC-2007_raw.xlsx,,
Maharashtra,2012,Mumbai,Brihanmumbai Municipal Corporation,78,M.V. College - Vijay Nagar-Coal Dongari,ulb_ward,corporator,BC Woman,BC,OBC,1,Backward Class Women,Manisha Manohar Panchal,argmax_votes,SS,Shivsena,8304,19933,45938,5,all_seats,latin,data/maharashtra/mumbai/2012_scanned_data.xlsx,data/maharashtra/mumbai/BMC-2007_raw.xlsx,,BMC-2007_raw.xlsx,,
Maharashtra,2012,Mumbai,Brihanmumbai Municipal Corporation,79,Tejpal Scheme - Paranjape Scheme - Vile Parle ( East ),ulb_ward,corporator,Woman,NONE,,1,Women,Shrimati Shubhada Shashikant Patkar,argmax_votes,SS,Shivsena,10249,23505,48277,5,all_seats,latin,data/maharashtra/mumbai/2012_scanned_data.xlsx,data/maharashtra/mumbai/BMC-2007_raw.xlsx,,BMC-2007_raw.xlsx,,
Maharashtra,2012,Mumbai,Brihanmumbai Municipal Corporation,80,Vile Parle (East) - Telephone Exchange,ulb_ward,corporator,Woman,NONE,,1,Women,Jyoti Parag Alvani,argmax_votes,IND,apaksh,8477,21253,43734,5,all_seats,latin,data/maharashtra/mumbai/2012_scanned_data.xlsx,data/maharashtra/mumbai/BMC-2007_raw.xlsx,,BMC-2007_raw.xlsx,,
Maharashtra,2012,Mumbai,Brihanmumbai Municipal Corporation,81,Prabhat Colony- Anand Nagar,ulb_ward,corporator,BC Woman,BC,OBC,1,Backward Class Women,Snehal Suhas Shinde,argmax_votes,MNS,maharashtra navnirman sena,7716,17780,37194,4,all_seats,latin,data/maharashtra/mumbai/2012_scanned_data.xlsx,data/maharashtra/mumbai/BMC-2007_raw.xlsx,,BMC-2007_raw.xlsx,,
Maharashtra,2012,Mumbai,Brihanmumbai Municipal Corporation,82,Vivekanand Nagar,ulb_ward,corporator,Woman,NONE,,1,Women,Sukhada Rahul Pawar,argmax_votes,MNS,maharashtra navnirman sena,9750,24636,46968,6,all_seats,latin,data/maharashtra/mumbai/2012_scanned_data.xlsx,data/maharashtra/mumbai/BMC-2007_raw.xlsx,,BMC-2007_raw.xlsx,,
Maharashtra,2012,Mumbai,Brihanmumbai Municipal Corporation,83,University Campus- Dharamsi Colony,ulb_ward,corporator,Woman,NONE,,1,Women,Potnees Sunyana Sanjay,argmax_votes,SS,Shivsena,8261,20916,42945,6,all_seats,latin,data/maharashtra/mumbai/2012_scanned_data.xlsx,data/maharashtra/mumbai/BMC-2007_raw.xlsx,,BMC-2007_raw.xlsx,,
Maharashtra,2012,Mumbai,Brihanmumbai Municipal Corporation,84,Kalina Village- Santacruz Cantonmnt,ulb_ward,corporator,Other than Woman,NONE,,0,Open,Brayan Fransis Miranda,argmax_votes,INC,indian national congress,3874,18056,39726,27,all_seats,latin,data/maharashtra/mumbai/2012_scanned_data.xlsx,data/maharashtra/mumbai/BMC-2007_raw.xlsx,,BMC-2007_raw.xlsx,,
Maharashtra,2012,Mumbai,Brihanmumbai Municipal Corporation,85,Bharat Nagar (East),ulb_ward,corporator,Other than Woman,NONE,,0,Open,Shaikh Eliyas Bashir,argmax_votes,IND,apaksh,3850,16340,36982,26,all_seats,latin,data/maharashtra/mumbai/2012_scanned_data.xlsx,data/maharashtra/mumbai/BMC-2007_raw.xlsx,,BMC-2007_raw.xlsx,,
Maharashtra,2012,Mumbai,Brihanmumbai Municipal Corporation,86,T.P.S. 3- Santacruz- Ashok Nagar,ulb_ward,corporator,Woman,NONE,,1,Women,Mahadeshwar Puja Vishwanath,argmax_votes,SS,Shivsena,6675,17890,17890,9,all_seats,latin,data/maharashtra/mumbai/2012_scanned_data.xlsx,data/maharashtra/mumbai/BMC-2007_raw.xlsx,,BMC-2007_raw.xlsx,,
Maharashtra,2012,Mumbai,Brihanmumbai Municipal Corporation,87,Dowri Nagar- - Khar Rifle Range,ulb_ward,corporator,BC Other than Woman,BC,OBC,0,Backward Class,Krushna (Mahesh ) Parkar,argmax_votes,BJP,bjp,9185,18905,38625,8,all_seats,latin,data/maharashtra/mumbai/2012_scanned_data.xlsx,data/maharashtra/mumbai/BMC-2007_raw.xlsx,,BMC-2007_raw.xlsx,,
Maharashtra,2012,Mumbai,Brihanmumbai Municipal Corporation,88,Teacher's Colony - Jawahar Nagar,ulb_ward,corporator,Other than Woman,NONE,,0,Open,,,,,,,,,all_seats,latin,data/maharashtra/mumbai/2012_scanned_data.xlsx,data/maharashtra/mumbai/BMC-2007_raw.xlsx,,BMC-2007_raw.xlsx,,
Maharashtra,2012,Mumbai,Brihanmumbai Municipal Corporation,89,Govt. Colony - Bharat Nagar (West),ulb_ward,corporator,BC Other than Woman,BC,OBC,0,Backward Class,Anil Pandurang Trimbkar (Sir),argmax_votes,SS,Shivsena,5838,18503,45777,4,all_seats,latin,data/maharashtra/mumbai/2012_scanned_data.xlsx,data/maharashtra/mumbai/BMC-2007_raw.xlsx,,BMC-2007_raw.xlsx,,
Maharashtra,2012,Mumbai,Brihanmumbai Municipal Corporation,90,Bandra Terminus - Nirmal Nagar,ulb_ward,corporator,SC Woman,SC,,1,Schedule Caste Women,Dr. Priyatama Sharadkumar Sawant,argmax_votes,INC,indian national congress,6513,19234,42612,8,all_seats,latin,data/maharashtra/mumbai/2012_scanned_data.xlsx,data/maharashtra/mumbai/BMC-2007_raw.xlsx,,BMC-2007_raw.xlsx,,
Maharashtra,2012,Mumbai,Brihanmumbai Municipal Corporation,91,Kherwadi,ulb_ward,corporator,Woman,NONE,,1,Women,,,,,,,,,all_seats,latin,data/maharashtra/mumbai/2012_scanned_data.xlsx,data/maharashtra/mumbai/BMC-2007_raw.xlsx,,BMC-2007_raw.xlsx,,
Maharashtra,2012,Mumbai,Brihanmumbai Municipal Corporation,92,Khira Nagar - Muktanand Park,ulb_ward,corporator,BC Woman,BC,OBC,1,Backward Class Women,Chavan Geeta Bala,argmax_votes,MNS,maharashtra navnirman sena,7257,19883,19883,3,all_seats,latin,data/maharashtra/mumbai/2012_scanned_data.xlsx,data/maharashtra/mumbai/BMC-2007_raw.xlsx,,BMC-2007_raw.xlsx,,
Maharashtra,2012,Mumbai,Brihanmumbai Municipal Corporation,93,Vithaldas Nagar- Madhu Park - Khar (West)- Saraswat Colony,ulb_ward,corporator,Woman,NONE,,1,Women,Mahak Amar Bachani,argmax_votes,INC,indian national congress,7410,20222,20222,7,all_seats,latin,data/maharashtra/mumbai/2012_scanned_data.xlsx,data/maharashtra/mumbai/BMC-2007_raw.xlsx,,BMC-2007_raw.xlsx,,
Maharashtra,2012,Mumbai,Brihanmumbai Municipal Corporation,94,Khar Danda - Chuim Village,ulb_ward,corporator,Woman,NONE,,1,Women,Sunita Suresh Vavekar,argmax_votes,INC,indian national congress,7415,23121,23121,12,all_seats,latin,data/maharashtra/mumbai/2012_scanned_data.xlsx,data/maharashtra/mumbai/BMC-2007_raw.xlsx,,BMC-2007_raw.xlsx,,
Maharashtra,2012,Mumbai,Brihanmumbai Municipal Corporation,95,Union Park - National College,ulb_ward,corporator,Other than Woman,NONE,,0,Open,Aasif Ahamad Jhakeriya,argmax_votes,INC,indian national congress,7954,18737,18737,19,all_seats,latin,data/maharashtra/mumbai/2012_scanned_data.xlsx,data/maharashtra/mumbai/BMC-2007_raw.xlsx,,BMC-2007_raw.xlsx,,
Maharashtra,2012,Mumbai,Brihanmumbai Municipal Corporation,96,Bandra Fort - Pali Market - National Library,ulb_ward,corporator,BC Woman,BC,OBC,1,Backward Class Women,Karan Sisiliya Dimelo,argmax_votes,INC,indian national congress,10765,19375,19375,3,all_seats,latin,data/maharashtra/mumbai/2012_scanned_data.xlsx,data/maharashtra/mumbai/BMC-2007_raw.xlsx,,BMC-2007_raw.xlsx,,
Maharashtra,2012,Mumbai,Brihanmumbai Municipal Corporation,97,Lilavati Hospital - Bandra Bus Terminus,ulb_ward,corporator,BC Other than Woman,BC,OBC,0,Backward Class,Tanvir Mo. Ali Patel,argmax_votes,INC,indian national congress,9324,18908,18908,4,all_seats,latin,data/maharashtra/mumbai/2012_scanned_data.xlsx,data/maharashtra/mumbai/BMC-2007_raw.xlsx,,BMC-2007_raw.xlsx,,
Maharashtra,2012,Mumbai,Brihanmumbai Municipal Corporation,98,Mulund Colony - Tulasi Lake,ulb_ward,corporator,SC Woman,SC,,1,Scheduled Women,Samita Vinod Kamble,argmax_votes,BJP,bjp,8365,23717,51180,7,all_seats,latin,data/maharashtra/mumbai/2012_scanned_data.xlsx,data/maharashtra/mumbai/BMC-2007_raw.xlsx,,BMC-2007_raw.xlsx,,
Maharashtra,2012,Mumbai,Brihanmumbai Municipal Corporation,99,Mulund Check Naka - ESIS Hospital,ulb_ward,corporator,BC Woman,BC,OBC,1,Backward Class Women,Bhavna Bhavin Jobanputra,argmax_votes,BJP,bjp,9275,23512,49961,6,all_seats,latin,data/maharashtra/mumbai/2012_scanned_data.xlsx,data/maharashtra/mumbai/BMC-2007_raw.xlsx,,BMC-2007_raw.xlsx,,
Maharashtra,2012,Mumbai,Brihanmumbai Municipal Corporation,100,Topiwala College - Gavan Pada - MHADA Buildings,ulb_ward,corporator,Other than Woman,NONE,,0,Open,,,,,,,,,all_seats,latin,data/maharashtra/mumbai/2012_scanned_data.xlsx,data/maharashtra/mumbai/BMC-2007_raw.xlsx,,BMC-2007_raw.xlsx,,
Maharashtra,2012,Mumbai,Brihanmumbai Municipal Corporation,101,Nane Pada - Palm Acres,ulb_ward,corporator,BC Woman,BC,OBC,1,Backward Class Women,,,,,,,,,all_seats,latin,data/maharashtra/mumbai/2012_scanned_data.xlsx,data/maharashtra/mumbai/BMC-2007_raw.xlsx,,BMC-2007_raw.xlsx,,
Maharashtra,2012,Mumbai,Brihanmumbai Municipal Corporation,102,Mulund Central,ulb_ward,corporator,BC Other than Woman,BC,OBC,0,Backward Class,Prakash Kashinath Gangadhare,argmax_votes,BJP,bjp,10550,23197,49662,6,all_seats,latin,data/maharashtra/mumbai/2012_scanned_data.xlsx,data/maharashtra/mumbai/BMC-2007_raw.xlsx,,BMC-2007_raw.xlsx,,
Maharashtra,2012,Mumbai,Brihanmumbai Municipal Corporation,103,Johnson & Johnson - Sarvoday Nagar - Nahur Village,ulb_ward,corporator,Other than Woman,NONE,,0,Open,,,,,,,,,all_seats,latin,data/maharashtra/mumbai/2012_scanned_data.xlsx,data/maharashtra/mumbai/BMC-2007_raw.xlsx,,BMC-2007_raw.xlsx,,
Maharashtra,2012,Mumbai,Brihanmumbai Municipal Corporation,104,Milind Nagar,ulb_ward,corporator,BC Other than Woman,BC,OBC,0,Backward Class,Koparkar Suresh Harishchandra,argmax_votes,NCP,indian nationalist congress,8599,21034,43929,5,all_seats,latin,data/maharashtra/mumbai/2012_scanned_data.xlsx,data/maharashtra/mumbai/BMC-2007_raw.xlsx,,BMC-2007_raw.xlsx,,
Maharashtra,2012,Mumbai,Brihanmumbai Municipal Corporation,105,Bhandup Village,ulb_ward,corporator,BC Other than Woman,BC,OBC,0,Backward Class,Mangesh Narayan Pavar,argmax_votes,IND,Apaksh,6965,24645,49039,7,all_seats,latin,data/maharashtra/mumbai/2012_scanned_data.xlsx,data/maharashtra/mumbai/BMC-2007_raw.xlsx,,BMC-2007_raw.xlsx,,
Maharashtra,2012,Mumbai,Brihanmumbai Municipal Corporation,106,Gaon Devi ( Bhandup ) Tembipada,ulb_ward,corporator,BC Other than Woman,BC,OBC,0,Backward Class,Ramesh Gajanan Korgaonkar,argmax_votes,SS,shivsena,9484,17950,33433,4,all_seats,latin,data/maharashtra/mumbai/2012_scanned_data.xlsx,data/maharashtra/mumbai/BMC-2007_raw.xlsx,,BMC-2007_raw.xlsx,,
Maharashtra,2012,Mumbai,Brihanmumbai Municipal Corporation,107,Nardas Nagar,ulb_ward,corporator,Woman,NONE,,1,Women,Anisha Amol Manjgaonkar,argmax_votes,MNS,maharashtra navnirman sena,10705,25400,46674,5,all_seats,latin,data/maharashtra/mumbai/2012_scanned_data.xlsx,data/maharashtra/mumbai/BMC-2007_raw.xlsx,,BMC-2007_raw.xlsx,,
Maharashtra,2012,Mumbai,Brihanmumbai Municipal Corporation,108,Kokan Nagar - Bhattipada,ulb_ward,corporator,BC Other than Woman,BC,OBC,0,Backward Class,Rupesh Vayangpakar,argmax_votes,MNS,maharashtra navnirman sena,9783,25996,53141,3,all_seats,latin,data/maharashtra/mumbai/2012_scanned_data.xlsx,data/maharashtra/mumbai/BMC-2007_raw.xlsx,,BMC-2007_raw.xlsx,,
Maharashtra,2012,Mumbai,Brihanmumbai Municipal Corporation,109,Hanuman Nagar - Farid Nagar,ulb_ward,corporator,BC Woman,BC,OBC,1,Backward Class Women,Vaishnavi Sarfare Tarkar,argmax_votes,MNS,maharashtra navnirman sena,8899,22938,47670,6,all_seats,latin,data/maharashtra/mumbai/2012_scanned_data.xlsx,data/maharashtra/mumbai/BMC-2007_raw.xlsx,,BMC-2007_raw.xlsx,,
Maharashtra,2012,Mumbai,Brihanmumbai Municipal Corporation,110,Datar Colony - C. G. S. Quarters,ulb_ward,corporator,Other than Woman,NONE,,0,Open,Pisal Dhananjay Sadashiv,argmax_votes,NCP,nationalist congress party,11753,26292,48468,12,all_seats,latin,data/maharashtra/mumbai/2012_scanned_data.xlsx,data/maharashtra/mumbai/BMC-2007_raw.xlsx,,BMC-2007_raw.xlsx,,
Maharashtra,2012,Mumbai,Brihanmumbai Municipal Corporation,111,Kanjur Village,ulb_ward,corporator,Other than Woman,NONE,,0,Open,Ashok Dharmaraj Patil,argmax_votes,SS,shivsena,6558,20333,20333,14,all_seats,latin,data/maharashtra/mumbai/2012_scanned_data.xlsx,data/maharashtra/mumbai/BMC-2007_raw.xlsx,,BMC-2007_raw.xlsx,,
Maharashtra,2012,Mumbai,Brihanmumbai Municipal Corporation,112,Kannamwar Nagar,ulb_ward,corporator,SC Woman,SC,,1,Schedule Caste Women,Shrungare Priyanka Suryakant,argmax_votes,MNS,maharashtra navnirman sena,9035,21615,21615,7,all_seats,latin,data/maharashtra/mumbai/2012_scanned_data.xlsx,data/maharashtra/mumbai/BMC-2007_raw.xlsx,,BMC-2007_raw.xlsx,,
Maharashtra,2012,Mumbai,Brihanmumbai Municipal Corporation,113,Tagore Nagar,ulb_ward,corporator,Other than Woman,NONE,,0,Open,Tavaji Sahdev Gorule,argmax_votes,SS,shivsena,8986,21263,21263,18,all_seats,latin,data/maharashtra/mumbai/2012_scanned_data.xlsx,data/maharashtra/mumbai/BMC-2007_raw.xlsx,,BMC-2007_raw.xlsx,,
Maharashtra,2012,Mumbai,Brihanmumbai Municipal Corporation,114,Hariyali Village - Godrej Colony,ulb_ward,corporator,Other than Woman,NONE,,0,Open,Vishwas Tukaram Shinde,argmax_votes,SS,shivsena,7909,23456,23456,16,all_seats,latin,data/maharashtra/mumbai/2012_scanned_data.xlsx,data/maharashtra/mumbai/BMC-2007_raw.xlsx,,BMC-2007_raw.xlsx,,
Maharashtra,2012,Mumbai,Brihanmumbai Municipal Corporation,115,Eden Bunglows - Tirandaz Village,ulb_ward,corporator,Other than Woman,NONE,,0,Open,Sharma Chandan Chitranjan,argmax_votes,NCP,nationalist congress party,6897,15495,15495,11,all_seats,latin,data/maharashtra/mumbai/2012_scanned_data.xlsx,data/maharashtra/mumbai/BMC-2007_raw.xlsx,,BMC-2007_raw.xlsx,,
Maharashtra,2012,Mumbai,Brihanmumbai Municipal Corporation,116,Vihar Lake - Powai Lake - Paspoli Village,ulb_ward,corporator,Other than Woman,NONE,,0,Open,Sawant Avinash Bhaskar,argmax_votes,MNS,maharashtra navnirman sena,3661,16471,16471,17,all_seats,latin,data/maharashtra/mumbai/2012_scanned_data.xlsx,data/maharashtra/mumbai/BMC-2007_raw.xlsx,,BMC-2007_raw.xlsx,,
Maharashtra,2012,Mumbai,Brihanmumbai Municipal Corporation,117,Rahul Nagar,ulb_ward,corporator,SC Woman,SC,,1,Schedule Caste Women,Dr. Bavdane Bharti Subhodh,argmax_votes,SS,shivsena,11377,25227,25227,9,all_seats,latin,data/maharashtra/mumbai/2012_scanned_data.xlsx,data/maharashtra/mumbai/BMC-2007_raw.xlsx,,BMC-2007_raw.xlsx,,
Maharashtra,2012,Mumbai,Brihanmumbai Municipal Corporation,118,Park Site Colony - Vikhroi Village,ulb_ward,corporator,Other than Woman,NONE,,0,Open,Khan Harun Yusuf,argmax_votes,NCP,nationalist congress party,9567,20212,20212,21,all_seats,latin,data/maharashtra/mumbai/2012_scanned_data.xlsx,data/maharashtra/mumbai/BMC-2007_raw.xlsx,,BMC-2007_raw.xlsx,,
Maharashtra,2012,Mumbai,Brihanmumbai Municipal Corporation,119,Damodar Park Sanghani Estate,ulb_ward,corporator,Other than Woman,NONE,,0,Open,Sanjay D Bhalerav,argmax_votes,MNS,maharashtra navnirman sena,10766,20897,20897,9,all_seats,latin,data/maharashtra/mumbai/2012_scanned_data.xlsx,data/maharashtra/mumbai/BMC-2007_raw.xlsx,,BMC-2007_raw.xlsx,,
Maharashtra,2012,Mumbai,Brihanmumbai Municipal Corporation,120,Sarvodaya Hospital - Central Govt. Colony - Jagdusha Nagar,ulb_ward,corporator,Woman,NONE,,1,Women,Pratiksha Raju Ghuge,argmax_votes,NCP,nationalist congress party,7820,21343,21343,4,all_seats,latin,data/maharashtra/mumbai/2012_scanned_data.xlsx,data/maharashtra/mumbai/BMC-2007_raw.xlsx,,BMC-2007_raw.xlsx,,
Maharashtra,2012,Mumbai,Brihanmumbai Municipal Corporation,121,Bhim Nagar - Ram Nagar,ulb_ward,corporator,Woman,NONE,,1,Women,Reetu Rajesh Tavade,argmax_votes,BJP,bjp,7069,19480,19480,10,all_seats,latin,data/maharashtra/mumbai/2012_scanned_data.xlsx,data/maharashtra/mumbai/BMC-2007_raw.xlsx,,BMC-2007_raw.xlsx,,
Maharashtra,2012,Mumbai,Brihanmumbai Municipal Corporation,122,Bhat Wadi-Barve Nagar,ulb_ward,corporator,BC Other than Woman,BC,OBC,0,Backward Class,Deepak baba Hande,argmax_votes,IND,Apaksh,8559,22982,22984,5,all_seats,latin,data/maharashtra/mumbai/2012_scanned_data.xlsx,data/maharashtra/mumbai/BMC-2007_raw.xlsx,,BMC-2007_raw.xlsx,,
Maharashtra,2012,Mumbai,Brihanmumbai Municipal Corporation,123,Chirag Nagar- Narayan Nagar,ulb_ward,corporator,Other than Woman,NONE,,0,Open,Mate Ashwini Bharat,argmax_votes,SS,shivsena,9050,26846,26846,20,all_seats,latin,data/maharashtra/mumbai/2012_scanned_data.xlsx,data/maharashtra/mumbai/BMC-2007_raw.xlsx,,BMC-2007_raw.xlsx,,
Maharashtra,2012,Mumbai,Brihanmumbai Municipal Corporation,124,Kirol Village - Ramji Ashar School,ulb_ward,corporator,Other than Woman,NONE,,0,Open,Pravin Velji Cheda,argmax_votes,NCP,indian nationalist congress,8557,20251,20251,17,all_seats,latin,data/maharashtra/mumbai/2012_scanned_data.xlsx,data/maharashtra/mumbai/BMC-2007_raw.xlsx,,BMC-2007_raw.xlsx,,
Maharashtra,2012,Mumbai,Brihanmumbai Municipal Corporation,125,Pant Nagar,ulb_ward,corporator,Woman,NONE,,1,Women,,,,,,,,,all_seats,latin,data/maharashtra/mumbai/2012_scanned_data.xlsx,data/maharashtra/mumbai/BMC-2007_raw.xlsx,,BMC-2007_raw.xlsx,,
Maharashtra,2012,Mumbai,Brihanmumbai Municipal Corporation,126,Ramabai Nagar,ulb_ward,corporator,SC Other than Woman,SC,,0,Schedule Caste,,,MNS,maharashtra navnirman sena,4909,17203,17203,14,all_seats,latin,data/maharashtra/mumbai/2012_scanned_data.xlsx,data/maharashtra/mumbai/BMC-2007_raw.xlsx,,BMC-2007_raw.xlsx,,
Maharashtra,2012,Mumbai,Brihanmumbai Municipal Corporation,127,Garodia Nagar - Somaiya College,ulb_ward,corporator,Woman,NONE,,1,Women,Falguni Dave,argmax_votes,BJP,bjp,12636,20664,20664,5,all_seats,latin,data/maharashtra/mumbai/2012_scanned_data.xlsx,data/maharashtra/mumbai/BMC-2007_raw.xlsx,,BMC-2007_raw.xlsx,,
Maharashtra,2012,Mumbai,Brihanmumbai Municipal Corporation,128,Kamraj Nagar,ulb_ward,corporator,Woman,NONE,,1,Women,Mangal Parmeshwar Kadam,argmax_votes,MNS,maharashtra navnirman sena,7670,21616,21616,15,all_seats,latin,data/maharashtra/mumbai/2012_scanned_data.xlsx,data/maharashtra/mumbai/BMC-2007_raw.xlsx,,BMC-2007_raw.xlsx,,
Maharashtra,2012,Mumbai,Brihanmumbai Municipal Corporation,129,Lotus Colony - Rafiq Nagar,ulb_ward,corporator,BC Woman,BC,OBC,1,Backward Class Women,Reshma Ramesh Nevrekar,argmax_votes,samajvadi party,samajvadi party,4241,15601,39457,5,all_seats,latin,data/maharashtra/mumbai/2012_scanned_data.xlsx,data/maharashtra/mumbai/BMC-2007_raw.xlsx,,BMC-2007_raw.xlsx,,
Maharashtra,2012,Mumbai,Brihanmumbai Municipal Corporation,130,Shivaji Nagar No.1,ulb_ward,corporator,Other than Woman,NONE,,0,Open,Mo. Siraj Mo. Ikbal Shaikh,argmax_votes,IND,apaksh,3922,13119,31677,20,all_seats,latin,data/maharashtra/mumbai/2012_scanned_data.xlsx,data/maharashtra/mumbai/BMC-2007_raw.xlsx,,BMC-2007_raw.xlsx,,
Maharashtra,2012,Mumbai,Brihanmumbai Municipal Corporation,131,Shivaji Nagar No.2 - Sanjay Nagar,ulb_ward,corporator,Other than Woman,NONE,,0,Open,Nurjaha Rafik,argmax_votes,samajvadi party,samajvadi party,5515,15239,37651,18,all_seats,latin,data/maharashtra/mumbai/2012_scanned_data.xlsx,data/maharashtra/mumbai/BMC-2007_raw.xlsx,,BMC-2007_raw.xlsx,,
Maharashtra,2012,Mumbai,Brihanmumbai Municipal Corporation,132,Shashtri Nagar - Kamala Raman Nagar,ulb_ward,corporator,BC Other than Woman,BC,OBC,0,Backward Class,Rais Kasam Shaikh,argmax_votes,samajvadi party,samajvadi party,8073,14807,34589,5,all_seats,latin,data/maharashtra/mumbai/2012_scanned_data.xlsx,data/maharashtra/mumbai/BMC-2007_raw.xlsx,,BMC-2007_raw.xlsx,,
Maharashtra,2012,Mumbai,Brihanmumbai Municipal Corporation,133,Baiganwadi - P.M.G. Colony,ulb_ward,corporator,BC Other than Woman,BC,OBC,0,Backward Class,Shantaram Mahadev Patil,argmax_votes,samajvadi party,samajvadi party,5725,18024,47755,8,all_seats,latin,data/maharashtra/mumbai/2012_scanned_data.xlsx,data/maharashtra/mumbai/BMC-2007_raw.xlsx,,BMC-2007_raw.xlsx,,
Maharashtra,2012,Mumbai,Brihanmumbai Municipal Corporation,134,Mankhurd Villege - Mandala Villege,ulb_ward,corporator,Other than Woman,NONE,,0,Open,Rahul Ramesh Shevale,argmax_votes,SS,shivsena,7584,19955,43818,23,all_seats,latin,data/maharashtra/mumbai/2012_scanned_data.xlsx,data/maharashtra/mumbai/BMC-2007_raw.xlsx,,BMC-2007_raw.xlsx,,
Maharashtra,2012,Mumbai,Brihanmumbai Municipal Corporation,135,Chita Camp,ulb_ward,corporator,Woman,NONE,,1,Women,Hanifayi,argmax_votes,IND,apaksh,10935,19716,48931,16,all_seats,latin,data/maharashtra/mumbai/2012_scanned_data.xlsx,data/maharashtra/mumbai/BMC-2007_raw.xlsx,,BMC-2007_raw.xlsx,,
Maharashtra,2012,Mumbai,Brihanmumbai Municipal Corporation,136,Anushakti Nagar ( B.A.R.C. ) - Trombay,ulb_ward,corporator,ST Woman,ST,,1,Scheduled Tribe Women,Manju Bhaleshanker Kumare (Purake),argmax_votes,SS,shivsena,9363,19758,54038,6,all_seats,latin,data/maharashtra/mumbai/2012_scanned_data.xlsx,data/maharashtra/mumbai/BMC-2007_raw.xlsx,,BMC-2007_raw.xlsx,,
Maharashtra,2012,Mumbai,Brihanmumbai Municipal Corporation,137,New Gautam Nagar,ulb_ward,corporator,Woman,NONE,,1,Women,Sunanda Vitthal Lokare,argmax_votes,NCP,indian nationalist congress,4660,15290,33488,18,all_seats,latin,data/maharashtra/mumbai/2012_scanned_data.xlsx,data/maharashtra/mumbai/BMC-2007_raw.xlsx,,BMC-2007_raw.xlsx,,
Maharashtra,2012,Mumbai,Brihanmumbai Municipal Corporation,138,Deonar Slaughter House,ulb_ward,corporator,Other than Woman,NONE,,0,Open,,,,,,,,,all_seats,latin,data/maharashtra/mumbai/2012_scanned_data.xlsx,data/maharashtra/mumbai/BMC-2007_raw.xlsx,,BMC-2007_raw.xlsx,,
Maharashtra,2012,Mumbai,Brihanmumbai Municipal Corporation,139,Deonar Villege - Mankhurd childrens' house,ulb_ward,corporator,Other than Woman,NONE,,0,Open,Panchal Babalu Harishchandra,argmax_votes,SS,shivsena,9956,26495,54344,16,all_seats,latin,data/maharashtra/mumbai/2012_scanned_data.xlsx,data/maharashtra/mumbai/BMC-2007_raw.xlsx,,BMC-2007_raw.xlsx,,
Maharashtra,2012,Mumbai,Brihanmumbai Municipal Corporation,140,RCF Township,ulb_ward,corporator,SC Woman,SC,,1,Schedule Caste Women,,,,,,,,,all_seats,latin,data/maharashtra/mumbai/2012_scanned_data.xlsx,data/maharashtra/mumbai/BMC-2007_raw.xlsx,,BMC-2007_raw.xlsx,,
Maharashtra,2012,Mumbai,Brihanmumbai Municipal Corporation,141,Adarsh Nagar - Hindustan Petroleum - Anik Village,ulb_ward,corporator,SC Other than Woman,SC,,0,Schedule Caste,Kharatmol Vitthal Ambaji,argmax_votes,BJP,bjp,7580,19447,39750,12,all_seats,latin,data/maharashtra/mumbai/2012_scanned_data.xlsx,data/maharashtra/mumbai/BMC-2007_raw.xlsx,,BMC-2007_raw.xlsx,,
Maharashtra,2012,Mumbai,Brihanmumbai Municipal Corporation,142,"Anik, Mahul Villege - Rashtriya Chemical & Fertilzer Company",ulb_ward,corporator,Woman,NONE,,1,Women,Seema Rajendra Mahulkar,argmax_votes,NCP,indian nationalist congress,7614,18469,40912,7,all_seats,latin,data/maharashtra/mumbai/2012_scanned_data.xlsx,data/maharashtra/mumbai/BMC-2007_raw.xlsx,,BMC-2007_raw.xlsx,,
Maharashtra,2012,Mumbai,Brihanmumbai Municipal Corporation,143,Suman Nagar - Sindhi Society,ulb_ward,corporator,Other than Woman,NONE,,0,Open,Shivgan Mahadev Shanker,argmax_votes,BJP,bjp,2905,19663,38733,32,all_seats,latin,data/maharashtra/mumbai/2012_scanned_data.xlsx,data/maharashtra/mumbai/BMC-2007_raw.xlsx,,BMC-2007_raw.xlsx,,
Maharashtra,2012,Mumbai,Brihanmumbai Municipal Corporation,144,Siddharth Colony - Basant Park - Golf Club,ulb_ward,corporator,Woman,NONE,,1,Women,Rajashree Shripad Palande,argmax_votes,BJP,bjp,6222,20026,47863,20,all_seats,latin,data/maharashtra/mumbai/2012_scanned_data.xlsx,data/maharashtra/mumbai/BMC-2007_raw.xlsx,,BMC-2007_raw.xlsx,,
Maharashtra,2012,Mumbai,Brihanmumbai Municipal Corporation,145,Sahakar nagar,ulb_ward,corporator,Woman,NONE,,1,Women,Vandana Gautam Sabale,argmax_votes,NCP,indian nationalist congress,6943,17433,39102,13,all_seats,latin,data/maharashtra/mumbai/2012_scanned_data.xlsx,data/maharashtra/mumbai/BMC-2007_raw.xlsx,,BMC-2007_raw.xlsx,,
Maharashtra,2012,Mumbai,Brihanmumbai Municipal Corporation,146,Subhas Nagar - Beggar's Home,ulb_ward,corporator,BC Woman,BC,OBC,1,Backward Class Women,Suprada Prakash Fatperkar,argmax_votes,SS,shivsena,8694,15476,36216,4,all_seats,latin,data/maharashtra/mumbai/2012_scanned_data.xlsx,data/maharashtra/mumbai/BMC-2007_raw.xlsx,,BMC-2007_raw.xlsx,,
Maharashtra,2012,Mumbai,Brihanmumbai Municipal Corporation,147,Borla ( Central ) - Ghatala Village,ulb_ward,corporator,Other than Woman,NONE,,0,Open,Patankar Anil Ramchandra,argmax_votes,NCP,indian nationalist congress,10279,25850,46650,15,all_seats,latin,data/maharashtra/mumbai/2012_scanned_data.xlsx,data/maharashtra/mumbai/BMC-2007_raw.xlsx,,BMC-2007_raw.xlsx,,
Maharashtra,2012,Mumbai,Brihanmumbai Municipal Corporation,148,Jyoti Nagar - Rahul Nagar,ulb_ward,corporator,Woman,NONE,,1,Women,Handare Sangita Chandrakant,argmax_votes,NCP,indian nationalist congress,7983,18821,39807,11,all_seats,latin,data/maharashtra/mumbai/2012_scanned_data.xlsx,data/maharashtra/mumbai/BMC-2007_raw.xlsx,,BMC-2007_raw.xlsx,,
Maharashtra,2012,Mumbai,Brihanmumbai Municipal Corporation,149,Tilak Nagar - Chheda Nagar,ulb_ward,corporator,Woman,NONE,,1,Women,Deepa Nilkanth Parab,argmax_votes,SS,shivsena,5504,20579,49901,13,all_seats,latin,data/maharashtra/mumbai/2012_scanned_data.xlsx,data/maharashtra/mumbai/BMC-2007_raw.xlsx,,BMC-2007_raw.xlsx,,
Maharashtra,2012,Mumbai,Brihanmumbai Municipal Corporation,150,Tungve Village - Chandivli village ( west ),ulb_ward,corporator,Woman,NONE,,1,Women,Savita Sharad Pawar,argmax_votes,NCP,nationalist congress party,10058,24874,24874,16,all_seats,latin,data/maharashtra/mumbai/2012_scanned_data.xlsx,data/maharashtra/mumbai/BMC-2007_raw.xlsx,,BMC-2007_raw.xlsx,,
Maharashtra,2012,Mumbai,Brihanmumbai Municipal Corporation,151,Chandivli village (East ),ulb_ward,corporator,Other than Woman,NONE,,0,Open,Ishwar Devram Tayade,argmax_votes,MNS,maharashtra navnirman sena,8834,25948,25948,14,all_seats,latin,data/maharashtra/mumbai/2012_scanned_data.xlsx,data/maharashtra/mumbai/BMC-2007_raw.xlsx,,BMC-2007_raw.xlsx,,
Maharashtra,2012,Mumbai,Brihanmumbai Municipal Corporation,152,Mohili Village,ulb_ward,corporator,Woman,NONE,,1,Women,Jamsandekar Komal Kamlakar,argmax_votes,SS,shivsena,5286,18976,18976,11,all_seats,latin,data/maharashtra/mumbai/2012_scanned_data.xlsx,data/maharashtra/mumbai/BMC-2007_raw.xlsx,,BMC-2007_raw.xlsx,,
Maharashtra,2012,Mumbai,Brihanmumbai Municipal Corporation,153,Kajupada Hill - Asalpe Village,ulb_ward,corporator,Woman,NONE,,1,Women,Shukla Leena Harish,argmax_votes,IND,Apaksh,5632,19214,19214,11,all_seats,latin,data/maharashtra/mumbai/2012_scanned_data.xlsx,data/maharashtra/mumbai/BMC-2007_raw.xlsx,,BMC-2007_raw.xlsx,,
Maharashtra,2012,Mumbai,Brihanmumbai Municipal Corporation,154,Kamani Industries - Saki Naka,ulb_ward,corporator,Other than Woman,NONE,,0,Open,Dilip Bhausaheb Lande,argmax_votes,MNS,maharashtra navnirman sena,11147,21508,21508,16,all_seats,latin,data/maharashtra/mumbai/2012_scanned_data.xlsx,data/maharashtra/mumbai/BMC-2007_raw.xlsx,,BMC-2007_raw.xlsx,,
Maharashtra,2012,Mumbai,Brihanmumbai Municipal Corporation,155,Jari Mari,ulb_ward,corporator,Woman,NONE,,1,Women,Annamalai Lalita,argmax_votes,IND,Apaksh,9907,17797,17797,12,all_seats,latin,data/maharashtra/mumbai/2012_scanned_data.xlsx,data/maharashtra/mumbai/BMC-2007_raw.xlsx,,BMC-2007_raw.xlsx,,
Maharashtra,2012,Mumbai,Brihanmumbai Municipal Corporation,156,Home Guard Training Center,ulb_ward,corporator,BC Other than Woman,BC,OBC,0,Backward Class,Mohammad Isak Kasim Ali Shaikh,argmax_votes,samajvadi party,samajvadi party,8484,20879,20879,4,all_seats,latin,data/maharashtra/mumbai/2012_scanned_data.xlsx,data/maharashtra/mumbai/BMC-2007_raw.xlsx,,BMC-2007_raw.xlsx,,
Maharashtra,2012,Mumbai,Brihanmumbai Municipal Corporation,157,Wadia Estate - Hall Village - Premuer Automobiles,ulb_ward,corporator,BC Woman,BC,OBC,1,Backward Class Women,Manali Mangesh Tulaskar,argmax_votes,SS,shivsena,9856,21541,21541,3,all_seats,latin,data/maharashtra/mumbai/2012_scanned_data.xlsx,data/maharashtra/mumbai/BMC-2007_raw.xlsx,,BMC-2007_raw.xlsx,,
Maharashtra,2012,Mumbai,Brihanmumbai Municipal Corporation,158,Kurla Village - Dayanand Vidyalaya,ulb_ward,corporator,Woman,NONE,,1,Women,Dilshad Aajmi,argmax_votes,samajvadi party,samajvadi party,5353,19703,44211,9,all_seats,latin,data/maharashtra/mumbai/2012_scanned_data.xlsx,data/maharashtra/mumbai/BMC-2007_raw.xlsx,,BMC-2007_raw.xlsx,,
Maharashtra,2012,Mumbai,Brihanmumbai Municipal Corporation,159,Vinbha Bhave Nagar,ulb_ward,corporator,Other than Woman,NONE,,0,Open,Ashraf Aajmi,argmax_votes,samajvadi party,samajvadi party,9621,16879,42692,17,all_seats,latin,data/maharashtra/mumbai/2012_scanned_data.xlsx,data/maharashtra/mumbai/BMC-2007_raw.xlsx,,BMC-2007_raw.xlsx,,
Maharashtra,2012,Mumbai,Brihanmumbai Municipal Corporation,160,Kurla Terminus - Kamgar Nagar,ulb_ward,corporator,BC Woman,BC,OBC,1,Backward Class Women,Mungekar Sanjana Kishor,argmax_votes,SS,shivsena,11276,19277,46769,5,all_seats,latin,data/maharashtra/mumbai/2012_scanned_data.xlsx,data/maharashtra/mumbai/BMC-2007_raw.xlsx,,BMC-2007_raw.xlsx,,
Maharashtra,2012,Mumbai,Brihanmumbai Municipal Corporation,161,Shikshak Nagar,ulb_ward,corporator,Woman,NONE,,1,Women,Dr. Saida Khan,argmax_votes,NCP,nationalist congress party,6730,16718,41082,10,all_seats,latin,data/maharashtra/mumbai/2012_scanned_data.xlsx,data/maharashtra/mumbai/BMC-2007_raw.xlsx,,BMC-2007_raw.xlsx,,
Maharashtra,2012,Mumbai,Brihanmumbai Municipal Corporation,162,Nehru Nagar - Bhabha Hospital - Takia,ulb_ward,corporator,Woman,NONE,,1,Women,Dr. Anuradha Mahesh Pednekar,argmax_votes,SS,shivsena,7662,19661,45917,8,all_seats,latin,data/maharashtra/mumbai/2012_scanned_data.xlsx,data/maharashtra/mumbai/BMC-2007_raw.xlsx,,BMC-2007_raw.xlsx,,
Maharashtra,2012,Mumbai,Brihanmumbai Municipal Corporation,163,Kasai Wada - Everard Nagar,ulb_ward,corporator,Woman,NONE,,1,Women,Darshana Dilip Shinde,argmax_votes,SS,shivsena,5583,19211,44717,11,all_seats,latin,data/maharashtra/mumbai/2012_scanned_data.xlsx,data/maharashtra/mumbai/BMC-2007_raw.xlsx,,BMC-2007_raw.xlsx,,
Maharashtra,2012,Mumbai,Brihanmumbai Municipal Corporation,164,Swadeshi Mill - Eye Hospital,ulb_ward,corporator,Other than Woman,NONE,,0,Open,Vijay Pandharinat Tandel,argmax_votes,IND,Apaksh,5614,21932,46429,19,all_seats,latin,data/maharashtra/mumbai/2012_scanned_data.xlsx,data/maharashtra/mumbai/BMC-2007_raw.xlsx,,BMC-2007_raw.xlsx,,
Maharashtra,2012,Mumbai,Brihanmumbai Municipal Corporation,165,Pratiksha Nagar - Sion,ulb_ward,corporator,Woman,NONE,,1,Women,Vaghmare Pranita Prakash,argmax_votes,SS,shivsena,8745,15528,41796,4,all_seats,latin,data/maharashtra/mumbai/2012_scanned_data.xlsx,data/maharashtra/mumbai/BMC-2007_raw.xlsx,,BMC-2007_raw.xlsx,,
Maharashtra,2012,Mumbai,Brihanmumbai Municipal Corporation,166,Salt Pans - Sion Transit camp,ulb_ward,corporator,BC Woman,BC,OBC,1,Backward Class Women,Lalita Kacharu Yadav,argmax_votes,NCP,indian nationalist congress,8268,19072,52342,3,all_seats,latin,data/maharashtra/mumbai/2012_scanned_data.xlsx,data/maharashtra/mumbai/BMC-2007_raw.xlsx,,BMC-2007_raw.xlsx,,
Maharashtra,2012,Mumbai,Brihanmumbai Municipal Corporation,167,Lokmanya Tilak Hospital - Shanmukhanand Hall,ulb_ward,corporator,BC Woman,BC,OBC,1,Backward Class Women,Rajashree Shirvadhkar,argmax_votes,BJP,bjp,8240,16921,44275,6,all_seats,latin,data/maharashtra/mumbai/2012_scanned_data.xlsx,data/maharashtra/mumbai/BMC-2007_raw.xlsx,,BMC-2007_raw.xlsx,,
Maharashtra,2012,Mumbai,Brihanmumbai Municipal Corporation,168,Rawli Hill,ulb_ward,corporator,Other than Woman,NONE,,0,Open,R Tamil Selvan (Captain),argmax_votes,BJP,bjp,6936,19371,42944,13,all_seats,latin,data/maharashtra/mumbai/2012_scanned_data.xlsx,data/maharashtra/mumbai/BMC-2007_raw.xlsx,,BMC-2007_raw.xlsx,,
Maharashtra,2012,Mumbai,Brihanmumbai Municipal Corporation,169,C.G.S. Colony - Sector 7,ulb_ward,corporator,Other than Woman,NONE,,0,Open,Jadhav Shraddha Shridhar,argmax_votes,SS,shivsena,5742,16094,40936,13,all_seats,latin,data/maharashtra/mumbai/2012_scanned_data.xlsx,data/maharashtra/mumbai/BMC-2007_raw.xlsx,,BMC-2007_raw.xlsx,,
Maharashtra,2012,Mumbai,Brihanmumbai Municipal Corporation,170,C.G.S. Colony - Antop -  Hill,ulb_ward,corporator,Woman,NONE,,1,Women,Vishwasrav Trushna Chandrakant,argmax_votes,SS,shivsena,7698,18581,44330,10,all_seats,latin,data/maharashtra/mumbai/2012_scanned_data.xlsx,data/maharashtra/mumbai/BMC-2007_raw.xlsx,,BMC-2007_raw.xlsx,,
Maharashtra,2012,Mumbai,Brihanmumbai Municipal Corporation,171,Sangam Nagar,ulb_ward,corporator,Other than Woman,NONE,,0,Open,Chaube Mahant Ramnaresh,argmax_votes,BJP,bjp,2303,13650,30313,16,all_seats,latin,data/maharashtra/mumbai/2012_scanned_data.xlsx,data/maharashtra/mumbai/BMC-2007_raw.xlsx,,BMC-2007_raw.xlsx,,
Maharashtra,2012,Mumbai,Brihanmumbai Municipal Corporation,172,Korba Mithagar - Wadala Saltpans,ulb_ward,corporator,SC Woman,SC,,1,Schedule Caste Women,Manoj Sansare,argmax_votes,IND,Apaksh,9972,24616,48842,8,all_seats,latin,data/maharashtra/mumbai/2012_scanned_data.xlsx,data/maharashtra/mumbai/BMC-2007_raw.xlsx,,BMC-2007_raw.xlsx,,
Maharashtra,2012,Mumbai,Brihanmumbai Municipal Corporation,173,Lepers' Home - B.P.T. Hospital Colony,ulb_ward,corporator,BC Woman,BC,OBC,1,Backward Class Women,Doke Alka Hemant,argmax_votes,SS,shivsena,7060,16288,35611,6,all_seats,latin,data/maharashtra/mumbai/2012_scanned_data.xlsx,data/maharashtra/mumbai/BMC-2007_raw.xlsx,,BMC-2007_raw.xlsx,,
Maharashtra,2012,Mumbai,Brihanmumbai Municipal Corporation,174,Hindu Colony - Parsi Colony,ulb_ward,corporator,Woman,NONE,,1,Women,Nayana Sheth,argmax_votes,NCP,indian nationalist congress,6262,19038,46124,5,all_seats,latin,data/maharashtra/mumbai/2012_scanned_data.xlsx,data/maharashtra/mumbai/BMC-2007_raw.xlsx,,BMC-2007_raw.xlsx,,
Maharashtra,2012,Mumbai,Brihanmumbai Municipal Corporation,175,Mahim Kala Killa,ulb_ward,corporator,Other than Woman,NONE,,0,Open,Bora Sabreddy Mallesh,argmax_votes,republican party of india (A),republican party of india (A),3430,17696,46884,20,all_seats,latin,data/maharashtra/mumbai/2012_scanned_data.xlsx,data/maharashtra/mumbai/BMC-2007_raw.xlsx,,BMC-2007_raw.xlsx,,
Maharashtra,2012,Mumbai,Brihanmumbai Municipal Corporation,176,Dharavi - Transit Camp,ulb_ward,corporator,BC Woman,BC,OBC,1,Backward Class Women,Kodam Anusha R,argmax_votes,SS,shivsena,8937,18371,55366,4,all_seats,latin,data/maharashtra/mumbai/2012_scanned_data.xlsx,data/maharashtra/mumbai/BMC-2007_raw.xlsx,,BMC-2007_raw.xlsx,,
Maharashtra,2012,Mumbai,Brihanmumbai Municipal Corporation,177,Kakkaiyadevi Tampl (Dharavi)Khambadevi Nagar-Mukund Naga,ulb_ward,corporator,Other than Woman,NONE,,0,Open,Suryavanshi Rajendra Narayan,argmax_votes,SS,shivsena,7676,19420,45553,10,all_seats,latin,data/maharashtra/mumbai/2012_scanned_data.xlsx,data/maharashtra/mumbai/BMC-2007_raw.xlsx,,BMC-2007_raw.xlsx,,
Maharashtra,2012,Mumbai,Brihanmumbai Municipal Corporation,178,Western India Tanneries,ulb_ward,corporator,BC Other than Woman,BC,OBC,0,Backward Class,Shaikh Vakil Ahamad,argmax_votes,NCP,indian nationalist congress,9314,23046,57480,6,all_seats,latin,data/maharashtra/mumbai/2012_scanned_data.xlsx,data/maharashtra/mumbai/BMC-2007_raw.xlsx,,BMC-2007_raw.xlsx,,
Maharashtra,2012,Mumbai,Brihanmumbai Municipal Corporation,179,Mahim Sonapur - Labour Camp,ulb_ward,corporator,BC Woman,BC,OBC,1,Backward Class Women,Jyotsana Harjeevan Parmar,argmax_votes,samajvadi party,samajvadi party,8028,19726,46455,4,all_seats,latin,data/maharashtra/mumbai/2012_scanned_data.xlsx,data/maharashtra/mumbai/BMC-2007_raw.xlsx,,BMC-2007_raw.xlsx,,
Maharashtra,2012,Mumbai,Brihanmumbai Municipal Corporation,180,Estrella  Batteries Co. - Rajeshri Shahu Nagar,ulb_ward,corporator,SC Other than Woman,SC,,0,Schedule Caste,Gayakwad Vishnu Ramchandra,argmax_votes,IND,Apaksh,4453,16167,36489,10,all_seats,latin,data/maharashtra/mumbai/2012_scanned_data.xlsx,data/maharashtra/mumbai/BMC-2007_raw.xlsx,,BMC-2007_raw.xlsx,,
Maharashtra,2012,Mumbai,Brihanmumbai Municipal Corporation,181,Mahim Fort - Mahim Police Quarters ( Mahim Creek ),ulb_ward,corporator,Woman,NONE,,1,Women,Shraddha Rajesh Patil,argmax_votes,MNS,maharashtra navnirman sena,7554,19030,47821,8,all_seats,latin,data/maharashtra/mumbai/2012_scanned_data.xlsx,data/maharashtra/mumbai/BMC-2007_raw.xlsx,,BMC-2007_raw.xlsx,,
Maharashtra,2012,Mumbai,Brihanmumbai Municipal Corporation,182,Shitaladevi Temple - Hinduja Hospital,ulb_ward,corporator,Other than Woman,NONE,,0,Open,Virendra Vishnu Tandel,argmax_votes,MNS,maharashtra navnirman sena,5088,20175,44486,14,all_seats,latin,data/maharashtra/mumbai/2012_scanned_data.xlsx,data/maharashtra/mumbai/BMC-2007_raw.xlsx,,BMC-2007_raw.xlsx,,
Maharashtra,2012,Mumbai,Brihanmumbai Municipal Corporation,183,Ruparel Collage - Matunga Workshop,ulb_ward,corporator,BC Other than Woman,BC,OBC,0,Backward Class,Manish Dattaram Chavan,argmax_votes,MNS,maharashtra navnirman sena,12676,25851,52992,4,all_seats,latin,data/maharashtra/mumbai/2012_scanned_data.xlsx,data/maharashtra/mumbai/BMC-2007_raw.xlsx,,BMC-2007_raw.xlsx,,
Maharashtra,2012,Mumbai,Brihanmumbai Municipal Corporation,184,Kamgar Krida Kendra - Dadar Railway Station,ulb_ward,corporator,BC Other than Woman,BC,OBC,0,Backward Class,Sudhir Jadhav,argmax_votes,MNS,maharashtra navnirman sena,9352,22631,44197,3,all_seats,latin,data/maharashtra/mumbai/2012_scanned_data.xlsx,data/maharashtra/mumbai/BMC-2007_raw.xlsx,,BMC-2007_raw.xlsx,,
Maharashtra,2012,Mumbai,Brihanmumbai Municipal Corporation,185,Ravindra Natya Mandir - Shivaji park,ulb_ward,corporator,Other than Woman,NONE,,0,Open,Sandip Sudhakar Deshpandey,argmax_votes,MNS,maharashtra navnirman sena,13453,26966,50082,11,all_seats,latin,data/maharashtra/mumbai/2012_scanned_data.xlsx,data/maharashtra/mumbai/BMC-2007_raw.xlsx,,BMC-2007_raw.xlsx,,
Maharashtra,2012,Mumbai,Brihanmumbai Municipal Corporation,186,S.T. Depot - Western Railway Workshop,ulb_ward,corporator,BC Woman,BC,OBC,1,Backward Class Women,Seema Mahesh Shivalkar,argmax_votes,MNS,maharashtra navnirman sena,8728,21129,45447,3,all_seats,latin,data/maharashtra/mumbai/2012_scanned_data.xlsx,data/maharashtra/mumbai/BMC-2007_raw.xlsx,,BMC-2007_raw.xlsx,,
Maharashtra,2012,Mumbai,Brihanmumbai Municipal Corporation,187,T.V. Center - Prabhadevi,ulb_ward,corporator,Other than Woman,NONE,,0,Open,Santosh Balkrushna Dhuri,argmax_votes,MNS,maharashtra navnirman sena,5929,18005,36079,9,all_seats,latin,data/maharashtra/mumbai/2012_scanned_data.xlsx,data/maharashtra/mumbai/BMC-2007_raw.xlsx,,BMC-2007_raw.xlsx,,
Maharashtra,2012,Mumbai,Brihanmumbai Municipal Corporation,188,Worli Village,ulb_ward,corporator,Woman,NONE,,1,Women,Varalikar Hemangi Harish,argmax_votes,SS,shivsena,10441,22663,43234,4,all_seats,latin,data/maharashtra/mumbai/2012_scanned_data.xlsx,data/maharashtra/mumbai/BMC-2007_raw.xlsx,,BMC-2007_raw.xlsx,,
Maharashtra,2012,Mumbai,Brihanmumbai Municipal Corporation,189,Worli Dairy - Sasmira,ulb_ward,corporator,Woman,NONE,,1,Women,Mansi Madhukar Valavi,argmax_votes,SS,shivsena,6726,17287,40606,10,all_seats,latin,data/maharashtra/mumbai/2012_scanned_data.xlsx,data/maharashtra/mumbai/BMC-2007_raw.xlsx,,BMC-2007_raw.xlsx,,
Maharashtra,2012,Mumbai,Brihanmumbai Municipal Corporation,190,Woli B. D. D. Chawls,ulb_ward,corporator,Woman,NONE,,1,Women,Vange Hemlata Vinod,argmax_votes,MNS,maharashtra navnirman sena,6770,20691,41991,10,all_seats,latin,data/maharashtra/mumbai/2012_scanned_data.xlsx,data/maharashtra/mumbai/BMC-2007_raw.xlsx,,BMC-2007_raw.xlsx,,
Maharashtra,2012,Mumbai,Brihanmumbai Municipal Corporation,191,Gandhi Nagar- Dawn Mills,ulb_ward,corporator,Woman,NONE,,1,Women,Kishori Kishor Pednekar,argmax_votes,SS,shivsena,9612,22458,47893,5,all_seats,latin,data/maharashtra/mumbai/2012_scanned_data.xlsx,data/maharashtra/mumbai/BMC-2007_raw.xlsx,,BMC-2007_raw.xlsx,,
Maharashtra,2012,Mumbai,Brihanmumbai Municipal Corporation,192,Mahalaxmi Race course - Nehru Planetorium,ulb_ward,corporator,BC Woman,BC,OBC,1,Backward Class Women,Mahale Ratna Raghunath,argmax_votes,NCP,nationalist congress party,5340,15570,34396,6,all_seats,latin,data/maharashtra/mumbai/2012_scanned_data.xlsx,data/maharashtra/mumbai/BMC-2007_raw.xlsx,,BMC-2007_raw.xlsx,,
Maharashtra,2012,Mumbai,Brihanmumbai Municipal Corporation,193,Shati Nagar - Arthur Road Jail,ulb_ward,corporator,BC Other than Woman,BC,OBC,0,Backward Class,Ahir Sunil Mohan,argmax_votes,NCP,nationalist congress party,8541,14793,36045,3,all_seats,latin,data/maharashtra/mumbai/2012_scanned_data.xlsx,data/maharashtra/mumbai/BMC-2007_raw.xlsx,,BMC-2007_raw.xlsx,,
Maharashtra,2012,Mumbai,Brihanmumbai Municipal Corporation,194,Parel B.D.D. Chawls,ulb_ward,corporator,SC Woman,SC,,1,Schedule Caste Women,Ambekar Snehal Suryakant,argmax_votes,SS,shivsena,11602,21927,48172,3,all_seats,latin,data/maharashtra/mumbai/2012_scanned_data.xlsx,data/maharashtra/mumbai/BMC-2007_raw.xlsx,,BMC-2007_raw.xlsx,,
Maharashtra,2012,Mumbai,Brihanmumbai Municipal Corporation,195,Ranjeet Studio - Naigaum B.D.D. Chawls,ulb_ward,corporator,Other than Woman,NONE,,0,Open,More Sunil Vishnu,argmax_votes,NCP,indian nationalist congress,9242,23838,49443,18,all_seats,latin,data/maharashtra/mumbai/2012_scanned_data.xlsx,data/maharashtra/mumbai/BMC-2007_raw.xlsx,,BMC-2007_raw.xlsx,,
Maharashtra,2012,Mumbai,Brihanmumbai Municipal Corporation,196,Naigaum Police Parade Ground - B.P.T. Hospital,ulb_ward,corporator,Woman,NONE,,1,Women,Pallavi Mahendra Mungekar,argmax_votes,NCP,indian nationalist congress,6193,21540,51135,10,all_seats,latin,data/maharashtra/mumbai/2012_scanned_data.xlsx,data/maharashtra/mumbai/BMC-2007_raw.xlsx,,BMC-2007_raw.xlsx,,
Maharashtra,2012,Mumbai,Brihanmumbai Municipal Corporation,197,Mahatma Gandhi colony - Bhoiwada,ulb_ward,corporator,Other than Woman,NONE,,0,Open,Vichare Nandkishor Sakharam,argmax_votes,SS,shivsena,7857,25172,51555,17,all_seats,latin,data/maharashtra/mumbai/2012_scanned_data.xlsx,data/maharashtra/mumbai/BMC-2007_raw.xlsx,,BMC-2007_raw.xlsx,,
Maharashtra,2012,Mumbai,Brihanmumbai Municipal Corporation,198,India United Mills - Nare Park,ulb_ward,corporator,BC Other than Woman,BC,OBC,0,Backward Class,Aabole Sanjay Gajanan,argmax_votes,SS,shivsena,15152,26639,51538,7,all_seats,latin,data/maharashtra/mumbai/2012_scanned_data.xlsx,data/maharashtra/mumbai/BMC-2007_raw.xlsx,,BMC-2007_raw.xlsx,,
Maharashtra,2012,Mumbai,Brihanmumbai Municipal Corporation,199,K.E.M. Hospital - Raj Kamal Studio-Mahatma Gandhi Hospital,ulb_ward,corporator,BC Woman,BC,OBC,1,Backward Class Women,Hemangi Hemantkumar Chemburkar,argmax_votes,SS,shivsena,11098,24146,49139,3,all_seats,latin,data/maharashtra/mumbai/2012_scanned_data.xlsx,data/maharashtra/mumbai/BMC-2007_raw.xlsx,,BMC-2007_raw.xlsx,,
Maharashtra,2012,Mumbai,Brihanmumbai Municipal Corporation,200,Veternary Hospital - Abhudaya nagar,ulb_ward,corporator,BC Woman,BC,OBC,1,Backward Class Women,Chavan Vaibhavi Vijay,argmax_votes,SS,shivsena,11517,24899,47838,5,all_seats,latin,data/maharashtra/mumbai/2012_scanned_data.xlsx,data/maharashtra/mumbai/BMC-2007_raw.xlsx,,BMC-2007_raw.xlsx,,
Maharashtra,2012,Mumbai,Brihanmumbai Municipal Corporation,201,Cotton Green - Sewari Fort,ulb_ward,corporator,Woman,NONE,,1,Women,Rane Shweta Shamsunder,argmax_votes,SS,shivsena,7004,20171,42521,6,all_seats,latin,data/maharashtra/mumbai/2012_scanned_data.xlsx,data/maharashtra/mumbai/BMC-2007_raw.xlsx,,BMC-2007_raw.xlsx,,
Maharashtra,2012,Mumbai,Brihanmumbai Municipal Corporation,202,Veer Jijamata Udyan - Ghodapdeo - Mazgaon Docks ( North ),ulb_ward,corporator,Woman,NONE,,1,Women,Naik Samita Sanjay,argmax_votes,MNS,maharashtra navnirman sena,9309,19237,-,11,all_seats,latin,data/maharashtra/mumbai/2012_scanned_data.xlsx,data/maharashtra/mumbai/BMC-2007_raw.xlsx,,BMC-2007_raw.xlsx,,
Maharashtra,2012,Mumbai,Brihanmumbai Municipal Corporation,203,Kasturba Hospital - India United Mills,ulb_ward,corporator,BC Other than Woman,BC,OBC,0,Backward Class,Rahate Ramakant Sakharam,argmax_votes,SS,shivsena,9985,23372,-,3,all_seats,latin,data/maharashtra/mumbai/2012_scanned_data.xlsx,data/maharashtra/mumbai/BMC-2007_raw.xlsx,,BMC-2007_raw.xlsx,,
Maharashtra,2012,Mumbai,Brihanmumbai Municipal Corporation,204,Byculla Railway Station - Muncipal Housing Quarters,ulb_ward,corporator,Other than Woman,NONE,,0,Open,Chandana Pradip Gavali,argmax_votes,akhil bhartiya sena,akhil bhartiya sena,8279,18743,-,7,all_seats,latin,data/maharashtra/mumbai/2012_scanned_data.xlsx,data/maharashtra/mumbai/BMC-2007_raw.xlsx,,BMC-2007_raw.xlsx,,
Maharashtra,2012,Mumbai,Brihanmumbai Municipal Corporation,205,Nair hospital - Byculla Fire Brigade,ulb_ward,corporator,Other than Woman,NONE,,0,Open,Geeta Ajay Gavali,argmax_votes,akhil bhartiya sena,akhil bhartiya sena,9138,18404,-,8,all_seats,latin,data/maharashtra/mumbai/2012_scanned_data.xlsx,data/maharashtra/mumbai/BMC-2007_raw.xlsx,,BMC-2007_raw.xlsx,,
Maharashtra,2012,Mumbai,Brihanmumbai Municipal Corporation,206,Mazgaon Court - Madanpura,ulb_ward,corporator,Other than Woman,NONE,,0,Open,Fayyaj Ahamad Rafik Ahamad Khan,argmax_votes,NCP,indian nationalist congress,10860,18243,-,12,all_seats,latin,data/maharashtra/mumbai/2012_scanned_data.xlsx,data/maharashtra/mumbai/BMC-2007_raw.xlsx,,BMC-2007_raw.xlsx,,
Maharashtra,2012,Mumbai,Brihanmumbai Municipal Corporation,207,Anjirwadi - Dockyard - Mazgaon Docks ( South ),ulb_ward,corporator,Woman,NONE,,1,Women,Bagini Yashwant Jadhav,argmax_votes,SS,shivsena,7156,16915,-,7,all_seats,latin,data/maharashtra/mumbai/2012_scanned_data.xlsx,data/maharashtra/mumbai/BMC-2007_raw.xlsx,,BMC-2007_raw.xlsx,,
Maharashtra,2012,Mumbai,Brihanmumbai Municipal Corporation,208,Mastan Tank - J.J. Hospital - Vikrikar Bhavan,ulb_ward,corporator,SC Other than Woman,SC,,0,Schedule Caste,Jamsutkar Manoj Pandurang,argmax_votes,NCP,indian nationalist congress,7581,17776,-,7,all_seats,latin,data/maharashtra/mumbai/2012_scanned_data.xlsx,data/maharashtra/mumbai/BMC-2007_raw.xlsx,,BMC-2007_raw.xlsx,,
Maharashtra,2012,Mumbai,Brihanmumbai Municipal Corporation,209,Kamathipura,ulb_ward,corporator,Woman,NONE,,1,Women,Shahana Rijhvan Khan,argmax_votes,NCP,indian nationalist congress,6596,16892,-,7,all_seats,latin,data/maharashtra/mumbai/2012_scanned_data.xlsx,data/maharashtra/mumbai/BMC-2007_raw.xlsx,,BMC-2007_raw.xlsx,,
Maharashtra,2012,Mumbai,Brihanmumbai Municipal Corporation,210,Bellasis Chawls - Navjivan Society,ulb_ward,corporator,Other than Woman,NONE,,0,Open,Noshir Rusi Mehat,argmax_votes,NCP,indian nationalist congress,12030,19628,48861,11,all_seats,latin,data/maharashtra/mumbai/2012_scanned_data.xlsx,data/maharashtra/mumbai/BMC-2007_raw.xlsx,,BMC-2007_raw.xlsx,,
Maharashtra,2012,Mumbai,Brihanmumbai Municipal Corporation,211,Welington Sports Club - Bhatia Hospital,ulb_ward,corporator,BC Other than Woman,BC,OBC,0,Backward Class,Arvind (Arun) Devaji Dudhvadkar,argmax_votes,SS,shivsena,9004,19741,44404,6,all_seats,latin,data/maharashtra/mumbai/2012_scanned_data.xlsx,data/maharashtra/mumbai/BMC-2007_raw.xlsx,,BMC-2007_raw.xlsx,,
Maharashtra,2012,Mumbai,Brihanmumbai Municipal Corporation,212,Mahalaxmi - Condition market - Oomar Park,ulb_ward,corporator,Woman,NONE,,1,Women,Patil Sarita Ajay,argmax_votes,BJP,bjp,9771,27289,68725,11,all_seats,latin,data/maharashtra/mumbai/2012_scanned_data.xlsx,data/maharashtra/mumbai/BMC-2007_raw.xlsx,,BMC-2007_raw.xlsx,,
Maharashtra,2012,Mumbai,Brihanmumbai Municipal Corporation,213,Priya Darshni gardan - August Kranti Maidan,ulb_ward,corporator,Other than Woman,NONE,,0,Open,Anil Singh,argmax_votes,SS,shivsena,3648,10201,25336,13,all_seats,latin,data/maharashtra/mumbai/2012_scanned_data.xlsx,data/maharashtra/mumbai/BMC-2007_raw.xlsx,,BMC-2007_raw.xlsx,,
Maharashtra,2012,Mumbai,Brihanmumbai Municipal Corporation,214,Kamala Nehru Park - Raj Bhavan,ulb_ward,corporator,Woman,NONE,,1,Women,Jyotsana Devesh Mehta,argmax_votes,BJP,bjp,8354,17580,44232,8,all_seats,latin,data/maharashtra/mumbai/2012_scanned_data.xlsx,data/maharashtra/mumbai/BMC-2007_raw.xlsx,,BMC-2007_raw.xlsx,,
Maharashtra,2012,Mumbai,Brihanmumbai Municipal Corporation,215,Prarthana Samaj - Opera House,ulb_ward,corporator,Other than Woman,NONE,,0,Open,Bagalkar Surendra Ramkrushna,argmax_votes,SS,shivsena,13757,22375,50369,4,all_seats,latin,data/maharashtra/mumbai/2012_scanned_data.xlsx,data/maharashtra/mumbai/BMC-2007_raw.xlsx,,BMC-2007_raw.xlsx,,
Maharashtra,2012,Mumbai,Brihanmumbai Municipal Corporation,216,Harikisandas N. Hospital - Khetwadi,ulb_ward,corporator,Other than Woman,NONE,,0,Open,Shantilal Chogalal Doshi,argmax_votes,NCP,indian nationalist congress,5660,18953,48449,16,all_seats,latin,data/maharashtra/mumbai/2012_scanned_data.xlsx,data/maharashtra/mumbai/BMC-2007_raw.xlsx,,BMC-2007_raw.xlsx,,
Maharashtra,2012,Mumbai,Brihanmumbai Municipal Corporation,217,Durgadevi Udyan - Madhav Baug - Bhuleshwar,ulb_ward,corporator,BC Woman,BC,OBC,1,Backward Class Women,Yugandhara Yashwant Salekar,argmax_votes,SS,shivsena,5964,15410,43451,4,all_seats,latin,data/maharashtra/mumbai/2012_scanned_data.xlsx,data/maharashtra/mumbai/BMC-2007_raw.xlsx,,BMC-2007_raw.xlsx,,
Maharashtra,2012,Mumbai,Brihanmumbai Municipal Corporation,218,Chandanwadi - Chirabazar - Gymkhanas,ulb_ward,corporator,Other than Woman,NONE,,0,Open,Sampat Thakur,argmax_votes,SS,shivsena,6701,20407,45295,10,all_seats,latin,data/maharashtra/mumbai/2012_scanned_data.xlsx,data/maharashtra/mumbai/BMC-2007_raw.xlsx,,BMC-2007_raw.xlsx,,
Maharashtra,2012,Mumbai,Brihanmumbai Municipal Corporation,219,Mumbadevi - Mulji Jetha Market - Dhobi Talao,ulb_ward,corporator,Woman,NONE,,1,Women,Veena Madhukant Jain,argmax_votes,BJP,bjp,5139,14795,48225,8,all_seats,latin,data/maharashtra/mumbai/2012_scanned_data.xlsx,data/maharashtra/mumbai/BMC-2007_raw.xlsx,,BMC-2007_raw.xlsx,,
Maharashtra,2012,Mumbai,Brihanmumbai Municipal Corporation,220,Khara Talao - Nul Bazar - Ghoghari Mohalla,ulb_ward,corporator,Other than Woman,NONE,,0,Open,Yakub Meman,argmax_votes,samajvadi party,samajvadi party,6475,15338,40614,12,all_seats,latin,data/maharashtra/mumbai/2012_scanned_data.xlsx,data/maharashtra/mumbai/BMC-2007_raw.xlsx,,BMC-2007_raw.xlsx,,
Maharashtra,2012,Mumbai,Brihanmumbai Municipal Corporation,221,Imamwada - Dongari,ulb_ward,corporator,BC Other than Woman,BC,OBC,0,Backward Class,Dnyenraj Yeshwant Nikam,argmax_votes,NCP,indian nationalist congress,7489,16068,-,3,all_seats,latin,data/maharashtra/mumbai/2012_scanned_data.xlsx,data/maharashtra/mumbai/BMC-2007_raw.xlsx,,BMC-2007_raw.xlsx,,
Maharashtra,2012,Mumbai,Brihanmumbai Municipal Corporation,222,Bengalipura - Princess Dock,ulb_ward,corporator,Woman,NONE,,1,Women,Ansari Vaqarunnisa Zahid Hussain,argmax_votes,NCP,indian nationalist congress,5166,10785,-,4,all_seats,latin,data/maharashtra/mumbai/2012_scanned_data.xlsx,data/maharashtra/mumbai/BMC-2007_raw.xlsx,,BMC-2007_raw.xlsx,,
Maharashtra,2012,Mumbai,Brihanmumbai Municipal Corporation,223,Musafir Khana - Victoria Docks,ulb_ward,corporator,Other than Woman,NONE,,0,Open,Javed Juneja,argmax_votes,NCP,indian nationalist congress,4884,14770,-,7,all_seats,latin,data/maharashtra/mumbai/2012_scanned_data.xlsx,data/maharashtra/mumbai/BMC-2007_raw.xlsx,,BMC-2007_raw.xlsx,,
Maharashtra,2012,Mumbai,Brihanmumbai Municipal Corporation,224,Mahatma Phule Market - Churchgate - Museum - Indira docks,ulb_ward,corporator,BC Other than Woman,BC,OBC,0,Backward Class,Sanap Ganesh Yashwant,argmax_votes,SS,shivsena,5870,13720,36991,4,all_seats,latin,data/maharashtra/mumbai/2012_scanned_data.xlsx,data/maharashtra/mumbai/BMC-2007_raw.xlsx,,BMC-2007_raw.xlsx,,
Maharashtra,2012,Mumbai,Brihanmumbai Municipal Corporation,225,Brabourn Stadium - Colaba Market - Gateway of india,ulb_ward,corporator,BC Woman,BC,OBC,1,Backward Class Women,Sushma Salunkhe,argmax_votes,NCP,indian nationalist congress,6093,14330,37622,3,all_seats,latin,data/maharashtra/mumbai/2012_scanned_data.xlsx,data/maharashtra/mumbai/BMC-2007_raw.xlsx,,BMC-2007_raw.xlsx,,
Maharashtra,2012,Mumbai,Brihanmumbai Municipal Corporation,226,Sasoon Docks - World Trade Center - Geeta Nagar,ulb_ward,corporator,Woman,NONE,,1,Women,Yadav Anita Ramesh,argmax_votes,NCP,indian nationalist congress,6568,19442,57813,9,all_seats,latin,data/maharashtra/mumbai/2012_scanned_data.xlsx,data/maharashtra/mumbai/BMC-2007_raw.xlsx,,BMC-2007_raw.xlsx,,
Maharashtra,2012,Mumbai,Brihanmumbai Municipal Corporation,227,R.C. Church - Colaba Dandi - Navy Nagar,ulb_ward,corporator,Other than Woman,NONE,,0,Open,Ad. Makrand Suresh Narvekar,argmax_votes,IND,Apaksh,2208,5136,21887,12,all_seats,latin,data/maharashtra/mumbai/2012_scanned_data.xlsx,data/maharashtra/mumbai/BMC-2007_raw.xlsx,,BMC-2007_raw.xlsx,,
