state,year,district,block,block_no,gram_panchayat,gp_no,ward_no,seat_no,seat_id_raw,seat_from_image,tier,tier_local,reservation,caste_reservation,woman_reserved,winner,vacant,reservation_raw,script,source_path,source_page,source_pdf
Jharkhand,2015,Jamtara,,,,,,01,XIII जामताड़ा / (01),,zp_member,zila_parishad,BC Woman,BC,1,रुखसाना खातुन,0,अन्य पिछड़ा वर्ग | महिला,devanagari,data/jharkhand/2015/13. JAMTARA MUKHIYA PSS/JAMTARA ZP MUKHIYA PSS GPS.pdf,2,JAMTARA ZP MUKHIYA PSS GPS.pdf
Jharkhand,2015,Jamtara,,,,,,02,XIII जामताड़ा / (02),,zp_member,zila_parishad,BC Other than Woman,BC,0,उमा चरण साव,0,अन्य पिछड़ा वर्ग | अन्य,devanagari,data/jharkhand/2015/13. JAMTARA MUKHIYA PSS/JAMTARA ZP MUKHIYA PSS GPS.pdf,2,JAMTARA ZP MUKHIYA PSS GPS.pdf
Jharkhand,2015,Jamtara,,,,,,03,XIII जामताड़ा / (03),,zp_member,zila_parishad,ST Woman,ST,1,दिपीका बेसरा,0,अनुसूचित जनजाति | महिला,devanagari,data/jharkhand/2015/13. JAMTARA MUKHIYA PSS/JAMTARA ZP MUKHIYA PSS GPS.pdf,2,JAMTARA ZP MUKHIYA PSS GPS.pdf
Jharkhand,2015,Jamtara,,,,,,04,XIII जामताड़ा / (04),,zp_member,zila_parishad,BC Woman,BC,1,सायरा बानु,0,अन्य पिछड़ा वर्ग | महिला,devanagari,data/jharkhand/2015/13. JAMTARA MUKHIYA PSS/JAMTARA ZP MUKHIYA PSS GPS.pdf,2,JAMTARA ZP MUKHIYA PSS GPS.pdf
Jharkhand,2015,Jamtara,,,,,,05,XIII जामताड़ा / (05),,zp_member,zila_parishad,Woman,NONE,1,रुकसाना बेगम,0,अनारक्षित | महिला,devanagari,data/jharkhand/2015/13. JAMTARA MUKHIYA PSS/JAMTARA ZP MUKHIYA PSS GPS.pdf,2,JAMTARA ZP MUKHIYA PSS GPS.pdf
Jharkhand,2015,Jamtara,,,,,,06,XIII जामताड़ा / (06),,zp_member,zila_parishad,ST Woman,ST,1,जिमोली बास्की,0,अनुसूचित जनजाति | महिला,devanagari,data/jharkhand/2015/13. JAMTARA MUKHIYA PSS/JAMTARA ZP MUKHIYA PSS GPS.pdf,2,JAMTARA ZP MUKHIYA PSS GPS.pdf
Jharkhand,2015,Jamtara,,,,,,07,XIII जामताड़ा / (07),,zp_member,zila_parishad,ST Woman,ST,1,अमिता टुडू,0,अनुसूचित जनजाति | महिला,devanagari,data/jharkhand/2015/13. JAMTARA MUKHIYA PSS/JAMTARA ZP MUKHIYA PSS GPS.pdf,2,JAMTARA ZP MUKHIYA PSS GPS.pdf
Jharkhand,2015,Jamtara,,,,,,08,XIII जामताड़ा / (08),,zp_member,zila_parishad,ST Woman,ST,1,साबित्री मुर्मू,0,अनुसूचित जनजाति | महिला,devanagari,data/jharkhand/2015/13. JAMTARA MUKHIYA PSS/JAMTARA ZP MUKHIYA PSS GPS.pdf,2,JAMTARA ZP MUKHIYA PSS GPS.pdf
Jharkhand,2015,Jamtara,,,,,,09,XIII जामताड़ा / (09),,zp_member,zila_parishad,ST Other than Woman,ST,0,भुलु कोल,0,अनुसूचित जनजाति | अन्य,devanagari,data/jharkhand/2015/13. JAMTARA MUKHIYA PSS/JAMTARA ZP MUKHIYA PSS GPS.pdf,2,JAMTARA ZP MUKHIYA PSS GPS.pdf
Jharkhand,2015,Jamtara,,,,,,10,XIII जामताड़ा / (10),,zp_member,zila_parishad,Other than Woman,NONE,0,नित्यानंद सिंह,0,अनारक्षित | अन्य,devanagari,data/jharkhand/2015/13. JAMTARA MUKHIYA PSS/JAMTARA ZP MUKHIYA PSS GPS.pdf,2,JAMTARA ZP MUKHIYA PSS GPS.pdf
Jharkhand,2015,Jamtara,,,,,,11,XIII जामताड़ा / (11),,zp_member,zila_parishad,ST Other than Woman,ST,0,प्रभात कुमार टुडू,0,अनुसूचित जनजाति | अन्य,devanagari,data/jharkhand/2015/13. JAMTARA MUKHIYA PSS/JAMTARA ZP MUKHIYA PSS GPS.pdf,2,JAMTARA ZP MUKHIYA PSS GPS.pdf
Jharkhand,2015,Jamtara,,,,,,12,XIII जामताड़ा / (12),,zp_member,zila_parishad,ST Other than Woman,ST,0,सुकमुनी हेम्ब्रम,0,अनुसूचित जनजाति | अन्य,devanagari,data/jharkhand/2015/13. JAMTARA MUKHIYA PSS/JAMTARA ZP MUKHIYA PSS GPS.pdf,2,JAMTARA ZP MUKHIYA PSS GPS.pdf
Jharkhand,2015,Jamtara,,,,,,13,XIII जामताड़ा / (13),,zp_member,zila_parishad,SC Other than Woman,SC,0,भजहरि मंडल,0,अनुसूचित जाति | अन्य,devanagari,data/jharkhand/2015/13. JAMTARA MUKHIYA PSS/JAMTARA ZP MUKHIYA PSS GPS.pdf,2,JAMTARA ZP MUKHIYA PSS GPS.pdf
Jharkhand,2015,Jamtara,,,,,,14,XIII जामताड़ा / (14),,zp_member,zila_parishad,Woman,NONE,1,सुभद्रा बाउरी,0,अनारक्षित | महिला,devanagari,data/jharkhand/2015/13. JAMTARA MUKHIYA PSS/JAMTARA ZP MUKHIYA PSS GPS.pdf,2,JAMTARA ZP MUKHIYA PSS GPS.pdf
Jharkhand,2015,Dhanbad,,,,,,1,XIV /kuckn & ¼ 1 ½,,zp_member,zila_parishad,Other than Woman,NONE,0,हिरामन नायक,0,vukjf{kr | vU;,devanagari,data/jharkhand/2015/14. DHANBAD MUKHIYA PSS/DHANBAD ZP PSS MUKHIYA GPS.pdf,1,DHANBAD ZP PSS MUKHIYA GPS.pdf
Jharkhand,2015,Dhanbad,,,,,,2,XIV /kuckn & ¼ 2 ½,,zp_member,zila_parishad,BC Woman,BC,1,चंचला देवी,0,vU; fiNM+k oxZ | efgyk,devanagari,data/jharkhand/2015/14. DHANBAD MUKHIYA PSS/DHANBAD ZP PSS MUKHIYA GPS.pdf,1,DHANBAD ZP PSS MUKHIYA GPS.pdf
Jharkhand,2015,Dhanbad,,,,,,3,XIV /kuckn & ¼ 3 ½,,zp_member,zila_parishad,BC Woman,BC,1,सीता देवी,0,vU; fiNM+k oxZ | efgyk,devanagari,data/jharkhand/2015/14. DHANBAD MUKHIYA PSS/DHANBAD ZP PSS MUKHIYA GPS.pdf,1,DHANBAD ZP PSS MUKHIYA GPS.pdf
Jharkhand,2015,Dhanbad,,,,,,4,XIV /kuckn & ¼ 4 ½,,zp_member,zila_parishad,ST Woman,ST,1,रायमुनी देवी,0,vuqlwfpr tutkfr | efgyk,devanagari,data/jharkhand/2015/14. DHANBAD MUKHIYA PSS/DHANBAD ZP PSS MUKHIYA GPS.pdf,1,DHANBAD ZP PSS MUKHIYA GPS.pdf
Jharkhand,2015,Dhanbad,,,,,,5,XIV /kuckn & ¼ 5 ½,,zp_member,zila_parishad,ST Other than Woman,ST,0,गु#चरण वासकी,0,vuqlwfpr tutkfr | vU;,devanagari,data/jharkhand/2015/14. DHANBAD MUKHIYA PSS/DHANBAD ZP PSS MUKHIYA GPS.pdf,1,DHANBAD ZP PSS MUKHIYA GPS.pdf
Jharkhand,2015,Dhanbad,,,,,,6,XIV /kuckn & ¼ 6 ½,,zp_member,zila_parishad,ST Other than Woman,ST,0,सुनील कमु ार ममु ूर्,0,vuqlwfpr tutkfr | vU;,devanagari,data/jharkhand/2015/14. DHANBAD MUKHIYA PSS/DHANBAD ZP PSS MUKHIYA GPS.pdf,1,DHANBAD ZP PSS MUKHIYA GPS.pdf
Jharkhand,2015,Dhanbad,,,,,,8,XIV /kuckn & ¼ 8 ½,,zp_member,zila_parishad,SC Other than Woman,SC,0,मिथनु रोहिदास,0,vuqlwfpr tkfr | vU;,devanagari,data/jharkhand/2015/14. DHANBAD MUKHIYA PSS/DHANBAD ZP PSS MUKHIYA GPS.pdf,1,DHANBAD ZP PSS MUKHIYA GPS.pdf
Jharkhand,2015,Dhanbad,,,,,,9,XIV /kuckn & ¼ 9 ½,,zp_member,zila_parishad,Woman,NONE,1,दुर्गा दास,0,vukjf{kr | efgyk,devanagari,data/jharkhand/2015/14. DHANBAD MUKHIYA PSS/DHANBAD ZP PSS MUKHIYA GPS.pdf,1,DHANBAD ZP PSS MUKHIYA GPS.pdf
Jharkhand,2015,Dhanbad,,,,,,10,XIV /kuckn & ¼ 10 ½,,zp_member,zila_parishad,BC Woman,BC,1,सहिस्ता प्रवीन,0,vU; fiNM+k oxZ | efgyk,devanagari,data/jharkhand/2015/14. DHANBAD MUKHIYA PSS/DHANBAD ZP PSS MUKHIYA GPS.pdf,1,DHANBAD ZP PSS MUKHIYA GPS.pdf
Jharkhand,2015,Dhanbad,,,,,,11,XIV /kuckn & ¼ 11 ½,,zp_member,zila_parishad,Woman,NONE,1,हसिना खातुन,0,vukjf{kr | efgyk,devanagari,data/jharkhand/2015/14. DHANBAD MUKHIYA PSS/DHANBAD ZP PSS MUKHIYA GPS.pdf,1,DHANBAD ZP PSS MUKHIYA GPS.pdf
Jharkhand,2015,Dhanbad,,,,,,12,XIV /kuckn & ¼ 12 ½,,zp_member,zila_parishad,Woman,NONE,1,शहनाज परवीन,0,vukjf{kr | efgyk,devanagari,data/jharkhand/2015/14. DHANBAD MUKHIYA PSS/DHANBAD ZP PSS MUKHIYA GPS.pdf,1,DHANBAD ZP PSS MUKHIYA GPS.pdf
Jharkhand,2015,Dhanbad,,,,,,13,XIV /kuckn & ¼ 13 ½,,zp_member,zila_parishad,Other than Woman,NONE,0,अशोक कुमार सिंह,0,vukjf{kr | vU;,devanagari,data/jharkhand/2015/14. DHANBAD MUKHIYA PSS/DHANBAD ZP PSS MUKHIYA GPS.pdf,1,DHANBAD ZP PSS MUKHIYA GPS.pdf
Jharkhand,2015,Dhanbad,,,,,,14,XIV /kuckn & ¼ 14 ½,,zp_member,zila_parishad,Other than Woman,NONE,0,दुर्याध्ेान प्रसाद चौधरी,0,vukjf{kr | vU;,devanagari,data/jharkhand/2015/14. DHANBAD MUKHIYA PSS/DHANBAD ZP PSS MUKHIYA GPS.pdf,1,DHANBAD ZP PSS MUKHIYA GPS.pdf
Jharkhand,2015,Dhanbad,,,,,,15,XIV /kuckn & ¼ 15 ½,,zp_member,zila_parishad,Woman,NONE,1,कमली देवी,0,vukjf{kr | efgyk,devanagari,data/jharkhand/2015/14. DHANBAD MUKHIYA PSS/DHANBAD ZP PSS MUKHIYA GPS.pdf,1,DHANBAD ZP PSS MUKHIYA GPS.pdf
Jharkhand,2015,Dhanbad,,,,,,16,XIV /kuckn & ¼ 16 ½,,zp_member,zila_parishad,Woman,NONE,1,नुनीबाला देवी,0,vukjf{kr | efgyk,devanagari,data/jharkhand/2015/14. DHANBAD MUKHIYA PSS/DHANBAD ZP PSS MUKHIYA GPS.pdf,1,DHANBAD ZP PSS MUKHIYA GPS.pdf
Jharkhand,2015,Dhanbad,,,,,,17,XIV /kuckn & ¼ 17 ½,,zp_member,zila_parishad,SC Other than Woman,SC,0,सुभाष राय,0,vuqlwfpr tkfr | vU;,devanagari,data/jharkhand/2015/14. DHANBAD MUKHIYA PSS/DHANBAD ZP PSS MUKHIYA GPS.pdf,1,DHANBAD ZP PSS MUKHIYA GPS.pdf
Jharkhand,2015,Dhanbad,,,,,,18,XIV /kuckn & ¼ 18 ½,,zp_member,zila_parishad,SC Woman,SC,1,रेखा देवी,0,vuqlwfpr tkfr | efgyk,devanagari,data/jharkhand/2015/14. DHANBAD MUKHIYA PSS/DHANBAD ZP PSS MUKHIYA GPS.pdf,1,DHANBAD ZP PSS MUKHIYA GPS.pdf
Jharkhand,2015,Dhanbad,,,,,,19,XIV /kuckn & ¼ 19 ½,,zp_member,zila_parishad,SC Woman,SC,1,अंजना देवी,0,vuqlwfpr tkfr | efgyk,devanagari,data/jharkhand/2015/14. DHANBAD MUKHIYA PSS/DHANBAD ZP PSS MUKHIYA GPS.pdf,1,DHANBAD ZP PSS MUKHIYA GPS.pdf
Jharkhand,2015,Dhanbad,,,,,,20,XIV /kuckn & ¼ 20 ½,,zp_member,zila_parishad,Other than Woman,NONE,0,मुरारी माहे न सिंह,0,vukjf{kr | vU;,devanagari,data/jharkhand/2015/14. DHANBAD MUKHIYA PSS/DHANBAD ZP PSS MUKHIYA GPS.pdf,1,DHANBAD ZP PSS MUKHIYA GPS.pdf
Jharkhand,2015,Dhanbad,,,,,,21,XIV /kuckn & ¼ 21 ½,,zp_member,zila_parishad,Other than Woman,NONE,0,संतोष कुमार महतो,0,vukjf{kr | vU;,devanagari,data/jharkhand/2015/14. DHANBAD MUKHIYA PSS/DHANBAD ZP PSS MUKHIYA GPS.pdf,1,DHANBAD ZP PSS MUKHIYA GPS.pdf
Jharkhand,2015,Dhanbad,,,,,,22,XIV /kuckn & ¼ 22 ½,,zp_member,zila_parishad,Woman,NONE,1,पि्रयंका पाल,0,vukjf{kr | efgyk,devanagari,data/jharkhand/2015/14. DHANBAD MUKHIYA PSS/DHANBAD ZP PSS MUKHIYA GPS.pdf,1,DHANBAD ZP PSS MUKHIYA GPS.pdf
Jharkhand,2015,Dhanbad,,,,,,23,XIV /kuckn & ¼ 23 ½,,zp_member,zila_parishad,Woman,NONE,1,कमला देवी,0,vukjf{kr | efgyk,devanagari,data/jharkhand/2015/14. DHANBAD MUKHIYA PSS/DHANBAD ZP PSS MUKHIYA GPS.pdf,1,DHANBAD ZP PSS MUKHIYA GPS.pdf
Jharkhand,2015,Dhanbad,,,,,,24,XIV /kuckn & ¼ 24 ½,,zp_member,zila_parishad,Other than Woman,NONE,0,इन्द्रजीत महतो,0,vukjf{kr | vU;,devanagari,data/jharkhand/2015/14. DHANBAD MUKHIYA PSS/DHANBAD ZP PSS MUKHIYA GPS.pdf,1,DHANBAD ZP PSS MUKHIYA GPS.pdf
Jharkhand,2015,Dhanbad,,,,,,25,XIV /kuckn & ¼ 25 ½,,zp_member,zila_parishad,Other than Woman,NONE,0,घनशयाम ग्रोवर,0,vukjf{kr | vU;,devanagari,data/jharkhand/2015/14. DHANBAD MUKHIYA PSS/DHANBAD ZP PSS MUKHIYA GPS.pdf,1,DHANBAD ZP PSS MUKHIYA GPS.pdf
Jharkhand,2015,Dhanbad,,,,,,26,XIV /kuckn & ¼ 26 ½,,zp_member,zila_parishad,BC Other than Woman,BC,0,दिन माहे म्मद,0,vU; fiNM+k oxZ | vU;,devanagari,data/jharkhand/2015/14. DHANBAD MUKHIYA PSS/DHANBAD ZP PSS MUKHIYA GPS.pdf,1,DHANBAD ZP PSS MUKHIYA GPS.pdf
Jharkhand,2015,Dhanbad,,,,,,27,XIV /kuckn & ¼ 27 ½,,zp_member,zila_parishad,BC Other than Woman,BC,0,रविन चंद्र गोराई,0,vU; fiNM+k oxZ | vU;,devanagari,data/jharkhand/2015/14. DHANBAD MUKHIYA PSS/DHANBAD ZP PSS MUKHIYA GPS.pdf,1,DHANBAD ZP PSS MUKHIYA GPS.pdf
Jharkhand,2015,Dhanbad,,,,,,28,XIV /kuckn & ¼ 28 ½,,zp_member,zila_parishad,SC Woman,SC,1,सीमा बाउरी,0,vuqlwfpr tkfr | efgyk,devanagari,data/jharkhand/2015/14. DHANBAD MUKHIYA PSS/DHANBAD ZP PSS MUKHIYA GPS.pdf,2,DHANBAD ZP PSS MUKHIYA GPS.pdf
Jharkhand,2015,Dhanbad,,,,,,29,XIV /kuckn & ¼ 29 ½,,zp_member,zila_parishad,Woman,NONE,1,निशा देवी,0,vukjf{kr | efgyk,devanagari,data/jharkhand/2015/14. DHANBAD MUKHIYA PSS/DHANBAD ZP PSS MUKHIYA GPS.pdf,2,DHANBAD ZP PSS MUKHIYA GPS.pdf
Jharkhand,2015,Bokaro,,,,,,01,xv cksdkjks@cksdkjks&¼01½,,zp_member,zila_parishad,Woman,NONE,1,बसंती देवी,0,vukjf{kr | efgyk,devanagari,"data/jharkhand/2015/15. BOKARO ZP PSS MUKHIYA GPS/ZPS, Adyaksh & Upadhyaksh.pdf",1,"ZPS, Adyaksh & Upadhyaksh.pdf"
Jharkhand,2015,Bokaro,,,,,,02,xv cksdkjks@cksdkjks&¼02½,,zp_member,zila_parishad,Woman,NONE,1,शालिनी देवी,0,vukjf{kr | efgyk,devanagari,"data/jharkhand/2015/15. BOKARO ZP PSS MUKHIYA GPS/ZPS, Adyaksh & Upadhyaksh.pdf",1,"ZPS, Adyaksh & Upadhyaksh.pdf"
Jharkhand,2015,Bokaro,,,,,,03,xv cksdkjks@cksdkjks&¼03½,,zp_member,zila_parishad,ST Woman,ST,1,रमिला सोरेन,0,vuqlwfpr tutkfr | efgyk,devanagari,"data/jharkhand/2015/15. BOKARO ZP PSS MUKHIYA GPS/ZPS, Adyaksh & Upadhyaksh.pdf",1,"ZPS, Adyaksh & Upadhyaksh.pdf"
Jharkhand,2015,Bokaro,,,,,,04,xv cksdkjks@cksdkjks&¼04½,,zp_member,zila_parishad,Other than Woman,NONE,0,गुलशारिफ,0,vukjf{kr | vU;,devanagari,"data/jharkhand/2015/15. BOKARO ZP PSS MUKHIYA GPS/ZPS, Adyaksh & Upadhyaksh.pdf",1,"ZPS, Adyaksh & Upadhyaksh.pdf"
Jharkhand,2015,Bokaro,,,,,,05,xv cksdkjks@cksdkjks&¼05½,,zp_member,zila_parishad,Other than Woman,NONE,0,प्रकाश लाल सिंह,0,vukjf{kr | vU;,devanagari,"data/jharkhand/2015/15. BOKARO ZP PSS MUKHIYA GPS/ZPS, Adyaksh & Upadhyaksh.pdf",1,"ZPS, Adyaksh & Upadhyaksh.pdf"
Jharkhand,2015,Bokaro,,,,,,06,xv cksdkjks@cksdkjks&¼06½,,zp_member,zila_parishad,Other than Woman,NONE,0,भरत यादव,0,vukjf{kr | vU;,devanagari,"data/jharkhand/2015/15. BOKARO ZP PSS MUKHIYA GPS/ZPS, Adyaksh & Upadhyaksh.pdf",1,"ZPS, Adyaksh & Upadhyaksh.pdf"
Jharkhand,2015,Bokaro,,,,,,07,xv cksdkjks@cksdkjks&¼07½,,zp_member,zila_parishad,Woman,NONE,1,चिंता देवी,0,vukjf{kr | efgyk,devanagari,"data/jharkhand/2015/15. BOKARO ZP PSS MUKHIYA GPS/ZPS, Adyaksh & Upadhyaksh.pdf",1,"ZPS, Adyaksh & Upadhyaksh.pdf"
Jharkhand,2015,Bokaro,,,,,,08,xv cksdkjks@cksdkjks&¼08½,,zp_member,zila_parishad,BC Other than Woman,BC,0,टिकैत महतो,0,vU; fiNM+k oxZ | vU;,devanagari,"data/jharkhand/2015/15. BOKARO ZP PSS MUKHIYA GPS/ZPS, Adyaksh & Upadhyaksh.pdf",1,"ZPS, Adyaksh & Upadhyaksh.pdf"
Jharkhand,2015,Bokaro,,,,,,09,xv cksdkjks@cksdkjks&¼09½,,zp_member,zila_parishad,BC Woman,BC,1,फुलमती देवी,0,vU; fiNM+k oxZ | efgyk,devanagari,"data/jharkhand/2015/15. BOKARO ZP PSS MUKHIYA GPS/ZPS, Adyaksh & Upadhyaksh.pdf",1,"ZPS, Adyaksh & Upadhyaksh.pdf"
Jharkhand,2015,Bokaro,,,,,,10,xv cksdkjks@cksdkjks&¼10½,,zp_member,zila_parishad,Woman,NONE,1,अमीना खातुन,0,vukjf{kr | efgyk,devanagari,"data/jharkhand/2015/15. BOKARO ZP PSS MUKHIYA GPS/ZPS, Adyaksh & Upadhyaksh.pdf",2,"ZPS, Adyaksh & Upadhyaksh.pdf"
Jharkhand,2015,Bokaro,,,,,,11,xv cksdkjks@cksdkjks&¼11½,,zp_member,zila_parishad,BC Woman,BC,1,रीता देवी,0,vU; fiNM+k oxZ | efgyk,devanagari,"data/jharkhand/2015/15. BOKARO ZP PSS MUKHIYA GPS/ZPS, Adyaksh & Upadhyaksh.pdf",2,"ZPS, Adyaksh & Upadhyaksh.pdf"
Jharkhand,2015,Bokaro,,,,,,12,xv cksdkjks@cksdkjks&¼12½,,zp_member,zila_parishad,Other than Woman,NONE,0,नवीन कुमार महतो,0,vukjf{kr | vU;,devanagari,"data/jharkhand/2015/15. BOKARO ZP PSS MUKHIYA GPS/ZPS, Adyaksh & Upadhyaksh.pdf",2,"ZPS, Adyaksh & Upadhyaksh.pdf"
Jharkhand,2015,Bokaro,,,,,,13,xv cksdkjks@cksdkjks&¼13½,,zp_member,zila_parishad,Woman,NONE,1,नीतु सिंह,0,vukjf{kr | efgyk,devanagari,"data/jharkhand/2015/15. BOKARO ZP PSS MUKHIYA GPS/ZPS, Adyaksh & Upadhyaksh.pdf",2,"ZPS, Adyaksh & Upadhyaksh.pdf"
Jharkhand,2015,Bokaro,,,,,,14,xv cksdkjks@cksdkjks&¼14½,,zp_member,zila_parishad,ST Woman,ST,1,गुलाबी देवी,0,vuqlwfpr tutkfr | efgyk,devanagari,"data/jharkhand/2015/15. BOKARO ZP PSS MUKHIYA GPS/ZPS, Adyaksh & Upadhyaksh.pdf",2,"ZPS, Adyaksh & Upadhyaksh.pdf"
Jharkhand,2015,Bokaro,,,,,,15,xv cksdkjks@cksdkjks&¼15½,,zp_member,zila_parishad,Other than Woman,NONE,0,उस्मान अंसारी,0,vukjf{kr | vU;,devanagari,"data/jharkhand/2015/15. BOKARO ZP PSS MUKHIYA GPS/ZPS, Adyaksh & Upadhyaksh.pdf",2,"ZPS, Adyaksh & Upadhyaksh.pdf"
Jharkhand,2015,Bokaro,,,,,,16,xv cksdkjks@cksdkjks&¼16½,,zp_member,zila_parishad,Woman,NONE,1,मंजू कुमारी जैन,0,vukjf{kr | efgyk,devanagari,"data/jharkhand/2015/15. BOKARO ZP PSS MUKHIYA GPS/ZPS, Adyaksh & Upadhyaksh.pdf",2,"ZPS, Adyaksh & Upadhyaksh.pdf"
Jharkhand,2015,Bokaro,,,,,,17,xv cksdkjks@cksdkjks&¼17½,,zp_member,zila_parishad,BC Other than Woman,BC,0,जगदीश महतो,0,vU; fiNM+k oxZ | vU;,devanagari,"data/jharkhand/2015/15. BOKARO ZP PSS MUKHIYA GPS/ZPS, Adyaksh & Upadhyaksh.pdf",2,"ZPS, Adyaksh & Upadhyaksh.pdf"
Jharkhand,2015,Bokaro,,,,,,18,xv cksdkjks@cksdkjks&¼18½,,zp_member,zila_parishad,BC Woman,BC,1,गीता देवी,0,vU; fiNM+k oxZ | efgyk,devanagari,"data/jharkhand/2015/15. BOKARO ZP PSS MUKHIYA GPS/ZPS, Adyaksh & Upadhyaksh.pdf",2,"ZPS, Adyaksh & Upadhyaksh.pdf"
Jharkhand,2015,Bokaro,,,,,,19,xv cksdkjks@cksdkjks&¼19½,,zp_member,zila_parishad,ST Other than Woman,ST,0,सुनिता टुडू,0,vuqlwfpr tutkfr | vU;,devanagari,"data/jharkhand/2015/15. BOKARO ZP PSS MUKHIYA GPS/ZPS, Adyaksh & Upadhyaksh.pdf",2,"ZPS, Adyaksh & Upadhyaksh.pdf"
Jharkhand,2015,Bokaro,,,,,,20,xv cksdkjks@cksdkjks&¼20½,,zp_member,zila_parishad,ST Other than Woman,ST,0,हीरालाल मंाझी,0,vuqlwfpr tutkfr | vU;,devanagari,"data/jharkhand/2015/15. BOKARO ZP PSS MUKHIYA GPS/ZPS, Adyaksh & Upadhyaksh.pdf",2,"ZPS, Adyaksh & Upadhyaksh.pdf"
Jharkhand,2015,Bokaro,,,,,,21,xv cksdkjks@cksdkjks&¼21½,,zp_member,zila_parishad,ST Woman,ST,1,निशा हेम्ब्रम,0,vuqlwfpr tutkfr | efgyk,devanagari,"data/jharkhand/2015/15. BOKARO ZP PSS MUKHIYA GPS/ZPS, Adyaksh & Upadhyaksh.pdf",2,"ZPS, Adyaksh & Upadhyaksh.pdf"
Jharkhand,2015,Bokaro,,,,,,22,xv cksdkjks@cksdkjks&¼22½,,zp_member,zila_parishad,Other than Woman,NONE,0,संजय कुमार,0,vukjf{kr | vU;,devanagari,"data/jharkhand/2015/15. BOKARO ZP PSS MUKHIYA GPS/ZPS, Adyaksh & Upadhyaksh.pdf",2,"ZPS, Adyaksh & Upadhyaksh.pdf"
Jharkhand,2015,Bokaro,,,,,,23,xv cksdkjks@cksdkjks&¼23½,,zp_member,zila_parishad,SC Other than Woman,SC,0,अनिता देवी,0,vuqlwfpr tkfr | vU;,devanagari,"data/jharkhand/2015/15. BOKARO ZP PSS MUKHIYA GPS/ZPS, Adyaksh & Upadhyaksh.pdf",2,"ZPS, Adyaksh & Upadhyaksh.pdf"
Jharkhand,2015,Bokaro,,,,,,24,xv cksdkjks@cksdkjks&¼24½,,zp_member,zila_parishad,SC Other than Woman,SC,0,सृषिटधर रजवार,0,vuqlwfpr tkfr | vU;,devanagari,"data/jharkhand/2015/15. BOKARO ZP PSS MUKHIYA GPS/ZPS, Adyaksh & Upadhyaksh.pdf",2,"ZPS, Adyaksh & Upadhyaksh.pdf"
Jharkhand,2015,Bokaro,,,,,,25,xv cksdkjks@cksdkjks&¼25½,,zp_member,zila_parishad,Other than Woman,NONE,0,बिजय कुमार रजवार,0,vukjf{kr | vU;,devanagari,"data/jharkhand/2015/15. BOKARO ZP PSS MUKHIYA GPS/ZPS, Adyaksh & Upadhyaksh.pdf",2,"ZPS, Adyaksh & Upadhyaksh.pdf"
Jharkhand,2015,Bokaro,,,,,,26,xv cksdkjks@cksdkjks&¼26½,,zp_member,zila_parishad,Other than Woman,NONE,0,राजेश महतो,0,vukjf{kr | vU;,devanagari,"data/jharkhand/2015/15. BOKARO ZP PSS MUKHIYA GPS/ZPS, Adyaksh & Upadhyaksh.pdf",2,"ZPS, Adyaksh & Upadhyaksh.pdf"
Jharkhand,2015,Bokaro,,,,,,27,xv cksdkjks@cksdkjks&¼27½,,zp_member,zila_parishad,SC Woman,SC,1,मीता देवी,0,vuqlwfpr tkfr | efgyk,devanagari,"data/jharkhand/2015/15. BOKARO ZP PSS MUKHIYA GPS/ZPS, Adyaksh & Upadhyaksh.pdf",2,"ZPS, Adyaksh & Upadhyaksh.pdf"
Jharkhand,2015,Bokaro,,,,,,28,xv cksdkjks@cksdkjks&¼28½,,zp_member,zila_parishad,SC Woman,SC,1,मीना कुमारी,0,vuqlwfpr tkfr | efgyk,devanagari,"data/jharkhand/2015/15. BOKARO ZP PSS MUKHIYA GPS/ZPS, Adyaksh & Upadhyaksh.pdf",3,"ZPS, Adyaksh & Upadhyaksh.pdf"
Jharkhand,2015,Bokaro,,,,,,29,xv cksdkjks@cksdkjks&¼29½,,zp_member,zila_parishad,SC Woman,SC,1,सुरमी देवी,0,vuqlwfpr tkfr | efgyk,devanagari,"data/jharkhand/2015/15. BOKARO ZP PSS MUKHIYA GPS/ZPS, Adyaksh & Upadhyaksh.pdf",3,"ZPS, Adyaksh & Upadhyaksh.pdf"
Jharkhand,2015,Bokaro,,,,,,30,xv cksdkjks@cksdkjks&¼30½,,zp_member,zila_parishad,Woman,NONE,1,सुषमा देवी,0,vukjf{kr | efgyk,devanagari,"data/jharkhand/2015/15. BOKARO ZP PSS MUKHIYA GPS/ZPS, Adyaksh & Upadhyaksh.pdf",3,"ZPS, Adyaksh & Upadhyaksh.pdf"
Jharkhand,2015,Bokaro,,,,,,31,xv cksdkjks@cksdkjks&¼31½,,zp_member,zila_parishad,Woman,NONE,1,शाÜवती महतो,0,vukjf{kr | efgyk,devanagari,"data/jharkhand/2015/15. BOKARO ZP PSS MUKHIYA GPS/ZPS, Adyaksh & Upadhyaksh.pdf",3,"ZPS, Adyaksh & Upadhyaksh.pdf"
Jharkhand,2015,Lohardaga,,1,पेशरार,,01,,XVII- yksgjnxk&01 ¼is'kjkj½,1,zp_member,zila_parishad,ST Other than Woman,ST,0,1 विनोद सिंह ् 1 2 3,0,vuqlwfpr tutkfr | vU;,devanagari,data/jharkhand/2015/17. LOHARDAGA MUKHIYA PSS/LOHARDAGA ZP PSS MUKHIYA GPS.pdf,2,LOHARDAGA ZP PSS MUKHIYA GPS.pdf
Jharkhand,2015,Lohardaga,,1,पेशरार,,02,,XVII- yksgjnxk&02 ¼fdLdks½,1,zp_member,zila_parishad,Woman,NONE,1,2 रानी देवी ्,0,vukjf{kr | efgyk,devanagari,data/jharkhand/2015/17. LOHARDAGA MUKHIYA PSS/LOHARDAGA ZP PSS MUKHIYA GPS.pdf,2,LOHARDAGA ZP PSS MUKHIYA GPS.pdf
Jharkhand,2015,Lohardaga,,1,पेशरार,,03,,XVII- yksgjnxk&03 ¼dqMw½,1,zp_member,zila_parishad,ST Other than Woman,ST,0,3 ब्रज किशोर भगत ्,0,vuqlwfpr tutkfr | vU;,devanagari,data/jharkhand/2015/17. LOHARDAGA MUKHIYA PSS/LOHARDAGA ZP PSS MUKHIYA GPS.pdf,2,LOHARDAGA ZP PSS MUKHIYA GPS.pdf
Jharkhand,2015,Lohardaga,,1,पेशरार,,04,,XVII- yksgjnxk&04 ¼dqMw½,1,zp_member,zila_parishad,Other than Woman,NONE,0,4 जफर उल्ला खान ्,0,vukjf{kr | vU;,devanagari,data/jharkhand/2015/17. LOHARDAGA MUKHIYA PSS/LOHARDAGA ZP PSS MUKHIYA GPS.pdf,2,LOHARDAGA ZP PSS MUKHIYA GPS.pdf
Jharkhand,2015,Lohardaga,,1,पेशरार,,05,,XVII- yksgjnxk&05 ¼dSjks½,1,zp_member,zila_parishad,ST Woman,ST,1,5 पुनम मिंज ्,0,vuqlwfpr tutkfr | efgyk,devanagari,data/jharkhand/2015/17. LOHARDAGA MUKHIYA PSS/LOHARDAGA ZP PSS MUKHIYA GPS.pdf,2,LOHARDAGA ZP PSS MUKHIYA GPS.pdf
Jharkhand,2015,Lohardaga,,1,पेशरार,,06,,XVII- yksgjnxk&06 ¼yksgjnxk½,1,zp_member,zila_parishad,ST Woman,ST,1,6 बिरजमनी उराँव ्,0,vuqlwfpr tutkfr | efgyk,devanagari,data/jharkhand/2015/17. LOHARDAGA MUKHIYA PSS/LOHARDAGA ZP PSS MUKHIYA GPS.pdf,2,LOHARDAGA ZP PSS MUKHIYA GPS.pdf
Jharkhand,2015,Lohardaga,,2,किस्को,,01,,XVII- yksgjnxk&07 ¼lsUgk½,1,zp_member,zila_parishad,BC Other than Woman,BC,0,7 राम लखन प्रसाद ् अन्य,0,fiNM+k oxZ | vU;,devanagari,data/jharkhand/2015/17. LOHARDAGA MUKHIYA PSS/LOHARDAGA ZP PSS MUKHIYA GPS.pdf,2,LOHARDAGA ZP PSS MUKHIYA GPS.pdf
Jharkhand,2015,Lohardaga,,2,किस्को,,02,,XVII- yksgjnxk&08 ¼HkaMjk½,1,zp_member,zila_parishad,ST Woman,ST,1,8 सुनैना कुमारी ्,0,vuqlwfpr tutkfr | efgyk,devanagari,data/jharkhand/2015/17. LOHARDAGA MUKHIYA PSS/LOHARDAGA ZP PSS MUKHIYA GPS.pdf,2,LOHARDAGA ZP PSS MUKHIYA GPS.pdf
Jharkhand,2015,Ranchi,,,,,,1,XX jk¡ph&¼1½,,zp_member,zila_parishad,SC Other than Woman,SC,0,रतिया गन्झु,0,vuqlwfpr tkfr | vU;,devanagari,data/jharkhand/2015/19. RANCHI MUKHIYA PSS/RANCHI ZP PSS MUKHIYA GPS.pdf,2,RANCHI ZP PSS MUKHIYA GPS.pdf
Jharkhand,2015,Ranchi,,,,,,2,XX jk¡ph&¼2½,,zp_member,zila_parishad,Other than Woman,NONE,0,अब्दुल्लाह अन्सारी,0,vukjf{kr | vU;,devanagari,data/jharkhand/2015/19. RANCHI MUKHIYA PSS/RANCHI ZP PSS MUKHIYA GPS.pdf,2,RANCHI ZP PSS MUKHIYA GPS.pdf
Jharkhand,2015,Ranchi,,,,,,3,XX jk¡ph&¼3½,,zp_member,zila_parishad,ST Woman,ST,1,सुमन मुण्डरी,0,vuqlwfpr tutkfr | efgyk,devanagari,data/jharkhand/2015/19. RANCHI MUKHIYA PSS/RANCHI ZP PSS MUKHIYA GPS.pdf,2,RANCHI ZP PSS MUKHIYA GPS.pdf
Jharkhand,2015,Ranchi,,,,,,4,XX jk¡ph&¼4½,,zp_member,zila_parishad,BC Woman,BC,1,पार्वती देवी अन्य,0,fiNM+k oxZ | efgyk,devanagari,data/jharkhand/2015/19. RANCHI MUKHIYA PSS/RANCHI ZP PSS MUKHIYA GPS.pdf,2,RANCHI ZP PSS MUKHIYA GPS.pdf
Jharkhand,2015,Ranchi,,,,,,5,XX jk¡ph&¼5½,,zp_member,zila_parishad,Woman,NONE,1,बबीता देवी,0,vukjf{kr | efgyk,devanagari,data/jharkhand/2015/19. RANCHI MUKHIYA PSS/RANCHI ZP PSS MUKHIYA GPS.pdf,2,RANCHI ZP PSS MUKHIYA GPS.pdf
Jharkhand,2015,Ranchi,,,,,,6,XX jk¡ph&¼6½,,zp_member,zila_parishad,Woman,NONE,1,हेमलता उरा¡व,0,vukjf{kr | efgyk,devanagari,data/jharkhand/2015/19. RANCHI MUKHIYA PSS/RANCHI ZP PSS MUKHIYA GPS.pdf,2,RANCHI ZP PSS MUKHIYA GPS.pdf
Jharkhand,2015,Ranchi,,,,,,7,XX jk¡ph&¼7½,,zp_member,zila_parishad,ST Woman,ST,1,मीना उरा¡व,0,vuqlwfpr tutkfr | efgyk,devanagari,data/jharkhand/2015/19. RANCHI MUKHIYA PSS/RANCHI ZP PSS MUKHIYA GPS.pdf,2,RANCHI ZP PSS MUKHIYA GPS.pdf
Jharkhand,2015,Ranchi,,,,,,8,XX jk¡ph&¼8½,,zp_member,zila_parishad,ST Woman,ST,1,सीमा कुजूर,0,vuqlwfpr tutkfr | efgyk,devanagari,data/jharkhand/2015/19. RANCHI MUKHIYA PSS/RANCHI ZP PSS MUKHIYA GPS.pdf,2,RANCHI ZP PSS MUKHIYA GPS.pdf
Jharkhand,2015,Ranchi,,,,,,9,XX jk¡ph&¼9½,,zp_member,zila_parishad,ST Other than Woman,ST,0,सुनील उरा¡व,0,vuqlwfpr tutkfr | vU;,devanagari,data/jharkhand/2015/19. RANCHI MUKHIYA PSS/RANCHI ZP PSS MUKHIYA GPS.pdf,2,RANCHI ZP PSS MUKHIYA GPS.pdf
Jharkhand,2015,Ranchi,,,,,,10,XX jk¡ph&¼10½,,zp_member,zila_parishad,ST Other than Woman,ST,0,मनोज लकड़ा,0,vuqlwfpr tutkfr | vU;,devanagari,data/jharkhand/2015/19. RANCHI MUKHIYA PSS/RANCHI ZP PSS MUKHIYA GPS.pdf,2,RANCHI ZP PSS MUKHIYA GPS.pdf
Jharkhand,2015,Ranchi,,,,,,11,XX jk¡ph&¼11½,,zp_member,zila_parishad,ST Other than Woman,ST,0,फुलचंद तिर्की,0,vuqlwfpr tutkfr | vU;,devanagari,data/jharkhand/2015/19. RANCHI MUKHIYA PSS/RANCHI ZP PSS MUKHIYA GPS.pdf,2,RANCHI ZP PSS MUKHIYA GPS.pdf
Jharkhand,2015,Ranchi,,,,,,12,XX jk¡ph&¼12½,,zp_member,zila_parishad,ST Other than Woman,ST,0,बन्दे हेरेंज,0,vuqlwfpr tutkfr | vU;,devanagari,data/jharkhand/2015/19. RANCHI MUKHIYA PSS/RANCHI ZP PSS MUKHIYA GPS.pdf,2,RANCHI ZP PSS MUKHIYA GPS.pdf
Jharkhand,2015,Ranchi,,,,,,13,XX jk¡ph&¼13½,,zp_member,zila_parishad,Other than Woman,NONE,0,लाल रामेशवर नाथ,0,vukjf{kr | vU;,devanagari,data/jharkhand/2015/19. RANCHI MUKHIYA PSS/RANCHI ZP PSS MUKHIYA GPS.pdf,3,RANCHI ZP PSS MUKHIYA GPS.pdf
Jharkhand,2015,Ranchi,,,,,,14,XX jk¡ph&¼14½,,zp_member,zila_parishad,BC Other than Woman,BC,0,ऐनुल हक अन्य,0,fiNM+k oxZ | vU;,devanagari,data/jharkhand/2015/19. RANCHI MUKHIYA PSS/RANCHI ZP PSS MUKHIYA GPS.pdf,3,RANCHI ZP PSS MUKHIYA GPS.pdf
Jharkhand,2015,Ranchi,,,,,,15,XX jk¡ph&¼15½,,zp_member,zila_parishad,ST Other than Woman,ST,0,अलोक उरा¡व,0,vuqlwfpr tutkfr | vU;,devanagari,data/jharkhand/2015/19. RANCHI MUKHIYA PSS/RANCHI ZP PSS MUKHIYA GPS.pdf,3,RANCHI ZP PSS MUKHIYA GPS.pdf
Jharkhand,2015,Ranchi,,,,,,16,XX jk¡ph&¼16½,,zp_member,zila_parishad,Other than Woman,NONE,0,अमर उरा¡व,0,vukjf{kr | vU;,devanagari,data/jharkhand/2015/19. RANCHI MUKHIYA PSS/RANCHI ZP PSS MUKHIYA GPS.pdf,3,RANCHI ZP PSS MUKHIYA GPS.pdf
Jharkhand,2015,Ranchi,,,,,,17,XX jk¡ph&¼17½,,zp_member,zila_parishad,BC Other than Woman,BC,0,हकीम अन्सारी अन्य,0,fiNM+k oxZ | vU;,devanagari,data/jharkhand/2015/19. RANCHI MUKHIYA PSS/RANCHI ZP PSS MUKHIYA GPS.pdf,3,RANCHI ZP PSS MUKHIYA GPS.pdf
Jharkhand,2015,Ranchi,,,,,,18,XX jk¡ph&¼18½,,zp_member,zila_parishad,BC Other than Woman,BC,0,अन्य इन्द्रजीत कुमार अनिल,0,fiNM+k oxZ | vU;,devanagari,data/jharkhand/2015/19. RANCHI MUKHIYA PSS/RANCHI ZP PSS MUKHIYA GPS.pdf,3,RANCHI ZP PSS MUKHIYA GPS.pdf
Jharkhand,2015,Ranchi,,,,,,19,XX jk¡ph&¼19½,,zp_member,zila_parishad,Other than Woman,NONE,0,मोå मोजीबुल अंसारी,0,vukjf{kr | vU;,devanagari,data/jharkhand/2015/19. RANCHI MUKHIYA PSS/RANCHI ZP PSS MUKHIYA GPS.pdf,3,RANCHI ZP PSS MUKHIYA GPS.pdf
Jharkhand,2015,Ranchi,,,,,,20,XX jk¡ph&¼20½,,zp_member,zila_parishad,Woman,NONE,1,मीना देवी,0,vukjf{kr | efgyk,devanagari,data/jharkhand/2015/19. RANCHI MUKHIYA PSS/RANCHI ZP PSS MUKHIYA GPS.pdf,3,RANCHI ZP PSS MUKHIYA GPS.pdf
Jharkhand,2015,Ranchi,,,,,,21,XX jk¡ph&¼21½,,zp_member,zila_parishad,ST Woman,ST,1,रीना केरकेêा,0,vuqlwfpr tutkfr | efgyk,devanagari,data/jharkhand/2015/19. RANCHI MUKHIYA PSS/RANCHI ZP PSS MUKHIYA GPS.pdf,3,RANCHI ZP PSS MUKHIYA GPS.pdf
Jharkhand,2015,Ranchi,,,,,,22,XX jk¡ph&¼22½,,zp_member,zila_parishad,BC Woman,BC,1,सरिता देवी अन्य,0,fiNM+k oxZ | efgyk,devanagari,data/jharkhand/2015/19. RANCHI MUKHIYA PSS/RANCHI ZP PSS MUKHIYA GPS.pdf,3,RANCHI ZP PSS MUKHIYA GPS.pdf
Jharkhand,2015,Ranchi,,,,,,23,XX jk¡ph&¼23½,,zp_member,zila_parishad,ST Other than Woman,ST,0,रंथा महली,0,vuqlwfpr tutkfr | vU;,devanagari,data/jharkhand/2015/19. RANCHI MUKHIYA PSS/RANCHI ZP PSS MUKHIYA GPS.pdf,3,RANCHI ZP PSS MUKHIYA GPS.pdf
Jharkhand,2015,Ranchi,,,,,,24,XX jk¡ph&¼24½,,zp_member,zila_parishad,ST Woman,ST,1,सरीता देवी,0,vuqlwfpr tutkfr | efgyk,devanagari,data/jharkhand/2015/19. RANCHI MUKHIYA PSS/RANCHI ZP PSS MUKHIYA GPS.pdf,3,RANCHI ZP PSS MUKHIYA GPS.pdf
Jharkhand,2015,Ranchi,,,,,,25,XX jk¡ph&¼25½,,zp_member,zila_parishad,Woman,NONE,1,फूल कुमारी देवी,0,vukjf{kr | efgyk,devanagari,data/jharkhand/2015/19. RANCHI MUKHIYA PSS/RANCHI ZP PSS MUKHIYA GPS.pdf,3,RANCHI ZP PSS MUKHIYA GPS.pdf
Jharkhand,2015,Ranchi,,,,,,26,XX jk¡ph&¼26½,,zp_member,zila_parishad,ST Woman,ST,1,आरती कुजूर,0,vuqlwfpr tutkfr | efgyk,devanagari,data/jharkhand/2015/19. RANCHI MUKHIYA PSS/RANCHI ZP PSS MUKHIYA GPS.pdf,3,RANCHI ZP PSS MUKHIYA GPS.pdf
Jharkhand,2015,Ranchi,,,,,,27,XX jk¡ph&¼27½,,zp_member,zila_parishad,ST Other than Woman,ST,0,राजेश कच्छप,0,vuqlwfpr tutkfr | vU;,devanagari,data/jharkhand/2015/19. RANCHI MUKHIYA PSS/RANCHI ZP PSS MUKHIYA GPS.pdf,3,RANCHI ZP PSS MUKHIYA GPS.pdf
Jharkhand,2015,Ranchi,,,,,,28,XX jk¡ph&¼28½,,zp_member,zila_parishad,ST Woman,ST,1,रमनी बाला,0,vuqlwfpr tutkfr | efgyk,devanagari,data/jharkhand/2015/19. RANCHI MUKHIYA PSS/RANCHI ZP PSS MUKHIYA GPS.pdf,3,RANCHI ZP PSS MUKHIYA GPS.pdf
Jharkhand,2015,Ranchi,,,,,,29,XX jk¡ph&¼29½,,zp_member,zila_parishad,BC Woman,BC,1,रजिया खातुन अन्य,0,fiNM+k oxZ | efgyk,devanagari,data/jharkhand/2015/19. RANCHI MUKHIYA PSS/RANCHI ZP PSS MUKHIYA GPS.pdf,3,RANCHI ZP PSS MUKHIYA GPS.pdf
Jharkhand,2015,Ranchi,,,,,,30,XX jk¡ph&¼30½,,zp_member,zila_parishad,BC Woman,BC,1,वीणा देवी अन्य,0,fiNM+k oxZ | efgyk,devanagari,data/jharkhand/2015/19. RANCHI MUKHIYA PSS/RANCHI ZP PSS MUKHIYA GPS.pdf,3,RANCHI ZP PSS MUKHIYA GPS.pdf
Jharkhand,2015,Ranchi,,,,,,31,XX jk¡ph&¼31½,,zp_member,zila_parishad,BC Other than Woman,BC,0,गौतम —षण साहु अन्य,0,fiNM+k oxZ | vU;,devanagari,data/jharkhand/2015/19. RANCHI MUKHIYA PSS/RANCHI ZP PSS MUKHIYA GPS.pdf,3,RANCHI ZP PSS MUKHIYA GPS.pdf
Jharkhand,2015,Ranchi,,,,,,32,XX jk¡ph&¼32½,,zp_member,zila_parishad,ST Other than Woman,ST,0,सुकरा सिंह मुण्डा,0,vuqlwfpr tutkfr | vU;,devanagari,data/jharkhand/2015/19. RANCHI MUKHIYA PSS/RANCHI ZP PSS MUKHIYA GPS.pdf,4,RANCHI ZP PSS MUKHIYA GPS.pdf
Jharkhand,2015,Ranchi,,,,,,33,XX jk¡ph&¼33½,,zp_member,zila_parishad,ST Woman,ST,1,वीणा मुण्डा,0,vuqlwfpr tutkfr | efgyk,devanagari,data/jharkhand/2015/19. RANCHI MUKHIYA PSS/RANCHI ZP PSS MUKHIYA GPS.pdf,4,RANCHI ZP PSS MUKHIYA GPS.pdf
Jharkhand,2015,Ranchi,,,,,,34,XX jk¡ph&¼34½,,zp_member,zila_parishad,SC Woman,SC,1,गगनबाला देवी,0,vuqlwfpr tkfr | efgyk,devanagari,data/jharkhand/2015/19. RANCHI MUKHIYA PSS/RANCHI ZP PSS MUKHIYA GPS.pdf,4,RANCHI ZP PSS MUKHIYA GPS.pdf
Jharkhand,2015,Ranchi,,,,,,35,XX jk¡ph&¼35½,,zp_member,zila_parishad,ST Woman,ST,1,फूलकुमारी देवी,0,vuqlwfpr tutkfr | efgyk,devanagari,data/jharkhand/2015/19. RANCHI MUKHIYA PSS/RANCHI ZP PSS MUKHIYA GPS.pdf,4,RANCHI ZP PSS MUKHIYA GPS.pdf
Jharkhand,2015,East Singhbhum,,,,,,01,XXIV iwohZ flga Hkwe &¼01½,,zp_member,zila_parishad,BC Other than Woman,BC,0,स्वपन कुमार महतो,0,vU; fiNM+k oxZ | vU;,devanagari,data/jharkhand/2015/24. EAST SINGHBHUM MUKHIYA PSS/EAST SINGHBHUM ZP PSS MUKHIYA PSS.pdf,1,EAST SINGHBHUM ZP PSS MUKHIYA PSS.pdf
Jharkhand,2015,East Singhbhum,,,,,,02,XXIV iwohZ flga Hkwe &¼02½,,zp_member,zila_parishad,BC Woman,BC,1,सजं ु कुमारी,0,vU; fiNM+k oxZ | efgyk,devanagari,data/jharkhand/2015/24. EAST SINGHBHUM MUKHIYA PSS/EAST SINGHBHUM ZP PSS MUKHIYA PSS.pdf,1,EAST SINGHBHUM ZP PSS MUKHIYA PSS.pdf
Jharkhand,2015,East Singhbhum,,,,,,03,XXIV iwohZ flga Hkwe &¼03½,,zp_member,zila_parishad,ST Woman,ST,1,कुमारी चम्पा मुर्मू,0,vuqlfwpr tutkfr | efgyk,devanagari,data/jharkhand/2015/24. EAST SINGHBHUM MUKHIYA PSS/EAST SINGHBHUM ZP PSS MUKHIYA PSS.pdf,1,EAST SINGHBHUM ZP PSS MUKHIYA PSS.pdf
Jharkhand,2015,East Singhbhum,,,,,,04,XXIV iwohZ flga Hkwe &¼04½,,zp_member,zila_parishad,BC Other than Woman,BC,0,,1,vU; fiNM+k oxZ | vU;,krutidev,data/jharkhand/2015/24. EAST SINGHBHUM MUKHIYA PSS/EAST SINGHBHUM ZP PSS MUKHIYA PSS.pdf,1,EAST SINGHBHUM ZP PSS MUKHIYA PSS.pdf
Jharkhand,2015,East Singhbhum,,,,,,05,XXIV iwohZ flga Hkwe &¼05½,,zp_member,zila_parishad,Woman,NONE,1,सुनीता साह,0,vukjf{kr | efgyk,devanagari,data/jharkhand/2015/24. EAST SINGHBHUM MUKHIYA PSS/EAST SINGHBHUM ZP PSS MUKHIYA PSS.pdf,1,EAST SINGHBHUM ZP PSS MUKHIYA PSS.pdf
Jharkhand,2015,East Singhbhum,,,,,,06,XXIV iwohZ flga Hkwe &¼06½,,zp_member,zila_parishad,Other than Woman,NONE,0,राज कुमार सिंह,0,vukjf{kr | vU;,devanagari,data/jharkhand/2015/24. EAST SINGHBHUM MUKHIYA PSS/EAST SINGHBHUM ZP PSS MUKHIYA PSS.pdf,1,EAST SINGHBHUM ZP PSS MUKHIYA PSS.pdf
Jharkhand,2015,East Singhbhum,,,,,,07,XXIV iwohZ flga Hkwe &¼07½,,zp_member,zila_parishad,Woman,NONE,1,राखी गुहा,0,vukjf{kr | efgyk,devanagari,data/jharkhand/2015/24. EAST SINGHBHUM MUKHIYA PSS/EAST SINGHBHUM ZP PSS MUKHIYA PSS.pdf,1,EAST SINGHBHUM ZP PSS MUKHIYA PSS.pdf
Jharkhand,2015,East Singhbhum,,,,,,08,XXIV iwohZ flga Hkwe &¼08½,,zp_member,zila_parishad,Other than Woman,NONE,0,किशोर कुमार यादव,0,vukjf{kr | vU;,devanagari,data/jharkhand/2015/24. EAST SINGHBHUM MUKHIYA PSS/EAST SINGHBHUM ZP PSS MUKHIYA PSS.pdf,1,EAST SINGHBHUM ZP PSS MUKHIYA PSS.pdf
Jharkhand,2015,East Singhbhum,,,,,,09,XXIV iwohZ flga Hkwe &¼09½,,zp_member,zila_parishad,Other than Woman,NONE,0,सुदिप्त दे,0,vukjf{kr | vU;,devanagari,data/jharkhand/2015/24. EAST SINGHBHUM MUKHIYA PSS/EAST SINGHBHUM ZP PSS MUKHIYA PSS.pdf,1,EAST SINGHBHUM ZP PSS MUKHIYA PSS.pdf
Jharkhand,2015,East Singhbhum,,,,,,10,XXIV iwohZ flga Hkwe &¼10½,,zp_member,zila_parishad,ST Woman,ST,1,बुलूरानी सिहं,0,vuqlfwpr tutkfr | efgyk,devanagari,data/jharkhand/2015/24. EAST SINGHBHUM MUKHIYA PSS/EAST SINGHBHUM ZP PSS MUKHIYA PSS.pdf,1,EAST SINGHBHUM ZP PSS MUKHIYA PSS.pdf
Jharkhand,2015,East Singhbhum,,,,,,11,XXIV iwohZ flga Hkwe &¼11½,,zp_member,zila_parishad,BC Woman,BC,1,प्रतिमा रानी मंडल,0,vU; fiNM+k oxZ | efgyk,devanagari,data/jharkhand/2015/24. EAST SINGHBHUM MUKHIYA PSS/EAST SINGHBHUM ZP PSS MUKHIYA PSS.pdf,2,EAST SINGHBHUM ZP PSS MUKHIYA PSS.pdf
Jharkhand,2015,East Singhbhum,,,,,,12,XXIV iwohZ flga Hkwe &¼12½,,zp_member,zila_parishad,BC Woman,BC,1,चन्द्रावती महतो,0,vU; fiNM+k oxZ | efgyk,devanagari,data/jharkhand/2015/24. EAST SINGHBHUM MUKHIYA PSS/EAST SINGHBHUM ZP PSS MUKHIYA PSS.pdf,2,EAST SINGHBHUM ZP PSS MUKHIYA PSS.pdf
Jharkhand,2015,East Singhbhum,,,,,,13,XXIV iwohZ flga Hkwe &¼13½,,zp_member,zila_parishad,ST Other than Woman,ST,0,सजं ीब सरदार,0,vuqlfwpr tutkfr | vU;,devanagari,data/jharkhand/2015/24. EAST SINGHBHUM MUKHIYA PSS/EAST SINGHBHUM ZP PSS MUKHIYA PSS.pdf,2,EAST SINGHBHUM ZP PSS MUKHIYA PSS.pdf
Jharkhand,2015,East Singhbhum,,,,,,14,XXIV iwohZ flga Hkwe &¼14½,,zp_member,zila_parishad,ST Other than Woman,ST,0,हीरामनी मुर्मू,0,vuqlfwpr tutkfr | vU;,devanagari,data/jharkhand/2015/24. EAST SINGHBHUM MUKHIYA PSS/EAST SINGHBHUM ZP PSS MUKHIYA PSS.pdf,2,EAST SINGHBHUM ZP PSS MUKHIYA PSS.pdf
Jharkhand,2015,East Singhbhum,,,,,,15,XXIV iwohZ flga Hkwe &¼15½,,zp_member,zila_parishad,ST Woman,ST,1,तुलसीवाला मुर्मु,0,vuqlfwpr tutkfr | efgyk,devanagari,data/jharkhand/2015/24. EAST SINGHBHUM MUKHIYA PSS/EAST SINGHBHUM ZP PSS MUKHIYA PSS.pdf,2,EAST SINGHBHUM ZP PSS MUKHIYA PSS.pdf
Jharkhand,2015,East Singhbhum,,,,,,16,XXIV iwohZ flga Hkwe &¼16½,,zp_member,zila_parishad,ST Woman,ST,1,देवयानी मुर्मू,0,vuqlfwpr tutkfr | efgyk,devanagari,data/jharkhand/2015/24. EAST SINGHBHUM MUKHIYA PSS/EAST SINGHBHUM ZP PSS MUKHIYA PSS.pdf,2,EAST SINGHBHUM ZP PSS MUKHIYA PSS.pdf
Jharkhand,2015,East Singhbhum,,,,,,17,XXIV iwohZ flga Hkwe &¼17½,,zp_member,zila_parishad,Woman,NONE,1,पूर्णिमा कर्मकार,0,vukjf{kr | efgyk,devanagari,data/jharkhand/2015/24. EAST SINGHBHUM MUKHIYA PSS/EAST SINGHBHUM ZP PSS MUKHIYA PSS.pdf,2,EAST SINGHBHUM ZP PSS MUKHIYA PSS.pdf
Jharkhand,2015,East Singhbhum,,,,,,18,XXIV iwohZ flga Hkwe &¼18½,,zp_member,zila_parishad,ST Other than Woman,ST,0,बाघराय मार्डी,0,vuqlfwpr tutkfr | vU;,devanagari,data/jharkhand/2015/24. EAST SINGHBHUM MUKHIYA PSS/EAST SINGHBHUM ZP PSS MUKHIYA PSS.pdf,2,EAST SINGHBHUM ZP PSS MUKHIYA PSS.pdf
Jharkhand,2015,East Singhbhum,,,,,,19,XXIV iwohZ flga Hkwe &¼19½,,zp_member,zila_parishad,ST Other than Woman,ST,0,सुभाष चन्द्र सरदार,0,vuqlfwpr tutkfr | vU;,devanagari,data/jharkhand/2015/24. EAST SINGHBHUM MUKHIYA PSS/EAST SINGHBHUM ZP PSS MUKHIYA PSS.pdf,2,EAST SINGHBHUM ZP PSS MUKHIYA PSS.pdf
Jharkhand,2015,East Singhbhum,,,,,,20,XXIV iwohZ flga Hkwe &¼20½,,zp_member,zila_parishad,ST Other than Woman,ST,0,सातरी तापऐ,0,vuqlfwpr tutkfr | vU;,devanagari,data/jharkhand/2015/24. EAST SINGHBHUM MUKHIYA PSS/EAST SINGHBHUM ZP PSS MUKHIYA PSS.pdf,2,EAST SINGHBHUM ZP PSS MUKHIYA PSS.pdf
Jharkhand,2015,East Singhbhum,,,,,,21,XXIV iwohZ flga Hkwe &¼21½,,zp_member,zila_parishad,ST Woman,ST,1,बेलोबती मुर्मु,0,vuqlfwpr tutkfr | efgyk,devanagari,data/jharkhand/2015/24. EAST SINGHBHUM MUKHIYA PSS/EAST SINGHBHUM ZP PSS MUKHIYA PSS.pdf,2,EAST SINGHBHUM ZP PSS MUKHIYA PSS.pdf
Jharkhand,2015,East Singhbhum,,,,,,22,XXIV iwohZ flga Hkwe &¼22½,,zp_member,zila_parishad,ST Woman,ST,1,आरती सामाद,0,vuqlfwpr tutkfr | efgyk,devanagari,data/jharkhand/2015/24. EAST SINGHBHUM MUKHIYA PSS/EAST SINGHBHUM ZP PSS MUKHIYA PSS.pdf,2,EAST SINGHBHUM ZP PSS MUKHIYA PSS.pdf
Jharkhand,2015,East Singhbhum,,,,,,23,XXIV iwohZ flga Hkwe &¼23½,,zp_member,zila_parishad,BC Other than Woman,BC,0,जगन्नाथ महतो,0,vU; fiNM+k oxZ | vU;,devanagari,data/jharkhand/2015/24. EAST SINGHBHUM MUKHIYA PSS/EAST SINGHBHUM ZP PSS MUKHIYA PSS.pdf,2,EAST SINGHBHUM ZP PSS MUKHIYA PSS.pdf
Jharkhand,2015,East Singhbhum,,,,,,24,XXIV iwohZ flga Hkwe &¼24½,,zp_member,zila_parishad,ST Other than Woman,ST,0,शिव चरण हा¡सदा,0,vuqlfwpr tutkfr | vU;,devanagari,data/jharkhand/2015/24. EAST SINGHBHUM MUKHIYA PSS/EAST SINGHBHUM ZP PSS MUKHIYA PSS.pdf,2,EAST SINGHBHUM ZP PSS MUKHIYA PSS.pdf
Jharkhand,2015,East Singhbhum,,,,,,25,XXIV iwohZ flga Hkwe &¼25½,,zp_member,zila_parishad,ST Woman,ST,1,ऐलिश माण्डी,0,vuqlfwpr tutkfr | efgyk,devanagari,data/jharkhand/2015/24. EAST SINGHBHUM MUKHIYA PSS/EAST SINGHBHUM ZP PSS MUKHIYA PSS.pdf,2,EAST SINGHBHUM ZP PSS MUKHIYA PSS.pdf
Jharkhand,2015,East Singhbhum,,,,,,26,XXIV iwohZ flga Hkwe &¼26½,,zp_member,zila_parishad,ST Other than Woman,ST,0,अर्जुन पूर्ती,0,vuqlfwpr tutkfr | vU;,devanagari,data/jharkhand/2015/24. EAST SINGHBHUM MUKHIYA PSS/EAST SINGHBHUM ZP PSS MUKHIYA PSS.pdf,2,EAST SINGHBHUM ZP PSS MUKHIYA PSS.pdf
Jharkhand,2015,East Singhbhum,,,,,,27,XXIV iwohZ flga Hkwe &¼27½,,zp_member,zila_parishad,SC Other than Woman,SC,0,सत्यवान नायक,0,vuqlfwpr tkfr | vU;,devanagari,data/jharkhand/2015/24. EAST SINGHBHUM MUKHIYA PSS/EAST SINGHBHUM ZP PSS MUKHIYA PSS.pdf,2,EAST SINGHBHUM ZP PSS MUKHIYA PSS.pdf
Jharkhand,2015,Latehar,,,III लातेहार,,,01,III लातेहार-(01),,zp_member,zila_parishad,Woman,NONE,1,नाजिम प्रवीण,0,अनारक्षित | महिला,devanagari,data/jharkhand/2015/3. LATEHAR MUKHIYA PSS/LATEHAR MUKHIYA PSS GPS ZP.pdf,2,LATEHAR MUKHIYA PSS GPS ZP.pdf
Jharkhand,2015,Latehar,,,III लातेहार,,,02,III लातेहार-(02),,zp_member,zila_parishad,ST Woman,ST,1,सुनिता कुमारी,0,अनुसूचित जनजाति | महिला,devanagari,data/jharkhand/2015/3. LATEHAR MUKHIYA PSS/LATEHAR MUKHIYA PSS GPS ZP.pdf,2,LATEHAR MUKHIYA PSS GPS ZP.pdf
Jharkhand,2015,Latehar,,,III लातेहार,,,03,III लातेहार-(03),,zp_member,zila_parishad,ST Other than Woman,ST,0,सुखदेव उरांव,0,अनुसूचित जनजाति | अन्य,devanagari,data/jharkhand/2015/3. LATEHAR MUKHIYA PSS/LATEHAR MUKHIYA PSS GPS ZP.pdf,2,LATEHAR MUKHIYA PSS GPS ZP.pdf
Jharkhand,2015,Latehar,,,III लातेहार,,,04,III लातेहार-(04),,zp_member,zila_parishad,ST Woman,ST,1,अनिमा कुजूर,0,अनुसूचित जनजाति | महिला,devanagari,data/jharkhand/2015/3. LATEHAR MUKHIYA PSS/LATEHAR MUKHIYA PSS GPS ZP.pdf,2,LATEHAR MUKHIYA PSS GPS ZP.pdf
Jharkhand,2015,Latehar,,,III लातेहार,,,05,III लातेहार-(05),,zp_member,zila_parishad,ST Other than Woman,ST,0,महेश सिंह,0,अनुसूचित जनजाति | अन्य,devanagari,data/jharkhand/2015/3. LATEHAR MUKHIYA PSS/LATEHAR MUKHIYA PSS GPS ZP.pdf,2,LATEHAR MUKHIYA PSS GPS ZP.pdf
Jharkhand,2015,Latehar,,,III लातेहार,,,06,III लातेहार-(06),,zp_member,zila_parishad,ST Woman,ST,1,सनपतिया देवी,0,अनुसूचित जनजाति | महिला,devanagari,data/jharkhand/2015/3. LATEHAR MUKHIYA PSS/LATEHAR MUKHIYA PSS GPS ZP.pdf,2,LATEHAR MUKHIYA PSS GPS ZP.pdf
Jharkhand,2015,Latehar,,,III लातेहार,,,07,III लातेहार-(07),,zp_member,zila_parishad,ST Woman,ST,1,आशा देवी,0,अनुसूचित जनजाति | महिला,devanagari,data/jharkhand/2015/3. LATEHAR MUKHIYA PSS/LATEHAR MUKHIYA PSS GPS ZP.pdf,2,LATEHAR MUKHIYA PSS GPS ZP.pdf
Jharkhand,2015,Latehar,,,III लातेहार,,,08,III लातेहार-(08),,zp_member,zila_parishad,ST Other than Woman,ST,0,विनोद उरांव,0,अनुसूचित जनजाति | अन्य,devanagari,data/jharkhand/2015/3. LATEHAR MUKHIYA PSS/LATEHAR MUKHIYA PSS GPS ZP.pdf,2,LATEHAR MUKHIYA PSS GPS ZP.pdf
Jharkhand,2015,Latehar,,,III लातेहार,,,09,III लातेहार-(09),,zp_member,zila_parishad,Woman,NONE,1,सुनिता देवी,0,अनारक्षित | महिला,devanagari,data/jharkhand/2015/3. LATEHAR MUKHIYA PSS/LATEHAR MUKHIYA PSS GPS ZP.pdf,2,LATEHAR MUKHIYA PSS GPS ZP.pdf
Jharkhand,2015,Latehar,,,III लातेहार,,,10,III लातेहार-(10),,zp_member,zila_parishad,BC Other than Woman,BC,0,राजेन्द्र प्रसाद साहु,0,अन्य पिछड़ा वर्ग | अन्य,devanagari,data/jharkhand/2015/3. LATEHAR MUKHIYA PSS/LATEHAR MUKHIYA PSS GPS ZP.pdf,2,LATEHAR MUKHIYA PSS GPS ZP.pdf
Jharkhand,2015,Latehar,,,III लातेहार,,,11,III लातेहार-(11),,zp_member,zila_parishad,SC Woman,SC,1,रिना देवी,0,अनुसूचित जाति | महिला,devanagari,data/jharkhand/2015/3. LATEHAR MUKHIYA PSS/LATEHAR MUKHIYA PSS GPS ZP.pdf,2,LATEHAR MUKHIYA PSS GPS ZP.pdf
Jharkhand,2015,Latehar,,,III लातेहार,,,12,III लातेहार-(12),,zp_member,zila_parishad,SC Woman,SC,1,बिन्दु देवी,0,अनुसूचित जाति | महिला,devanagari,data/jharkhand/2015/3. LATEHAR MUKHIYA PSS/LATEHAR MUKHIYA PSS GPS ZP.pdf,2,LATEHAR MUKHIYA PSS GPS ZP.pdf
Jharkhand,2015,Latehar,,,III लातेहार,,,13,III लातेहार-(13),,zp_member,zila_parishad,SC Other than Woman,SC,0,सरोज देवी,0,अनुसूचित जाति | अन्य,devanagari,data/jharkhand/2015/3. LATEHAR MUKHIYA PSS/LATEHAR MUKHIYA PSS GPS ZP.pdf,2,LATEHAR MUKHIYA PSS GPS ZP.pdf
Jharkhand,2015,Latehar,,,III लातेहार,,,14,III लातेहार-(14),,zp_member,zila_parishad,Other than Woman,NONE,0,अनिता देवी,0,अनारक्षित | अन्य,devanagari,data/jharkhand/2015/3. LATEHAR MUKHIYA PSS/LATEHAR MUKHIYA PSS GPS ZP.pdf,2,LATEHAR MUKHIYA PSS GPS ZP.pdf
Jharkhand,2015,Chatra,,,IV चतरा,,,1,IV चतरा-(1),,zp_member,zila_parishad,Other than Woman,NONE,0,अरुण कुमार यादव,0,अनारक्षित | अन्य,devanagari,data/jharkhand/2015/4. CHATRA MUKHIYA PSS/CHATRA MUKHIYA PSS GPS ZP.pdf,183,CHATRA MUKHIYA PSS GPS ZP.pdf
Jharkhand,2015,Chatra,,,IV चतरा,,,2,IV चतरा-(2),,zp_member,zila_parishad,Other than Woman,NONE,0,विक्रम कुमार,0,अनारक्षित | अन्य,devanagari,data/jharkhand/2015/4. CHATRA MUKHIYA PSS/CHATRA MUKHIYA PSS GPS ZP.pdf,183,CHATRA MUKHIYA PSS GPS ZP.pdf
Jharkhand,2015,Chatra,,,IV चतरा,,,3,IV चतरा-(3),,zp_member,zila_parishad,SC Woman,SC,1,अनिता कुमारी,0,अनुसूचित जाति | महिला,devanagari,data/jharkhand/2015/4. CHATRA MUKHIYA PSS/CHATRA MUKHIYA PSS GPS ZP.pdf,183,CHATRA MUKHIYA PSS GPS ZP.pdf
Jharkhand,2015,Chatra,,,IV चतरा,,,4,IV चतरा-(4),,zp_member,zila_parishad,SC Woman,SC,1,ममता देवी,0,अनुसूचित जाति | महिला,devanagari,data/jharkhand/2015/4. CHATRA MUKHIYA PSS/CHATRA MUKHIYA PSS GPS ZP.pdf,183,CHATRA MUKHIYA PSS GPS ZP.pdf
Jharkhand,2015,Chatra,,,IV चतरा,,,5,IV चतरा-(5),,zp_member,zila_parishad,SC Woman,SC,1,निशा कुमारी,0,अनुसूचित जाति | महिला,devanagari,data/jharkhand/2015/4. CHATRA MUKHIYA PSS/CHATRA MUKHIYA PSS GPS ZP.pdf,183,CHATRA MUKHIYA PSS GPS ZP.pdf
Jharkhand,2015,Chatra,,,IV चतरा,,,6,IV चतरा-(6),,zp_member,zila_parishad,Woman,NONE,1,रूबी वर्मा,0,अनारक्षित | महिला,devanagari,data/jharkhand/2015/4. CHATRA MUKHIYA PSS/CHATRA MUKHIYA PSS GPS ZP.pdf,183,CHATRA MUKHIYA PSS GPS ZP.pdf
Jharkhand,2015,Chatra,,,IV चतरा,,,7,IV चतरा-(7),,zp_member,zila_parishad,SC Other than Woman,SC,0,रनु दास,0,अनुसूचित जाति | अन्य,devanagari,data/jharkhand/2015/4. CHATRA MUKHIYA PSS/CHATRA MUKHIYA PSS GPS ZP.pdf,183,CHATRA MUKHIYA PSS GPS ZP.pdf
Jharkhand,2015,Chatra,,,IV चतरा,,,8,IV चतरा-(8),,zp_member,zila_parishad,SC Woman,SC,1,शर्मिला देवी,0,अनुसूचित जाति | महिला,devanagari,data/jharkhand/2015/4. CHATRA MUKHIYA PSS/CHATRA MUKHIYA PSS GPS ZP.pdf,183,CHATRA MUKHIYA PSS GPS ZP.pdf
Jharkhand,2015,Chatra,,,IV चतरा,,,9,IV चतरा-(9),,zp_member,zila_parishad,SC Other than Woman,SC,0,कामेश्वर गंझु,0,अनुसूचित जाति | अन्य,devanagari,data/jharkhand/2015/4. CHATRA MUKHIYA PSS/CHATRA MUKHIYA PSS GPS ZP.pdf,183,CHATRA MUKHIYA PSS GPS ZP.pdf
Jharkhand,2015,Chatra,,,IV चतरा,,,10,IV चतरा-(10),,zp_member,zila_parishad,SC Other than Woman,SC,0,जितेन्द्र कुमार,0,अनुसूचित जाति | अन्य,devanagari,data/jharkhand/2015/4. CHATRA MUKHIYA PSS/CHATRA MUKHIYA PSS GPS ZP.pdf,183,CHATRA MUKHIYA PSS GPS ZP.pdf
Jharkhand,2015,Chatra,,,IV चतरा,,,11,IV चतरा-(11),,zp_member,zila_parishad,Woman,NONE,1,छाया देवी,0,अनारक्षित | महिला,devanagari,data/jharkhand/2015/4. CHATRA MUKHIYA PSS/CHATRA MUKHIYA PSS GPS ZP.pdf,183,CHATRA MUKHIYA PSS GPS ZP.pdf
Jharkhand,2015,Chatra,,,IV चतरा,,,12,IV चतरा-(12),,zp_member,zila_parishad,BC Other than Woman,BC,0,दिलीप कुमार,0,अन्य पिछड़ा वर्ग | अन्य,devanagari,data/jharkhand/2015/4. CHATRA MUKHIYA PSS/CHATRA MUKHIYA PSS GPS ZP.pdf,183,CHATRA MUKHIYA PSS GPS ZP.pdf
Jharkhand,2015,Chatra,,,IV चतरा,,,13,IV चतरा-(13),,zp_member,zila_parishad,BC Woman,BC,1,गुंजा देवी,0,अन्य पिछड़ा वर्ग | महिला,devanagari,data/jharkhand/2015/4. CHATRA MUKHIYA PSS/CHATRA MUKHIYA PSS GPS ZP.pdf,183,CHATRA MUKHIYA PSS GPS ZP.pdf
Jharkhand,2015,Chatra,,,IV चतरा,,,14,IV चतरा-(14),,zp_member,zila_parishad,Other than Woman,NONE,0,रामलखन दांगी,0,अनारक्षित | अन्य,devanagari,data/jharkhand/2015/4. CHATRA MUKHIYA PSS/CHATRA MUKHIYA PSS GPS ZP.pdf,183,CHATRA MUKHIYA PSS GPS ZP.pdf
Jharkhand,2015,Chatra,,,IV चतरा,,,15,IV चतरा-(15),,zp_member,zila_parishad,Woman,NONE,1,सुनिता देवी,0,अनारक्षित | महिला,devanagari,data/jharkhand/2015/4. CHATRA MUKHIYA PSS/CHATRA MUKHIYA PSS GPS ZP.pdf,183,CHATRA MUKHIYA PSS GPS ZP.pdf
Jharkhand,2015,Chatra,,,IV चतरा,,,16,IV चतरा-(16),,zp_member,zila_parishad,Woman,NONE,1,अनामिका देवी,0,अनारक्षित | महिला,devanagari,data/jharkhand/2015/4. CHATRA MUKHIYA PSS/CHATRA MUKHIYA PSS GPS ZP.pdf,183,CHATRA MUKHIYA PSS GPS ZP.pdf
Jharkhand,2015,Chatra,,,IV चतरा,,,17,IV चतरा-(17),,zp_member,zila_parishad,Other than Woman,NONE,0,जय प्रकाश सिंह,0,अनारक्षित | अन्य,devanagari,data/jharkhand/2015/4. CHATRA MUKHIYA PSS/CHATRA MUKHIYA PSS GPS ZP.pdf,183,CHATRA MUKHIYA PSS GPS ZP.pdf
Jharkhand,2015,Chatra,,,IV चतरा,,,18,IV चतरा-(18),,zp_member,zila_parishad,Other than Woman,NONE,0,दुलारचन्द साहु,0,अनारक्षित | अन्य,devanagari,data/jharkhand/2015/4. CHATRA MUKHIYA PSS/CHATRA MUKHIYA PSS GPS ZP.pdf,183,CHATRA MUKHIYA PSS GPS ZP.pdf
Jharkhand,2015,Chatra,,,IV चतरा,,,19,IV चतरा-(19),,zp_member,zila_parishad,Woman,NONE,1,अनिता देवी,0,अनारक्षित | महिला,devanagari,data/jharkhand/2015/4. CHATRA MUKHIYA PSS/CHATRA MUKHIYA PSS GPS ZP.pdf,183,CHATRA MUKHIYA PSS GPS ZP.pdf
Jharkhand,2015,Chatra,,,IV चतरा,,,20,IV चतरा-(20),,zp_member,zila_parishad,ST Other than Woman,ST,0,संगीता टाना भगत,0,अनुसूचित जनजाति | अन्य,devanagari,data/jharkhand/2015/4. CHATRA MUKHIYA PSS/CHATRA MUKHIYA PSS GPS ZP.pdf,183,CHATRA MUKHIYA PSS GPS ZP.pdf
Jharkhand,2015,Koderma,,,,,,1,VI dkMs jek&1,,zp_member,zila_parishad,SC Other than Woman,SC,0,भुनेशवर राम,0,vuqlwfpr tkfr | vU;,devanagari,data/jharkhand/2015/6. KODERMA MUKHIYA PSS/KODERMA MUKHIYA PSS GPS ZP.pdf,4,KODERMA MUKHIYA PSS GPS ZP.pdf
Jharkhand,2015,Koderma,,,,,,2,VI dkMs jek&2,,zp_member,zila_parishad,SC Woman,SC,1,शान्ति पि्रया,0,vuqlwfpr tkfr | efgyk,devanagari,data/jharkhand/2015/6. KODERMA MUKHIYA PSS/KODERMA MUKHIYA PSS GPS ZP.pdf,4,KODERMA MUKHIYA PSS GPS ZP.pdf
Jharkhand,2015,Koderma,,,,,,3,VI dkMs jek&3,,zp_member,zila_parishad,BC Other than Woman,BC,0,शालिनी गुप्ता,0,vU; fiNM+k oxZ | vU;,devanagari,data/jharkhand/2015/6. KODERMA MUKHIYA PSS/KODERMA MUKHIYA PSS GPS ZP.pdf,4,KODERMA MUKHIYA PSS GPS ZP.pdf
Jharkhand,2015,Koderma,,,,,,4,VI dkMs jek&4,,zp_member,zila_parishad,BC Woman,BC,1,रेखा देवी,0,vU; fiNM+k oxZ | efgyk,devanagari,data/jharkhand/2015/6. KODERMA MUKHIYA PSS/KODERMA MUKHIYA PSS GPS ZP.pdf,4,KODERMA MUKHIYA PSS GPS ZP.pdf
Jharkhand,2015,Koderma,,,,,,5,VI dkMs jek&5,,zp_member,zila_parishad,BC Woman,BC,1,अमिता यादव,0,vU; fiNM+k oxZ | efgyk,devanagari,data/jharkhand/2015/6. KODERMA MUKHIYA PSS/KODERMA MUKHIYA PSS GPS ZP.pdf,4,KODERMA MUKHIYA PSS GPS ZP.pdf
Jharkhand,2015,Koderma,,,,,,6,VI dkMs jek&6,,zp_member,zila_parishad,Woman,NONE,1,अमरिता सिंह,0,vukjf{kr | efgyk,devanagari,data/jharkhand/2015/6. KODERMA MUKHIYA PSS/KODERMA MUKHIYA PSS GPS ZP.pdf,4,KODERMA MUKHIYA PSS GPS ZP.pdf
Jharkhand,2015,Koderma,,,,,,7,VI dkMs jek&7,,zp_member,zila_parishad,Other than Woman,NONE,0,महादेव राम,0,vukjf{kr | vU;,devanagari,data/jharkhand/2015/6. KODERMA MUKHIYA PSS/KODERMA MUKHIYA PSS GPS ZP.pdf,4,KODERMA MUKHIYA PSS GPS ZP.pdf
Jharkhand,2015,Koderma,,,,,,8,VI dkMs jek&8,,zp_member,zila_parishad,Woman,NONE,1,निर्मला देवी,0,vukjf{kr | efgyk,devanagari,data/jharkhand/2015/6. KODERMA MUKHIYA PSS/KODERMA MUKHIYA PSS GPS ZP.pdf,4,KODERMA MUKHIYA PSS GPS ZP.pdf
Jharkhand,2015,Koderma,,,,,,9,VI dkMs jek&9,,zp_member,zila_parishad,Other than Woman,NONE,0,पवन सिंह,0,vukjf{kr | vU;,devanagari,data/jharkhand/2015/6. KODERMA MUKHIYA PSS/KODERMA MUKHIYA PSS GPS ZP.pdf,4,KODERMA MUKHIYA PSS GPS ZP.pdf
Jharkhand,2015,Koderma,,,,,,10,VI dkMs jek&10,,zp_member,zila_parishad,Woman,NONE,1,मुनिया देवी,0,vukjf{kr | efgyk,devanagari,data/jharkhand/2015/6. KODERMA MUKHIYA PSS/KODERMA MUKHIYA PSS GPS ZP.pdf,4,KODERMA MUKHIYA PSS GPS ZP.pdf
Jharkhand,2015,Koderma,,,,,,11,VI dkMs jek&11,,zp_member,zila_parishad,BC Other than Woman,BC,0,राजकुमार यादव,0,vU; fiNM+k oxZ | vU;,devanagari,data/jharkhand/2015/6. KODERMA MUKHIYA PSS/KODERMA MUKHIYA PSS GPS ZP.pdf,4,KODERMA MUKHIYA PSS GPS ZP.pdf
Jharkhand,2015,Koderma,,,,,,12,VI dkMs jek&12,,zp_member,zila_parishad,Other than Woman,NONE,0,कैलाश प्रसाद यादव,0,vukjf{kr | vU;,devanagari,data/jharkhand/2015/6. KODERMA MUKHIYA PSS/KODERMA MUKHIYA PSS GPS ZP.pdf,4,KODERMA MUKHIYA PSS GPS ZP.pdf
Jharkhand,2015,Godda,,,IX गोड्डा,,,15,IX गोड्डा-(15),,zp_member,zila_parishad,BC Woman,BC,1,पूनम देवी,0,अन्य पिछड़ा वर्ग | महिला,devanagari,data/jharkhand/2015/9. GOODA MUKHIYA PSS GPS ZP/ZILA PARISHAD .pdf,3,ZILA PARISHAD .pdf
Jharkhand,2015,Godda,,,IX गोड्डा,,,16,IX गोड्डा-(16),,zp_member,zila_parishad,BC Woman,BC,1,फुल कुमारी देवी,0,अन्य पिछड़ा वर्ग | महिला,devanagari,data/jharkhand/2015/9. GOODA MUKHIYA PSS GPS ZP/ZILA PARISHAD .pdf,3,ZILA PARISHAD .pdf
Jharkhand,2015,Godda,,,IX गोड्डा,,,17,IX गोड्डा-(17),,zp_member,zila_parishad,Woman,NONE,1,कल्पना देवी,0,अनारक्षित | महिला,devanagari,data/jharkhand/2015/9. GOODA MUKHIYA PSS GPS ZP/ZILA PARISHAD .pdf,3,ZILA PARISHAD .pdf
Jharkhand,2015,Godda,,,IX गोड्डा,,,18,IX गोड्डा-(18),,zp_member,zila_parishad,BC Woman,BC,1,बसंती देवी,0,अन्य पिछड़ा वर्ग | महिला,devanagari,data/jharkhand/2015/9. GOODA MUKHIYA PSS GPS ZP/ZILA PARISHAD .pdf,3,ZILA PARISHAD .pdf
Jharkhand,2015,Godda,,,IX गोड्डा,,,19,IX गोड्डा-(19),,zp_member,zila_parishad,BC Other than Woman,BC,0,ओम प्रकाश बरई,0,अन्य पिछड़ा वर्ग | अन्य,devanagari,data/jharkhand/2015/9. GOODA MUKHIYA PSS GPS ZP/ZILA PARISHAD .pdf,3,ZILA PARISHAD .pdf
Jharkhand,2015,Godda,,,IX गोड्डा,,,20,IX गोड्डा-(20),,zp_member,zila_parishad,Woman,NONE,1,लक्ष्मी चक्रवर्ती,0,अनारक्षित | महिला,devanagari,data/jharkhand/2015/9. GOODA MUKHIYA PSS GPS ZP/ZILA PARISHAD .pdf,3,ZILA PARISHAD .pdf
Jharkhand,2015,Godda,,,IX गोड्डा,,,21,IX गोड्डा-(21),,zp_member,zila_parishad,Other than Woman,NONE,0,घनश्याम यादव,0,अनारक्षित | अन्य,devanagari,data/jharkhand/2015/9. GOODA MUKHIYA PSS GPS ZP/ZILA PARISHAD .pdf,3,ZILA PARISHAD .pdf
Jharkhand,2015,Godda,,,IX गोड्डा,,,22,IX गोड्डा-(22),,zp_member,zila_parishad,ST Woman,ST,1,सोनवती हेम्ब्रम,0,अनुसूचित जनजाति | महिला,devanagari,data/jharkhand/2015/9. GOODA MUKHIYA PSS GPS ZP/ZILA PARISHAD .pdf,3,ZILA PARISHAD .pdf
Jharkhand,2015,Godda,,,IX गोड्डा,,,23,IX गोड्डा-(23),,zp_member,zila_parishad,ST Woman,ST,1,बेला बसंती बेसरा,0,अनुसूचित जनजाति | महिला,devanagari,data/jharkhand/2015/9. GOODA MUKHIYA PSS GPS ZP/ZILA PARISHAD .pdf,3,ZILA PARISHAD .pdf
Jharkhand,2015,Godda,,,IX गोड्डा,,,24,IX गोड्डा-(24),,zp_member,zila_parishad,ST Other than Woman,ST,0,होपनमय मुरमू,0,अनुसूचित जनजाति | अन्य,devanagari,data/jharkhand/2015/9. GOODA MUKHIYA PSS GPS ZP/ZILA PARISHAD .pdf,3,ZILA PARISHAD .pdf
Jharkhand,2015,Godda,,,IX गोड्डा,,,25,IX गोड्डा-(25),,zp_member,zila_parishad,Other than Woman,NONE,0,सुभाष हेम्ब्रम,0,अनारक्षित | अन्य,devanagari,data/jharkhand/2015/9. GOODA MUKHIYA PSS GPS ZP/ZILA PARISHAD .pdf,3,ZILA PARISHAD .pdf
