state,year,tier,tier_local,rows,districts,blocks,panchayats,wards,women,women_share,sc_share,st_share,bc_share,none_share,listing_scope,script,blank_district,blank_block,blank_panchayat,blank_ward_no,blank_winner,duplicate_seat_rows,source_documents,source_pages,published_total,published_basis,published_unit,coverage_pct,women_rule,women_rule_value,row_band,files
Andhra Pradesh,2020,gp_head,sarpanch,5589,6,571,5589,0,2693,0.4818,0.214,0.0886,0.211,0.4865,all_seats,latin,0.0,0.0,0.0,1.0,1.0,0,6,342,,per-district,gram panchayats,,target,0.5,500..13200,andhra_pradesh/gp_head/2020
Andhra Pradesh,2020,gp_ward,ward,54763,6,565,5377,20,25503,0.4657,0.2261,0.0715,0.2045,0.4979,all_seats,latin,0.0,0.0,0.0,0.0,1.0,0,6,329,,,,,target,0.5,5000..130000,andhra_pradesh/gp_ward/2020
Bihar,2016,block_member,panchayat samiti member,10837,38,519,0,0,4895,0.4517,0.1646,0.0128,0.1773,0.6453,all_seats,devanagari,0.0,0.0,1.0,1.0,0.0026,0,1,1,,unknown,seats,,,,8000..13000,bihar/block_member/2016
Bihar,2016,gp_head,mukhiya,7997,38,524,7997,0,3449,0.4313,0.1671,0.013,0.1706,0.6492,all_seats,devanagari,0.0,0.0,0.0,1.0,0.0034,0,1,1,,unknown,gram panchayats,,,,6000..9500,bihar/gp_head/2016
Bihar,2016,gp_ward,ward member,98131,38,517,7591,24,42683,0.435,0.1674,0.0121,0.1589,0.6615,all_seats,devanagari,0.0,0.0,0.0,0.0,0.1229,40,1,1,,unknown,panchayat wards,,,,80000..125000,bihar/gp_ward/2016
Bihar,2016,kachahari_head,sarpanch,7916,38,521,7916,0,3432,0.4336,0.1671,0.012,0.1692,0.6517,all_seats,devanagari,0.0,0.0,0.0,1.0,0.0047,0,1,1,,unknown,gram kachaharis,,,,6000..9500,bihar/kachahari_head/2016
Bihar,2016,kachahari_member,panch,93341,38,516,7579,24,40316,0.4319,0.1623,0.0122,0.1568,0.6654,all_seats,devanagari,0.0,0.0,0.0,0.0,0.6198,8,1,1,,unknown,kachahari wards,,,,80000..125000,bihar/kachahari_member/2016
Bihar,2016,zp_member,zila parishad member,895,38,0,0,0,402,0.4492,0.1687,0.0134,0.1799,0.638,all_seats,devanagari,0.0,1.0,1.0,1.0,0.0034,0,1,1,,unknown,seats,,,,500..1400,bihar/zp_member/2016
Goa,2012,gp_ward,ward,1471,2,12,185,11,473,0.3215,0.0,0.0673,0.1482,0.7845,all_seats,latin,0.0,0.0,0.0,0.0,0.0,0,12,62,186,seats,panchayats,99.5,floor,0.3333333333333333,400..1800,goa/gp_ward/2012
Goa,2017,gp_ward,ward,684,2,10,152,11,186,0.2719,0.0073,0.0965,0.1418,0.7544,partial,latin,0.0,0.0,0.0058,0.0,1.0,0,10,180,,per-taluka,wards,,floor,0.3333333333333333,400..1800,goa/gp_ward/2017
Goa,2022,gp_ward,ward,793,2,9,101,11,307,0.3871,0.0164,0.14,0.1955,0.6482,partial,latin,0.0,0.0,0.0,0.0,1.0,0,9,149,,per-taluka,wards,,floor,0.3333333333333333,400..1800,goa/gp_ward/2022
Haryana,2016,gp_head,sarpanch,6079,21,126,6063,0,2047,0.3367,0.2027,0.0,0.001,0.7963,all_seats,latin,0.0,0.0,0.0,1.0,0.0005,29,21,21,,,,,,,4000..8000,haryana/gp_head/2016
Haryana,2016,gp_ward,ward,61618,21,126,6107,24,22768,0.3695,0.2282,0.0,0.0954,0.6763,all_seats,latin,0.0,0.0,0.0,0.0165,0.0004,1553,21,21,,,,,,,40000..80000,haryana/gp_ward/2016
Haryana,2022,gp_head,sarpanch,6159,22,143,6157,0,2987,0.485,0.2315,0.0,0.0796,0.6889,all_seats,"krutidev,latin",0.0,0.0,0.0,1.0,0.0114,3,143,143,,,,,,,4000..8000,haryana/gp_head/2022
Haryana,2022,gp_ward,ward,61362,22,143,6158,23,29044,0.4733,0.2274,0.0,0.1002,0.6725,all_seats,"krutidev,latin",0.0,0.0,0.0002,0.0273,0.0108,2244,143,143,,,,,,,40000..80000,haryana/gp_ward/2022
Jammu & Kashmir,2010,gp_ward,ward,7340,10,54,1433,205,3547,0.4832,0.2033,0.1644,0.0,0.6323,all_seats,latin,0.0,0.0,0.0279,0.0,1.0,510,54,327,,unknown,panch constituencies,,floor,0.3333333333333333,500..35000,jammu_and_kashmir/gp_ward/2010
Jammu & Kashmir,2016,gp_head,sarpanch,410,5,32,320,0,137,0.3341,0.0707,0.0561,0.0,0.8732,all_seats,latin,0.0,0.0,0.1537,1.0,1.0,114,12,168,,unknown,halqas,,floor,0.3333333333333333,100..4500,jammu_and_kashmir/gp_head/2016
Jammu & Kashmir,2016,gp_ward,ward,2326,5,33,321,35,739,0.3177,0.1101,0.0937,0.0,0.7962,all_seats,latin,0.0,0.0,0.0653,0.0,1.0,418,12,177,,unknown,panch constituencies,,floor,0.3333333333333333,500..35000,jammu_and_kashmir/gp_ward/2016
Jammu & Kashmir,2018,gp_ward,ward,1432,12,18,408,18,1181,0.8247,0.0,0.2793,0.0,0.7207,reserved_only,latin,0.0,0.0,0.0091,0.0,1.0,210,13,37,,unknown,panch constituencies,,,,500..35000,jammu_and_kashmir/gp_ward/2018
Jharkhand,2015,block_member,panchayat_samiti,4354,21,236,20,0,2258,0.5186,0.1435,0.2793,0.1518,0.4254,all_seats,devanagari,0.0,0.2313,0.9433,1.0,0.0039,913,38,266,5423,seats,seats,80.3,floor,0.5,1000..5500,jharkhand/block_member/2015
Jharkhand,2015,gp_head,mukhiya,4214,23,61,3037,0,2187,0.519,0.1433,0.4039,0.1115,0.3412,all_seats,devanagari,0.0,0.8835,0.2587,1.0,0.0002,1238,65,588,4345,seats,gram panchayats,97.0,floor,0.5,1000..4400,jharkhand/gp_head/2015
Jharkhand,2015,gp_ward,ward_member,11113,9,45,1102,59,5878,0.5289,0.1211,0.2976,0.1503,0.431,all_seats,devanagari,0.0,0.3947,0.1917,0.0154,0.0026,2246,23,761,,,,,floor,0.5,1000..12000,jharkhand/gp_ward/2015
Jharkhand,2015,zp_member,zila_parishad,181,8,0,0,0,95,0.5249,0.1436,0.2983,0.1878,0.3702,all_seats,devanagari,0.0,1.0,1.0,1.0,0.0055,18,8,14,545,seats,seats,33.2,floor,0.5,50..600,jharkhand/zp_member/2015
Rajasthan,2005,gp_head,sarpanch,9178,32,237,9156,0,3072,0.3347,0.1738,0.1902,0.1476,0.4883,all_seats,latin,0.0,0.0,0.0003,1.0,0.0002,41,1,1,,,,,,,8000..14000,rajasthan/gp_head/2005
Rajasthan,2010,gp_head,sarpanch,9166,33,249,9166,0,4360,0.4757,0.1742,0.1909,0.1497,0.4852,all_seats,latin,0.0,0.0,0.0,1.0,0.0011,0,1,1,,,,,,,8000..14000,rajasthan/gp_head/2010
Rajasthan,2015,gp_head,sarpanch,9862,33,300,9862,0,4770,0.4837,0.179,0.2017,0.1457,0.4736,all_seats,latin,0.0,0.0,0.0,1.0,0.0,0,1,1,,,,,,,8000..14000,rajasthan/gp_head/2015
Rajasthan,2020,gp_head,sarpanch,11314,33,352,11311,0,5495,0.4857,0.1748,0.2148,0.1462,0.4642,all_seats,latin,0.0,0.0,0.0,1.0,1.0,6,1,1,,,,,,,8000..14000,rajasthan/gp_head/2020
