state,year,district,block,zilla_parishad_constituency,gram_panchayat,serial,ward_count,sc_reserved_ward_count,st_reserved_ward_count,women_reserved_ward_count,women_reserved_wards,sc_women_wards,st_women_wards,sc_open_wards,st_open_wards,count_basis,script,source_path,source_page,source_pdf,source_url,source_capture
Assam,2025,Charaideo,Sapekhati,Sapekhati,Ahukhat,1,10,0,0,5,"2,4,6,9,10",,,,,printed_gp_summary,latin,data/assam/2025_reservation/charaideo_reservation.pdf,9,charaideo_reservation.pdf,https://sec.assam.gov.in/pdf/panchayat-election/reservation/charaideo-reservation.pdf,
Assam,2025,Charaideo,Sapekhati,Sapekhati,Borguri,2,10,0,0,5,"8,2,10,5,4",,,,,printed_gp_summary,latin,data/assam/2025_reservation/charaideo_reservation.pdf,9,charaideo_reservation.pdf,https://sec.assam.gov.in/pdf/panchayat-election/reservation/charaideo-reservation.pdf,
Assam,2025,Charaideo,Sapekhati,Sapekhati,Milonjyoti,3,10,0,1,5,"4,7,8,9,10",,,,6,printed_gp_summary,latin,data/assam/2025_reservation/charaideo_reservation.pdf,9,charaideo_reservation.pdf,https://sec.assam.gov.in/pdf/panchayat-election/reservation/charaideo-reservation.pdf,
Assam,2025,Charaideo,Sapekhati,Sapekhati,Rahan,4,10,0,0,5,"2,8,6,5,7",,,,,printed_gp_summary,latin,data/assam/2025_reservation/charaideo_reservation.pdf,9,charaideo_reservation.pdf,https://sec.assam.gov.in/pdf/panchayat-election/reservation/charaideo-reservation.pdf,
Assam,2025,Charaideo,Sapekhati,Sapekhati,Sapekhati,5,10,1,0,5,"6,3,5,7,10",6,,,,printed_gp_summary,latin,data/assam/2025_reservation/charaideo_reservation.pdf,9,charaideo_reservation.pdf,https://sec.assam.gov.in/pdf/panchayat-election/reservation/charaideo-reservation.pdf,
Assam,2025,Charaideo,Sapekhati,Sapekhati,Udayshree,6,10,0,0,5,"7,10,1,3,2",,,,,printed_gp_summary,latin,data/assam/2025_reservation/charaideo_reservation.pdf,9,charaideo_reservation.pdf,https://sec.assam.gov.in/pdf/panchayat-election/reservation/charaideo-reservation.pdf,
Assam,2025,Charaideo,Sapekhati,Baruasali,Bhuyakhat,7,10,0,0,5,"8,5,2,4,1",,,,,printed_gp_summary,latin,data/assam/2025_reservation/charaideo_reservation.pdf,9,charaideo_reservation.pdf,https://sec.assam.gov.in/pdf/panchayat-election/reservation/charaideo-reservation.pdf,
Assam,2025,Charaideo,Sapekhati,Baruasali,Borhat,8,10,0,0,5,"1,6,7,8,10",,,,,printed_gp_summary,latin,data/assam/2025_reservation/charaideo_reservation.pdf,9,charaideo_reservation.pdf,https://sec.assam.gov.in/pdf/panchayat-election/reservation/charaideo-reservation.pdf,
Assam,2025,Charaideo,Sapekhati,Baruasali,Nahorpukhuri,9,10,0,0,5,"2,3,5,7,9",,,,,printed_gp_summary,latin,data/assam/2025_reservation/charaideo_reservation.pdf,9,charaideo_reservation.pdf,https://sec.assam.gov.in/pdf/panchayat-election/reservation/charaideo-reservation.pdf,
Assam,2025,Charaideo,Sapekhati,Baruasali,Purbanchal,10,10,0,0,5,"4,5,6,7,8",,,,,printed_gp_summary,latin,data/assam/2025_reservation/charaideo_reservation.pdf,9,charaideo_reservation.pdf,https://sec.assam.gov.in/pdf/panchayat-election/reservation/charaideo-reservation.pdf,
Assam,2025,Charaideo,Sapekhati,Baruasali,Sonali,11,10,0,0,5,"2,3,4,5,8",,,,,printed_gp_summary,latin,data/assam/2025_reservation/charaideo_reservation.pdf,9,charaideo_reservation.pdf,https://sec.assam.gov.in/pdf/panchayat-election/reservation/charaideo-reservation.pdf,
Assam,2025,Charaideo,Sonari,Sonari,Bhojo,12,10,0,0,5,"3,7,4,1,9",,,,,printed_gp_summary,latin,data/assam/2025_reservation/charaideo_reservation.pdf,9,charaideo_reservation.pdf,https://sec.assam.gov.in/pdf/panchayat-election/reservation/charaideo-reservation.pdf,
Assam,2025,Charaideo,Sonari,Sonari,Sonari,13,10,0,0,5,"4,6,1,2,9",,,,,printed_gp_summary,latin,data/assam/2025_reservation/charaideo_reservation.pdf,9,charaideo_reservation.pdf,https://sec.assam.gov.in/pdf/panchayat-election/reservation/charaideo-reservation.pdf,
Assam,2025,Charaideo,Sonari,Sonari,Rajapukhuri,14,10,0,0,5,"4,6,7,9,10",,,,,printed_gp_summary,latin,data/assam/2025_reservation/charaideo_reservation.pdf,9,charaideo_reservation.pdf,https://sec.assam.gov.in/pdf/panchayat-election/reservation/charaideo-reservation.pdf,
Assam,2025,Charaideo,Sonari,Sonari,Towkak,15,10,0,0,5,"3,5,7,10,6",,,,,printed_gp_summary,latin,data/assam/2025_reservation/charaideo_reservation.pdf,9,charaideo_reservation.pdf,https://sec.assam.gov.in/pdf/panchayat-election/reservation/charaideo-reservation.pdf,
Assam,2025,Charaideo,Sonari,Haridev,Bengenabari,16,10,0,1,5,"9,7,6,2,1",,9,,,printed_gp_summary,latin,data/assam/2025_reservation/charaideo_reservation.pdf,9,charaideo_reservation.pdf,https://sec.assam.gov.in/pdf/panchayat-election/reservation/charaideo-reservation.pdf,
Assam,2025,Charaideo,Sonari,Haridev,Haridev,17,10,0,0,5,"9,1,5,7,3",,,,,printed_gp_summary,latin,data/assam/2025_reservation/charaideo_reservation.pdf,9,charaideo_reservation.pdf,https://sec.assam.gov.in/pdf/panchayat-election/reservation/charaideo-reservation.pdf,
Assam,2025,Charaideo,Sonari,Haridev,Longpotia,18,10,0,1,5,"10,5,2,6,9",,10,,,printed_gp_summary,latin,data/assam/2025_reservation/charaideo_reservation.pdf,9,charaideo_reservation.pdf,https://sec.assam.gov.in/pdf/panchayat-election/reservation/charaideo-reservation.pdf,
Assam,2025,Charaideo,Sonari,Haridev,Sarupather,19,10,0,1,5,"1,5,10,3,6",,1,,,printed_gp_summary,latin,data/assam/2025_reservation/charaideo_reservation.pdf,9,charaideo_reservation.pdf,https://sec.assam.gov.in/pdf/panchayat-election/reservation/charaideo-reservation.pdf,
Assam,2025,Charaideo,Lakwa,Charaideo,Charaideo,20,10,0,0,5,"8,3,9,7,10",,,,,printed_gp_summary,latin,data/assam/2025_reservation/charaideo_reservation.pdf,9,charaideo_reservation.pdf,https://sec.assam.gov.in/pdf/panchayat-election/reservation/charaideo-reservation.pdf,
Assam,2025,Charaideo,Lakwa,Charaideo,Hollowphukan,21,10,0,0,5,"5,6,2,3,8",,,,,printed_gp_summary,latin,data/assam/2025_reservation/charaideo_reservation.pdf,9,charaideo_reservation.pdf,https://sec.assam.gov.in/pdf/panchayat-election/reservation/charaideo-reservation.pdf,
Assam,2025,Charaideo,Lakwa,Charaideo,Nimonagarh,22,10,0,0,5,"1,7,8,9,10",,,,,printed_gp_summary,latin,data/assam/2025_reservation/charaideo_reservation.pdf,9,charaideo_reservation.pdf,https://sec.assam.gov.in/pdf/panchayat-election/reservation/charaideo-reservation.pdf,
Assam,2025,Charaideo,Lakwa,Suffry,Abhoipur,23,10,0,0,5,"9,10,2,8,1",,,,,printed_gp_summary,latin,data/assam/2025_reservation/charaideo_reservation.pdf,9,charaideo_reservation.pdf,https://sec.assam.gov.in/pdf/panchayat-election/reservation/charaideo-reservation.pdf,
Assam,2025,Charaideo,Lakwa,Suffry,Chalapathar,24,10,0,0,5,"5,4,9,7,6",,,,,printed_gp_summary,latin,data/assam/2025_reservation/charaideo_reservation.pdf,9,charaideo_reservation.pdf,https://sec.assam.gov.in/pdf/panchayat-election/reservation/charaideo-reservation.pdf,
Assam,2025,Charaideo,Lakwa,Suffry,Suffry,25,10,2,0,5,"8,4,3,5,9",8,,7,,printed_gp_summary,latin,data/assam/2025_reservation/charaideo_reservation.pdf,9,charaideo_reservation.pdf,https://sec.assam.gov.in/pdf/panchayat-election/reservation/charaideo-reservation.pdf,
Assam,2025,Charaideo,Mahmora,Rangoli,Bordoba,26,10,0,0,5,"1,9,5,2,10",,,,,printed_gp_summary,latin,data/assam/2025_reservation/charaideo_reservation.pdf,9,charaideo_reservation.pdf,https://sec.assam.gov.in/pdf/panchayat-election/reservation/charaideo-reservation.pdf,
Assam,2025,Charaideo,Mahmora,Rangoli,Desangpani,27,10,0,0,5,"1,9,2,7,10",,,,,printed_gp_summary,latin,data/assam/2025_reservation/charaideo_reservation.pdf,9,charaideo_reservation.pdf,https://sec.assam.gov.in/pdf/panchayat-election/reservation/charaideo-reservation.pdf,
Assam,2025,Charaideo,Mahmora,Rangoli,Doba,28,10,0,0,5,"1,3,5,8,9",,,,,printed_gp_summary,latin,data/assam/2025_reservation/charaideo_reservation.pdf,9,charaideo_reservation.pdf,https://sec.assam.gov.in/pdf/panchayat-election/reservation/charaideo-reservation.pdf,
Assam,2025,Charaideo,Mahmora,Rangoli,Nizkhaloighugura,29,10,0,0,5,"3,5,8,9,10",,,,,printed_gp_summary,latin,data/assam/2025_reservation/charaideo_reservation.pdf,9,charaideo_reservation.pdf,https://sec.assam.gov.in/pdf/panchayat-election/reservation/charaideo-reservation.pdf,
Assam,2025,Charaideo,Mahmora,Rangoli,Milon,30,10,0,1,5,"3,5,6,7,8",,,,1,printed_gp_summary,latin,data/assam/2025_reservation/charaideo_reservation.pdf,9,charaideo_reservation.pdf,https://sec.assam.gov.in/pdf/panchayat-election/reservation/charaideo-reservation.pdf,
Assam,2025,Charaideo,Mahmora,Rangoli,Sepon,31,10,0,0,5,"2,4,5,6,7",,,,,printed_gp_summary,latin,data/assam/2025_reservation/charaideo_reservation.pdf,9,charaideo_reservation.pdf,https://sec.assam.gov.in/pdf/panchayat-election/reservation/charaideo-reservation.pdf,
Assam,2025,Charaideo,Mahmora,Mahmora,Bhoralipukhuri,32,10,0,0,5,"4,6,9,8,2",,,,,printed_gp_summary,latin,data/assam/2025_reservation/charaideo_reservation.pdf,9,charaideo_reservation.pdf,https://sec.assam.gov.in/pdf/panchayat-election/reservation/charaideo-reservation.pdf,
Assam,2025,Charaideo,Mahmora,Mahmora,Kakotibari,33,10,0,0,5,"10,1,7,5,9",,,,,printed_gp_summary,latin,data/assam/2025_reservation/charaideo_reservation.pdf,9,charaideo_reservation.pdf,https://sec.assam.gov.in/pdf/panchayat-election/reservation/charaideo-reservation.pdf,
Assam,2025,Charaideo,Mahmora,Mahmora,Khumtai,34,10,0,0,5,"5,9,7,4,3",,,,,printed_gp_summary,latin,data/assam/2025_reservation/charaideo_reservation.pdf,9,charaideo_reservation.pdf,https://sec.assam.gov.in/pdf/panchayat-election/reservation/charaideo-reservation.pdf,
Assam,2025,Charaideo,Mahmora,Mahmora,Sarbudoi,35,10,0,0,5,"9,10,2,3,4",,,,,printed_gp_summary,latin,data/assam/2025_reservation/charaideo_reservation.pdf,9,charaideo_reservation.pdf,https://sec.assam.gov.in/pdf/panchayat-election/reservation/charaideo-reservation.pdf,
Assam,2025,Charaideo,Mahmora,Mahmora,Udoipur,36,10,0,2,5,"1,2,5,7,6",,1,,9,printed_gp_summary,latin,data/assam/2025_reservation/charaideo_reservation.pdf,9,charaideo_reservation.pdf,https://sec.assam.gov.in/pdf/panchayat-election/reservation/charaideo-reservation.pdf,
Assam,2025,Kamrup Metropolitan,Ramcharani,,Majirgaon,1,10,0,0,5,"1,3,5,7,10",,,,,derived_from_complete_printed_ward_table,latin,data/assam/2025_reservation/reservation_kamrup_m.pdf,1,reservation_kamrup_m.pdf,https://sec.assam.gov.in/pdf/panchayat-election/reservation/reservation-kamrup-m.pdf,
Assam,2025,Kamrup Metropolitan,Ramcharani,,Garal,2,10,0,0,5,"1,2,3,7,9",,,,,derived_from_complete_printed_ward_table,latin,data/assam/2025_reservation/reservation_kamrup_m.pdf,1,reservation_kamrup_m.pdf,https://sec.assam.gov.in/pdf/panchayat-election/reservation/reservation-kamrup-m.pdf,
Assam,2025,Kamrup Metropolitan,Ramcharani,,Kahikuchi,3,10,1,1,5,"1,5,7,8,9",,,4,10,derived_from_complete_printed_ward_table,latin,data/assam/2025_reservation/reservation_kamrup_m.pdf,1,reservation_kamrup_m.pdf,https://sec.assam.gov.in/pdf/panchayat-election/reservation/reservation-kamrup-m.pdf,
Assam,2025,Kamrup Metropolitan,Ramcharani,,Dharapur,4,10,0,0,5,"1,3,4,8,10",,,,,derived_from_complete_printed_ward_table,latin,data/assam/2025_reservation/reservation_kamrup_m.pdf,1,reservation_kamrup_m.pdf,https://sec.assam.gov.in/pdf/panchayat-election/reservation/reservation-kamrup-m.pdf,
Assam,2025,Kamrup Metropolitan,Ramcharani,,Azara,5,10,1,1,5,"2,6,7,9,10",,9,5,,derived_from_complete_printed_ward_table,latin,data/assam/2025_reservation/reservation_kamrup_m.pdf,1,reservation_kamrup_m.pdf,https://sec.assam.gov.in/pdf/panchayat-election/reservation/reservation-kamrup-m.pdf,
Assam,2025,Kamrup Metropolitan,Chandrapur,,Panikhaiti,6,10,1,1,5,"1,2,4,6,9",6,1,,,derived_from_complete_printed_ward_table,latin,data/assam/2025_reservation/reservation_kamrup_m.pdf,1,reservation_kamrup_m.pdf,https://sec.assam.gov.in/pdf/panchayat-election/reservation/reservation-kamrup-m.pdf,
Assam,2025,Kamrup Metropolitan,Chandrapur,,Amsing,7,10,0,0,5,"4,5,6,7,10",,,,,derived_from_complete_printed_ward_table,latin,data/assam/2025_reservation/reservation_kamrup_m.pdf,1,reservation_kamrup_m.pdf,https://sec.assam.gov.in/pdf/panchayat-election/reservation/reservation-kamrup-m.pdf,
Assam,2025,Kamrup Metropolitan,Chandrapur,,Chandrapur,8,10,0,0,5,"1,3,5,8,9",,,,,derived_from_complete_printed_ward_table,latin,data/assam/2025_reservation/reservation_kamrup_m.pdf,1,reservation_kamrup_m.pdf,https://sec.assam.gov.in/pdf/panchayat-election/reservation/reservation-kamrup-m.pdf,
Assam,2025,Kamrup Metropolitan,Dimoria,,Kamarkuchi,9,10,0,1,5,"1,2,5,7,8",,8,,,derived_from_complete_printed_ward_table,latin,data/assam/2025_reservation/reservation_kamrup_m.pdf,1,reservation_kamrup_m.pdf,https://sec.assam.gov.in/pdf/panchayat-election/reservation/reservation-kamrup-m.pdf,
Assam,2025,Kamrup Metropolitan,Dimoria,,Digaru,10,10,1,3,5,"1,2,4,5,9",,"1,4",8,7,derived_from_complete_printed_ward_table,latin,data/assam/2025_reservation/reservation_kamrup_m.pdf,1,reservation_kamrup_m.pdf,https://sec.assam.gov.in/pdf/panchayat-election/reservation/reservation-kamrup-m.pdf,
Assam,2025,Kamrup Metropolitan,Dimoria,,Barkhat,11,10,0,2,5,"1,2,3,6,9",,1,,5,derived_from_complete_printed_ward_table,latin,data/assam/2025_reservation/reservation_kamrup_m.pdf,1,reservation_kamrup_m.pdf,https://sec.assam.gov.in/pdf/panchayat-election/reservation/reservation-kamrup-m.pdf,
Assam,2025,Kamrup Metropolitan,Dimoria,,Baruabari,12,10,2,0,5,"2,5,7,8,10",7,,3,,derived_from_complete_printed_ward_table,latin,data/assam/2025_reservation/reservation_kamrup_m.pdf,1,reservation_kamrup_m.pdf,https://sec.assam.gov.in/pdf/panchayat-election/reservation/reservation-kamrup-m.pdf,
Assam,2025,Kamrup Metropolitan,Dimoria,,Hahara,13,10,2,1,5,"6,7,8,9,10",9,,3,2,derived_from_complete_printed_ward_table,latin,data/assam/2025_reservation/reservation_kamrup_m.pdf,2,reservation_kamrup_m.pdf,https://sec.assam.gov.in/pdf/panchayat-election/reservation/reservation-kamrup-m.pdf,
Assam,2025,Kamrup Metropolitan,Dimoria,,Sonapur,14,10,0,0,5,"1,3,6,7,10",,,,,derived_from_complete_printed_ward_table,latin,data/assam/2025_reservation/reservation_kamrup_m.pdf,2,reservation_kamrup_m.pdf,https://sec.assam.gov.in/pdf/panchayat-election/reservation/reservation-kamrup-m.pdf,
Assam,2025,Kamrup Metropolitan,Dimoria,,Tetelia,15,10,0,1,5,"4,5,8,9,10",,,,3,derived_from_complete_printed_ward_table,latin,data/assam/2025_reservation/reservation_kamrup_m.pdf,2,reservation_kamrup_m.pdf,https://sec.assam.gov.in/pdf/panchayat-election/reservation/reservation-kamrup-m.pdf,
Assam,2025,Kamrup Metropolitan,Dimoria,,Nartap,16,10,0,1,5,"2,3,5,6,10",,5,,,derived_from_complete_printed_ward_table,latin,data/assam/2025_reservation/reservation_kamrup_m.pdf,2,reservation_kamrup_m.pdf,https://sec.assam.gov.in/pdf/panchayat-election/reservation/reservation-kamrup-m.pdf,
Assam,2025,Kamrup Metropolitan,Dimoria,,Khetri,17,10,1,1,5,"3,4,6,7,10",7,6,,,derived_from_complete_printed_ward_table,latin,data/assam/2025_reservation/reservation_kamrup_m.pdf,2,reservation_kamrup_m.pdf,https://sec.assam.gov.in/pdf/panchayat-election/reservation/reservation-kamrup-m.pdf,
Assam,2025,Kamrup Metropolitan,Dimoria,,Maloibari,18,10,5,0,5,"1,3,7,9,10","1,3,10",,"2,4",,derived_from_complete_printed_ward_table,latin,data/assam/2025_reservation/reservation_kamrup_m.pdf,2,reservation_kamrup_m.pdf,https://sec.assam.gov.in/pdf/panchayat-election/reservation/reservation-kamrup-m.pdf,
Assam,2025,Kamrup Metropolitan,Dimoria,,Dhupguri,19,10,1,2,5,"2,3,6,8,10",,8,5,4,derived_from_complete_printed_ward_table,latin,data/assam/2025_reservation/reservation_kamrup_m.pdf,2,reservation_kamrup_m.pdf,https://sec.assam.gov.in/pdf/panchayat-election/reservation/reservation-kamrup-m.pdf,
Assam,2025,Kamrup Metropolitan,Dimoria,,Topatoli,20,10,4,2,5,"1,2,5,6,7","1,2",5,"3,4",10,derived_from_complete_printed_ward_table,latin,data/assam/2025_reservation/reservation_kamrup_m.pdf,2,reservation_kamrup_m.pdf,https://sec.assam.gov.in/pdf/panchayat-election/reservation/reservation-kamrup-m.pdf,
Assam,2025,Hailakandi,Hailakandi,,Mahadebpur,1,,1,0,5,"2,3,6,7,9",,,5,,derived_from_printed_reserved_rows_only,latin,data/assam/2025_reservation/notification_reservation_hailakandi.pdf,7,notification_reservation_hailakandi.pdf,https://sec.assam.gov.in/pdf/panchayat-election/reservation/Notification reservation hailakandi.pdf,
Assam,2025,Hailakandi,Hailakandi,,Kalinagar,2,,3,0,5,"1,2,7,9,10","1,2",,3,,derived_from_printed_reserved_rows_only,latin,data/assam/2025_reservation/notification_reservation_hailakandi.pdf,7,notification_reservation_hailakandi.pdf,https://sec.assam.gov.in/pdf/panchayat-election/reservation/Notification reservation hailakandi.pdf,
Assam,2025,Hailakandi,Hailakandi,,Uttar Kanchanpur,3,,2,0,7,"2,4,5,7,8,9,10","7,8",,,,derived_from_printed_reserved_rows_only,latin,data/assam/2025_reservation/notification_reservation_hailakandi.pdf,7,notification_reservation_hailakandi.pdf,https://sec.assam.gov.in/pdf/panchayat-election/reservation/Notification reservation hailakandi.pdf,
Assam,2025,Hailakandi,Hailakandi,,Burnie Brease,4,,3,0,5,"1,2,6,8,10","1,8",,4,,derived_from_printed_reserved_rows_only,latin,data/assam/2025_reservation/notification_reservation_hailakandi.pdf,7,notification_reservation_hailakandi.pdf,https://sec.assam.gov.in/pdf/panchayat-election/reservation/Notification reservation hailakandi.pdf,
Assam,2025,Hailakandi,Hailakandi,,Mohanpur,5,,5,0,5,"3,5,7,8,9","7,8,9",,"1,6",,derived_from_printed_reserved_rows_only,latin,data/assam/2025_reservation/notification_reservation_hailakandi.pdf,7,notification_reservation_hailakandi.pdf,https://sec.assam.gov.in/pdf/panchayat-election/reservation/Notification reservation hailakandi.pdf,
Assam,2025,Hailakandi,Hailakandi,,Paikan Tupkhana,6,,3,0,5,"2,3,4,8,10","4,10",,9,,derived_from_printed_reserved_rows_only,latin,data/assam/2025_reservation/notification_reservation_hailakandi.pdf,7,notification_reservation_hailakandi.pdf,https://sec.assam.gov.in/pdf/panchayat-election/reservation/Notification reservation hailakandi.pdf,
Assam,2025,Hailakandi,Hailakandi,,Bashdahar Somarikuna,7,,1,0,5,"2,5,6,9,10",,,8,,derived_from_printed_reserved_rows_only,latin,data/assam/2025_reservation/notification_reservation_hailakandi.pdf,8,notification_reservation_hailakandi.pdf,https://sec.assam.gov.in/pdf/panchayat-election/reservation/Notification reservation hailakandi.pdf,
Assam,2025,Hailakandi,Hailakandi,,Sudarshanpur,8,,1,0,5,"1,2,6,8,9",,,5,,derived_from_printed_reserved_rows_only,latin,data/assam/2025_reservation/notification_reservation_hailakandi.pdf,8,notification_reservation_hailakandi.pdf,https://sec.assam.gov.in/pdf/panchayat-election/reservation/Notification reservation hailakandi.pdf,
Assam,2025,Hailakandi,Hailakandi,,Katagao Nityanandapur,9,,0,0,5,"1,5,7,8,9",,,,,derived_from_printed_reserved_rows_only,latin,data/assam/2025_reservation/notification_reservation_hailakandi.pdf,8,notification_reservation_hailakandi.pdf,https://sec.assam.gov.in/pdf/panchayat-election/reservation/Notification reservation hailakandi.pdf,
Assam,2025,Hailakandi,Hailakandi,,Gaglacherra Joshnabad,10,,2,0,5,"1,4,7,8,10",7,,2,,derived_from_printed_reserved_rows_only,latin,data/assam/2025_reservation/notification_reservation_hailakandi.pdf,8,notification_reservation_hailakandi.pdf,https://sec.assam.gov.in/pdf/panchayat-election/reservation/Notification reservation hailakandi.pdf,
Assam,2025,Hailakandi,Hailakandi,,Lalamukh,11,,1,0,5,"1,3,4,5,8",,,7,,derived_from_printed_reserved_rows_only,latin,data/assam/2025_reservation/notification_reservation_hailakandi.pdf,8,notification_reservation_hailakandi.pdf,https://sec.assam.gov.in/pdf/panchayat-election/reservation/Notification reservation hailakandi.pdf,
Assam,2025,Hailakandi,Hailakandi,,Umednagar Chandrapur,12,,2,0,5,"4,5,6,9,10",9,,8,,derived_from_printed_reserved_rows_only,latin,data/assam/2025_reservation/notification_reservation_hailakandi.pdf,8,notification_reservation_hailakandi.pdf,https://sec.assam.gov.in/pdf/panchayat-election/reservation/Notification reservation hailakandi.pdf,
Assam,2025,Hailakandi,Hailakandi,,Monacherra,13,,2,0,5,"1,3,4,5,10",5,,6,,derived_from_printed_reserved_rows_only,latin,data/assam/2025_reservation/notification_reservation_hailakandi.pdf,8,notification_reservation_hailakandi.pdf,https://sec.assam.gov.in/pdf/panchayat-election/reservation/Notification reservation hailakandi.pdf,
Assam,2025,Hailakandi,Hailakandi,,Rajyeswarpur,14,,2,0,5,"1,5,6,8,10",6,,9,,derived_from_printed_reserved_rows_only,latin,data/assam/2025_reservation/notification_reservation_hailakandi.pdf,9,notification_reservation_hailakandi.pdf,https://sec.assam.gov.in/pdf/panchayat-election/reservation/Notification reservation hailakandi.pdf,
Assam,2025,Hailakandi,Katlicherra,,Ayenakhal,15,,1,0,5,"2,5,7,9,10",7,,,,derived_from_printed_reserved_rows_only,latin,data/assam/2025_reservation/notification_reservation_hailakandi.pdf,11,notification_reservation_hailakandi.pdf,https://sec.assam.gov.in/pdf/panchayat-election/reservation/Notification reservation hailakandi.pdf,
Assam,2025,Hailakandi,Katlicherra,,Koiya,16,,2,0,5,"1,3,8,9,10",8,,4,,derived_from_printed_reserved_rows_only,latin,data/assam/2025_reservation/notification_reservation_hailakandi.pdf,11,notification_reservation_hailakandi.pdf,https://sec.assam.gov.in/pdf/panchayat-election/reservation/Notification reservation hailakandi.pdf,
Assam,2025,Hailakandi,Katlicherra,,Dholcherra,17,,1,0,5,"2,3,6,7,9",3,,,,derived_from_printed_reserved_rows_only,latin,data/assam/2025_reservation/notification_reservation_hailakandi.pdf,11,notification_reservation_hailakandi.pdf,https://sec.assam.gov.in/pdf/panchayat-election/reservation/Notification reservation hailakandi.pdf,
Assam,2025,Hailakandi,Katlicherra,,Lalacherra Vernerpur,18,,2,0,5,"1,3,4,5,8",1,,2,,derived_from_printed_reserved_rows_only,latin,data/assam/2025_reservation/notification_reservation_hailakandi.pdf,11,notification_reservation_hailakandi.pdf,https://sec.assam.gov.in/pdf/panchayat-election/reservation/Notification reservation hailakandi.pdf,
Assam,2025,Hailakandi,Katlicherra,,Lalchorra,19,,2,0,5,"2,4,5,7,10",4,,8,,derived_from_printed_reserved_rows_only,latin,data/assam/2025_reservation/notification_reservation_hailakandi.pdf,11,notification_reservation_hailakandi.pdf,https://sec.assam.gov.in/pdf/panchayat-election/reservation/Notification reservation hailakandi.pdf,
Assam,2025,Hailakandi,Katlicherra,,Sonacherra Ropacherra,20,,4,0,5,"1,3,6,8,10","1,6",,"2,7",,derived_from_printed_reserved_rows_only,latin,data/assam/2025_reservation/notification_reservation_hailakandi.pdf,12,notification_reservation_hailakandi.pdf,https://sec.assam.gov.in/pdf/panchayat-election/reservation/Notification reservation hailakandi.pdf,
Assam,2025,Hailakandi,Katlicherra,,Rangabak,21,,2,0,5,"1,3,5,6,10",3,,7,,derived_from_printed_reserved_rows_only,latin,data/assam/2025_reservation/notification_reservation_hailakandi.pdf,12,notification_reservation_hailakandi.pdf,https://sec.assam.gov.in/pdf/panchayat-election/reservation/Notification reservation hailakandi.pdf,
Assam,2025,Hailakandi,Katlicherra,,Katlicherra,22,,2,0,5,"2,3,6,7,9",7,,8,,derived_from_printed_reserved_rows_only,latin,data/assam/2025_reservation/notification_reservation_hailakandi.pdf,11,notification_reservation_hailakandi.pdf,https://sec.assam.gov.in/pdf/panchayat-election/reservation/Notification reservation hailakandi.pdf,
Assam,2025,Hailakandi,Katlicherra,,Harishnagar,23,,2,0,5,"1,3,4,5,9",1,,2,,derived_from_printed_reserved_rows_only,latin,data/assam/2025_reservation/notification_reservation_hailakandi.pdf,12,notification_reservation_hailakandi.pdf,https://sec.assam.gov.in/pdf/panchayat-election/reservation/Notification reservation hailakandi.pdf,
Assam,2025,Hailakandi,South Hailakandi,,Niskar,24,,3,0,5,"3,4,5,8,9","3,9",,10,,derived_from_printed_reserved_rows_only,latin,data/assam/2025_reservation/notification_reservation_hailakandi.pdf,12,notification_reservation_hailakandi.pdf,https://sec.assam.gov.in/pdf/panchayat-election/reservation/Notification reservation hailakandi.pdf,
Assam,2025,Hailakandi,South Hailakandi,,Monipur,25,,1,0,5,"1,6,7,8,10",7,,,,derived_from_printed_reserved_rows_only,latin,data/assam/2025_reservation/notification_reservation_hailakandi.pdf,12,notification_reservation_hailakandi.pdf,https://sec.assam.gov.in/pdf/panchayat-election/reservation/Notification reservation hailakandi.pdf,
Assam,2025,Hailakandi,South Hailakandi,,Dholai Bagan,26,,1,0,5,"5,6,7,9,10",10,,,,derived_from_printed_reserved_rows_only,latin,data/assam/2025_reservation/notification_reservation_hailakandi.pdf,13,notification_reservation_hailakandi.pdf,https://sec.assam.gov.in/pdf/panchayat-election/reservation/Notification reservation hailakandi.pdf,
Assam,2025,Hailakandi,South Hailakandi,,Baruncherra Kukicherra,27,,2,0,5,"1,3,4,5,10",3,,9,,derived_from_printed_reserved_rows_only,latin,data/assam/2025_reservation/notification_reservation_hailakandi.pdf,13,notification_reservation_hailakandi.pdf,https://sec.assam.gov.in/pdf/panchayat-election/reservation/Notification reservation hailakandi.pdf,
Assam,2025,Hailakandi,South Hailakandi,,Madhabpur Rampur,28,,0,0,5,"2,3,5,6,9",,,,,derived_from_printed_reserved_rows_only,latin,data/assam/2025_reservation/notification_reservation_hailakandi.pdf,12,notification_reservation_hailakandi.pdf,https://sec.assam.gov.in/pdf/panchayat-election/reservation/Notification reservation hailakandi.pdf,
Assam,2025,Hailakandi,South Hailakandi,,Gharmura Ramnathpur,29,,5,0,5,"1,3,5,6,7","1,5,6,7",,8,,derived_from_printed_reserved_rows_only,latin,data/assam/2025_reservation/notification_reservation_hailakandi.pdf,12,notification_reservation_hailakandi.pdf,https://sec.assam.gov.in/pdf/panchayat-election/reservation/Notification reservation hailakandi.pdf,
Assam,2025,Hailakandi,South Hailakandi,,Duttapur Bagcherra,30,,1,0,5,"2,4,5,7,9",,,1,,derived_from_printed_reserved_rows_only,latin,data/assam/2025_reservation/notification_reservation_hailakandi.pdf,13,notification_reservation_hailakandi.pdf,https://sec.assam.gov.in/pdf/panchayat-election/reservation/Notification reservation hailakandi.pdf,
Assam,2025,Hailakandi,Algapur,,Narayanpur Bakrihawar,31,,2,0,5,"1,4,5,7,8",7,,2,,derived_from_printed_reserved_rows_only,latin,data/assam/2025_reservation/notification_reservation_hailakandi.pdf,4,notification_reservation_hailakandi.pdf,https://sec.assam.gov.in/pdf/panchayat-election/reservation/Notification reservation hailakandi.pdf,
Assam,2025,Hailakandi,Algapur,,Chiporsangan,32,,0,0,5,"1,2,6,9,10",,,,,derived_from_printed_reserved_rows_only,latin,data/assam/2025_reservation/notification_reservation_hailakandi.pdf,5,notification_reservation_hailakandi.pdf,https://sec.assam.gov.in/pdf/panchayat-election/reservation/Notification reservation hailakandi.pdf,
Assam,2025,Hailakandi,Algapur,,Chandipur,33,,1,0,5,"1,3,6,7,10",,,8,,derived_from_printed_reserved_rows_only,latin,data/assam/2025_reservation/notification_reservation_hailakandi.pdf,5,notification_reservation_hailakandi.pdf,https://sec.assam.gov.in/pdf/panchayat-election/reservation/Notification reservation hailakandi.pdf,
Assam,2025,Hailakandi,Algapur,,Algapur Mohanpur,34,,0,0,5,"5,6,7,8,10",,,,,derived_from_printed_reserved_rows_only,latin,data/assam/2025_reservation/notification_reservation_hailakandi.pdf,6,notification_reservation_hailakandi.pdf,https://sec.assam.gov.in/pdf/panchayat-election/reservation/Notification reservation hailakandi.pdf,
Assam,2025,Hailakandi,Algapur,,Bashbari,35,,0,0,5,"1,3,4,5,6",,,,,derived_from_printed_reserved_rows_only,latin,data/assam/2025_reservation/notification_reservation_hailakandi.pdf,5,notification_reservation_hailakandi.pdf,https://sec.assam.gov.in/pdf/panchayat-election/reservation/Notification reservation hailakandi.pdf,
Assam,2025,Hailakandi,Algapur,,Sayedbond,36,,0,0,5,"3,4,7,9,10",,,,,derived_from_printed_reserved_rows_only,latin,data/assam/2025_reservation/notification_reservation_hailakandi.pdf,5,notification_reservation_hailakandi.pdf,https://sec.assam.gov.in/pdf/panchayat-election/reservation/Notification reservation hailakandi.pdf,
Assam,2025,Hailakandi,Algapur,,Bhatirkupa,37,,0,0,5,"2,3,6,8,10",,,,,derived_from_printed_reserved_rows_only,latin,data/assam/2025_reservation/notification_reservation_hailakandi.pdf,5,notification_reservation_hailakandi.pdf,https://sec.assam.gov.in/pdf/panchayat-election/reservation/Notification reservation hailakandi.pdf,
Assam,2025,Hailakandi,Algapur,,Chandpur Boalipar,38,,0,0,5,"1,2,5,6,10",,,,,derived_from_printed_reserved_rows_only,latin,data/assam/2025_reservation/notification_reservation_hailakandi.pdf,5,notification_reservation_hailakandi.pdf,https://sec.assam.gov.in/pdf/panchayat-election/reservation/Notification reservation hailakandi.pdf,
Assam,2025,Hailakandi,Algapur,,Seriespore,39,,1,0,5,"1,2,4,5,9",1,,,,derived_from_printed_reserved_rows_only,latin,data/assam/2025_reservation/notification_reservation_hailakandi.pdf,5,notification_reservation_hailakandi.pdf,https://sec.assam.gov.in/pdf/panchayat-election/reservation/Notification reservation hailakandi.pdf,
Assam,2025,Hailakandi,Algapur,,Narayanpur,40,,0,0,5,"4,6,7,9,10",,,,,derived_from_printed_reserved_rows_only,latin,data/assam/2025_reservation/notification_reservation_hailakandi.pdf,5,notification_reservation_hailakandi.pdf,https://sec.assam.gov.in/pdf/panchayat-election/reservation/Notification reservation hailakandi.pdf,
Assam,2025,Hailakandi,Algapur,,Nitainagar,41,,0,0,5,"2,3,4,5,9",,,,,derived_from_printed_reserved_rows_only,latin,data/assam/2025_reservation/notification_reservation_hailakandi.pdf,6,notification_reservation_hailakandi.pdf,https://sec.assam.gov.in/pdf/panchayat-election/reservation/Notification reservation hailakandi.pdf,
Assam,2025,Hailakandi,Algapur,,Rangauti,42,,0,0,5,"1,2,6,9,10",,,,,derived_from_printed_reserved_rows_only,latin,data/assam/2025_reservation/notification_reservation_hailakandi.pdf,6,notification_reservation_hailakandi.pdf,https://sec.assam.gov.in/pdf/panchayat-election/reservation/Notification reservation hailakandi.pdf,
Assam,2025,Hailakandi,Algapur,,Bahadurpur,43,,1,0,5,"1,3,6,9,10",,,5,,derived_from_printed_reserved_rows_only,latin,data/assam/2025_reservation/notification_reservation_hailakandi.pdf,6,notification_reservation_hailakandi.pdf,https://sec.assam.gov.in/pdf/panchayat-election/reservation/Notification reservation hailakandi.pdf,
Assam,2025,Hailakandi,Algapur,,Ratanpur,44,,0,0,5,"2,3,5,6,8",,,,,derived_from_printed_reserved_rows_only,latin,data/assam/2025_reservation/notification_reservation_hailakandi.pdf,7,notification_reservation_hailakandi.pdf,https://sec.assam.gov.in/pdf/panchayat-election/reservation/Notification reservation hailakandi.pdf,
Assam,2025,Hailakandi,Algapur,,Bondukmara Bar Hailakandi,45,,0,0,5,"1,2,5,7,9",,,,,derived_from_printed_reserved_rows_only,latin,data/assam/2025_reservation/notification_reservation_hailakandi.pdf,6,notification_reservation_hailakandi.pdf,https://sec.assam.gov.in/pdf/panchayat-election/reservation/Notification reservation hailakandi.pdf,
Assam,2025,Hailakandi,Algapur,,Bowerghat,46,,1,0,5,"1,2,6,7,8",6,,,,derived_from_printed_reserved_rows_only,latin,data/assam/2025_reservation/notification_reservation_hailakandi.pdf,6,notification_reservation_hailakandi.pdf,https://sec.assam.gov.in/pdf/panchayat-election/reservation/Notification reservation hailakandi.pdf,
Assam,2025,Hailakandi,Algapur,,Nimaichandpur,47,,1,0,5,"4,6,8,9,10",4,,,,derived_from_printed_reserved_rows_only,latin,data/assam/2025_reservation/notification_reservation_hailakandi.pdf,6,notification_reservation_hailakandi.pdf,https://sec.assam.gov.in/pdf/panchayat-election/reservation/Notification reservation hailakandi.pdf,
Assam,2025,Hailakandi,Lala,,Kanchanpur,48,,0,0,5,"3,5,6,8,9",,,,,derived_from_printed_reserved_rows_only,latin,data/assam/2025_reservation/notification_reservation_hailakandi.pdf,9,notification_reservation_hailakandi.pdf,https://sec.assam.gov.in/pdf/panchayat-election/reservation/Notification reservation hailakandi.pdf,
Assam,2025,Hailakandi,Lala,,Pachim Kitterbond,49,,0,0,5,"3,4,6,7,10",,,,,derived_from_printed_reserved_rows_only,latin,data/assam/2025_reservation/notification_reservation_hailakandi.pdf,10,notification_reservation_hailakandi.pdf,https://sec.assam.gov.in/pdf/panchayat-election/reservation/Notification reservation hailakandi.pdf,
Assam,2025,Hailakandi,Lala,,Tantoo,50,,0,0,5,"3,5,6,9,10",,,,,derived_from_printed_reserved_rows_only,latin,data/assam/2025_reservation/notification_reservation_hailakandi.pdf,9,notification_reservation_hailakandi.pdf,https://sec.assam.gov.in/pdf/panchayat-election/reservation/Notification reservation hailakandi.pdf,
Assam,2025,Hailakandi,Lala,,Dhanipur Bhabanipur,51,,1,0,5,"1,2,3,6,8",2,,,,derived_from_printed_reserved_rows_only,latin,data/assam/2025_reservation/notification_reservation_hailakandi.pdf,9,notification_reservation_hailakandi.pdf,https://sec.assam.gov.in/pdf/panchayat-election/reservation/Notification reservation hailakandi.pdf,
Assam,2025,Hailakandi,Lala,,Rongpur Ramchandi,52,,0,0,5,"3,4,7,9,10",,,,,derived_from_printed_reserved_rows_only,latin,data/assam/2025_reservation/notification_reservation_hailakandi.pdf,10,notification_reservation_hailakandi.pdf,https://sec.assam.gov.in/pdf/panchayat-election/reservation/Notification reservation hailakandi.pdf,
Assam,2025,Hailakandi,Lala,,Nizvernerpur Sarbanandapur,53,,1,0,5,"2,3,6,8,9",3,,,,derived_from_printed_reserved_rows_only,latin,data/assam/2025_reservation/notification_reservation_hailakandi.pdf,10,notification_reservation_hailakandi.pdf,https://sec.assam.gov.in/pdf/panchayat-election/reservation/Notification reservation hailakandi.pdf,
Assam,2025,Hailakandi,Lala,,Joykrishnapur,54,,0,0,5,"1,3,8,9,10",,,,,derived_from_printed_reserved_rows_only,latin,data/assam/2025_reservation/notification_reservation_hailakandi.pdf,10,notification_reservation_hailakandi.pdf,https://sec.assam.gov.in/pdf/panchayat-election/reservation/Notification reservation hailakandi.pdf,
Assam,2025,Hailakandi,Lala,,Mohammadpur Sahabad,55,,1,0,5,"3,4,6,8,9",,,2,,derived_from_printed_reserved_rows_only,latin,data/assam/2025_reservation/notification_reservation_hailakandi.pdf,10,notification_reservation_hailakandi.pdf,https://sec.assam.gov.in/pdf/panchayat-election/reservation/Notification reservation hailakandi.pdf,
Assam,2025,Hailakandi,Lala,,Appin Dinonathpur,56,,0,0,5,"1,4,7,9,10",,,,,derived_from_printed_reserved_rows_only,latin,data/assam/2025_reservation/notification_reservation_hailakandi.pdf,11,notification_reservation_hailakandi.pdf,https://sec.assam.gov.in/pdf/panchayat-election/reservation/Notification reservation hailakandi.pdf,
Assam,2025,Hailakandi,Lala,,Dholai Molai,57,,0,0,5,"1,3,5,6,9",,,,,derived_from_printed_reserved_rows_only,latin,data/assam/2025_reservation/notification_reservation_hailakandi.pdf,10,notification_reservation_hailakandi.pdf,https://sec.assam.gov.in/pdf/panchayat-election/reservation/Notification reservation hailakandi.pdf,
Assam,2025,Hailakandi,Lala,,Protapnagar,58,,0,0,5,"5,6,8,9,10",,,,,derived_from_printed_reserved_rows_only,latin,data/assam/2025_reservation/notification_reservation_hailakandi.pdf,9,notification_reservation_hailakandi.pdf,https://sec.assam.gov.in/pdf/panchayat-election/reservation/Notification reservation hailakandi.pdf,
Assam,2025,Hailakandi,Lala,,Dariarghat Boldaboldi,59,,1,0,5,"3,7,8,9,10",,,6,,derived_from_printed_reserved_rows_only,latin,data/assam/2025_reservation/notification_reservation_hailakandi.pdf,9,notification_reservation_hailakandi.pdf,https://sec.assam.gov.in/pdf/panchayat-election/reservation/Notification reservation hailakandi.pdf,
Assam,2025,Hailakandi,Lala,,Paloicherra,60,,2,0,5,"3,6,7,8,10",8,,5,,derived_from_printed_reserved_rows_only,latin,data/assam/2025_reservation/notification_reservation_hailakandi.pdf,9,notification_reservation_hailakandi.pdf,https://sec.assam.gov.in/pdf/panchayat-election/reservation/Notification reservation hailakandi.pdf,
Assam,2025,Hailakandi,Lala,,Jamira,61,,1,0,5,"1,3,6,8,10",,,9,,derived_from_printed_reserved_rows_only,latin,data/assam/2025_reservation/notification_reservation_hailakandi.pdf,11,notification_reservation_hailakandi.pdf,https://sec.assam.gov.in/pdf/panchayat-election/reservation/Notification reservation hailakandi.pdf,
Assam,2025,Hailakandi,Lala,,Jalnacherra Killarbak,62,,0,0,5,"2,3,6,7,8",,,,,derived_from_printed_reserved_rows_only,latin,data/assam/2025_reservation/notification_reservation_hailakandi.pdf,10,notification_reservation_hailakandi.pdf,https://sec.assam.gov.in/pdf/panchayat-election/reservation/Notification reservation hailakandi.pdf,
Assam,2025,South Salmara-Mankachar,,,Jhagrarchar,1,10,0,0,5,"1,3,5,7,9",,,,,derived_from_complete_printed_ward_table,latin,data/assam/2025_reservation/south_salmara_reservation.pdf,4,south_salmara_reservation.pdf,https://sec.assam.gov.in/pdf/panchayat-election/reservation/south-salmara-reservation.pdf,
Assam,2025,South Salmara-Mankachar,,,Kakripara,2,10,0,0,5,"1,3,5,7,9",,,,,derived_from_complete_printed_ward_table,latin,data/assam/2025_reservation/south_salmara_reservation.pdf,4,south_salmara_reservation.pdf,https://sec.assam.gov.in/pdf/panchayat-election/reservation/south-salmara-reservation.pdf,
Assam,2025,South Salmara-Mankachar,,,Thakuranbari,3,10,0,0,5,"1,3,5,7,9",,,,,derived_from_complete_printed_ward_table,latin,data/assam/2025_reservation/south_salmara_reservation.pdf,4,south_salmara_reservation.pdf,https://sec.assam.gov.in/pdf/panchayat-election/reservation/south-salmara-reservation.pdf,
Assam,2025,South Salmara-Mankachar,,,Mankachar West,4,10,1,0,5,"1,3,5,7,9",9,,,,derived_from_complete_printed_ward_table,latin,data/assam/2025_reservation/south_salmara_reservation.pdf,4,south_salmara_reservation.pdf,https://sec.assam.gov.in/pdf/panchayat-election/reservation/south-salmara-reservation.pdf,
Assam,2025,South Salmara-Mankachar,,,Mankachar Bazar,5,10,1,0,5,"1,3,5,7,9",9,,,,derived_from_complete_printed_ward_table,latin,data/assam/2025_reservation/south_salmara_reservation.pdf,4,south_salmara_reservation.pdf,https://sec.assam.gov.in/pdf/panchayat-election/reservation/south-salmara-reservation.pdf,
Assam,2025,South Salmara-Mankachar,,,Mankachar East,6,10,1,0,5,"1,3,5,8,9",8,,,,derived_from_complete_printed_ward_table,latin,data/assam/2025_reservation/south_salmara_reservation.pdf,4,south_salmara_reservation.pdf,https://sec.assam.gov.in/pdf/panchayat-election/reservation/south-salmara-reservation.pdf,
Assam,2025,South Salmara-Mankachar,,,Kuchnimara Jordanga,7,10,0,0,5,"1,3,5,7,9",,,,,derived_from_complete_printed_ward_table,latin,data/assam/2025_reservation/south_salmara_reservation.pdf,4,south_salmara_reservation.pdf,https://sec.assam.gov.in/pdf/panchayat-election/reservation/south-salmara-reservation.pdf,
Assam,2025,South Salmara-Mankachar,,,Jhawdanga,8,10,0,0,5,"1,3,5,7,9",,,,,derived_from_complete_printed_ward_table,latin,data/assam/2025_reservation/south_salmara_reservation.pdf,4,south_salmara_reservation.pdf,https://sec.assam.gov.in/pdf/panchayat-election/reservation/south-salmara-reservation.pdf,
Assam,2025,South Salmara-Mankachar,,,Jhalorchar Nayagaon,9,10,0,0,5,"1,3,5,7,9",,,,,derived_from_complete_printed_ward_table,latin,data/assam/2025_reservation/south_salmara_reservation.pdf,4,south_salmara_reservation.pdf,https://sec.assam.gov.in/pdf/panchayat-election/reservation/south-salmara-reservation.pdf,
Assam,2025,South Salmara-Mankachar,,,Bengervita,10,10,0,0,5,"1,3,5,7,9",,,,,derived_from_complete_printed_ward_table,latin,data/assam/2025_reservation/south_salmara_reservation.pdf,4,south_salmara_reservation.pdf,https://sec.assam.gov.in/pdf/panchayat-election/reservation/south-salmara-reservation.pdf,
Assam,2025,South Salmara-Mankachar,,,Baghapara,11,10,0,1,5,"1,4,5,7,9",,4,,,derived_from_complete_printed_ward_table,latin,data/assam/2025_reservation/south_salmara_reservation.pdf,4,south_salmara_reservation.pdf,https://sec.assam.gov.in/pdf/panchayat-election/reservation/south-salmara-reservation.pdf,
Assam,2025,South Salmara-Mankachar,,,Pankata,12,10,0,1,5,"1,3,5,7,9",,,,6,derived_from_complete_printed_ward_table,latin,data/assam/2025_reservation/south_salmara_reservation.pdf,4,south_salmara_reservation.pdf,https://sec.assam.gov.in/pdf/panchayat-election/reservation/south-salmara-reservation.pdf,
Assam,2025,South Salmara-Mankachar,,,Kalapani,13,10,0,0,5,"1,3,5,7,9",,,,,derived_from_complete_printed_ward_table,latin,data/assam/2025_reservation/south_salmara_reservation.pdf,4,south_salmara_reservation.pdf,https://sec.assam.gov.in/pdf/panchayat-election/reservation/south-salmara-reservation.pdf,
Assam,2025,South Salmara-Mankachar,,,Dhanua,14,10,0,0,5,"1,3,5,7,9",,,,,derived_from_complete_printed_ward_table,latin,data/assam/2025_reservation/south_salmara_reservation.pdf,4,south_salmara_reservation.pdf,https://sec.assam.gov.in/pdf/panchayat-election/reservation/south-salmara-reservation.pdf,
Assam,2025,South Salmara-Mankachar,,,Manullapara,15,10,0,0,5,"1,3,5,7,9",,,,,derived_from_complete_printed_ward_table,latin,data/assam/2025_reservation/south_salmara_reservation.pdf,4,south_salmara_reservation.pdf,https://sec.assam.gov.in/pdf/panchayat-election/reservation/south-salmara-reservation.pdf,
Assam,2025,South Salmara-Mankachar,,,Bhurakata,16,10,0,0,5,"1,3,5,7,9",,,,,derived_from_complete_printed_ward_table,latin,data/assam/2025_reservation/south_salmara_reservation.pdf,4,south_salmara_reservation.pdf,https://sec.assam.gov.in/pdf/panchayat-election/reservation/south-salmara-reservation.pdf,
Assam,2025,South Salmara-Mankachar,,,Pathuria,17,10,0,0,5,"1,3,5,7,9",,,,,derived_from_complete_printed_ward_table,latin,data/assam/2025_reservation/south_salmara_reservation.pdf,4,south_salmara_reservation.pdf,https://sec.assam.gov.in/pdf/panchayat-election/reservation/south-salmara-reservation.pdf,
Assam,2025,South Salmara-Mankachar,,,Kukurmara,18,10,1,0,5,"1,3,5,7,9",,,6,,derived_from_complete_printed_ward_table,latin,data/assam/2025_reservation/south_salmara_reservation.pdf,4,south_salmara_reservation.pdf,https://sec.assam.gov.in/pdf/panchayat-election/reservation/south-salmara-reservation.pdf,
Assam,2025,South Salmara-Mankachar,,,Kathalbari,19,10,0,0,5,"1,3,5,7,9",,,,,derived_from_complete_printed_ward_table,latin,data/assam/2025_reservation/south_salmara_reservation.pdf,4,south_salmara_reservation.pdf,https://sec.assam.gov.in/pdf/panchayat-election/reservation/south-salmara-reservation.pdf,
Assam,2025,South Salmara-Mankachar,,,Puran Diara,20,10,0,0,5,"1,3,5,7,9",,,,,derived_from_complete_printed_ward_table,latin,data/assam/2025_reservation/south_salmara_reservation.pdf,4,south_salmara_reservation.pdf,https://sec.assam.gov.in/pdf/panchayat-election/reservation/south-salmara-reservation.pdf,
Assam,2025,South Salmara-Mankachar,,,Kanaimara,21,10,0,0,5,"1,3,5,7,9",,,,,derived_from_complete_printed_ward_table,latin,data/assam/2025_reservation/south_salmara_reservation.pdf,4,south_salmara_reservation.pdf,https://sec.assam.gov.in/pdf/panchayat-election/reservation/south-salmara-reservation.pdf,
Assam,2025,South Salmara-Mankachar,,,Fekamari,22,10,0,0,5,"1,3,5,7,9",,,,,derived_from_complete_printed_ward_table,latin,data/assam/2025_reservation/south_salmara_reservation.pdf,4,south_salmara_reservation.pdf,https://sec.assam.gov.in/pdf/panchayat-election/reservation/south-salmara-reservation.pdf,
Assam,2025,South Salmara-Mankachar,,,Fulerchar,23,10,0,0,5,"1,3,5,7,9",,,,,derived_from_complete_printed_ward_table,latin,data/assam/2025_reservation/south_salmara_reservation.pdf,4,south_salmara_reservation.pdf,https://sec.assam.gov.in/pdf/panchayat-election/reservation/south-salmara-reservation.pdf,
Assam,2025,South Salmara-Mankachar,,,Malir Alga,24,10,0,0,5,"1,3,5,7,9",,,,,derived_from_complete_printed_ward_table,latin,data/assam/2025_reservation/south_salmara_reservation.pdf,4,south_salmara_reservation.pdf,https://sec.assam.gov.in/pdf/panchayat-election/reservation/south-salmara-reservation.pdf,
Assam,2025,South Salmara-Mankachar,,,Borair Alga,25,10,0,0,5,"1,3,5,7,9",,,,,derived_from_complete_printed_ward_table,latin,data/assam/2025_reservation/south_salmara_reservation.pdf,4,south_salmara_reservation.pdf,https://sec.assam.gov.in/pdf/panchayat-election/reservation/south-salmara-reservation.pdf,
Assam,2025,South Salmara-Mankachar,,,Sukchar,26,10,0,0,5,"1,3,5,7,9",,,,,derived_from_complete_printed_ward_table,latin,data/assam/2025_reservation/south_salmara_reservation.pdf,4,south_salmara_reservation.pdf,https://sec.assam.gov.in/pdf/panchayat-election/reservation/south-salmara-reservation.pdf,
Assam,2025,South Salmara-Mankachar,,,Molakhowa,27,10,0,0,5,"1,3,5,7,9",,,,,derived_from_complete_printed_ward_table,latin,data/assam/2025_reservation/south_salmara_reservation.pdf,4,south_salmara_reservation.pdf,https://sec.assam.gov.in/pdf/panchayat-election/reservation/south-salmara-reservation.pdf,
Assam,2025,South Salmara-Mankachar,,,Gotabari Khopati,28,10,0,0,5,"1,3,5,7,9",,,,,derived_from_complete_printed_ward_table,latin,data/assam/2025_reservation/south_salmara_reservation.pdf,4,south_salmara_reservation.pdf,https://sec.assam.gov.in/pdf/panchayat-election/reservation/south-salmara-reservation.pdf,
Assam,2025,South Salmara-Mankachar,,,Hazirhat,29,10,0,0,5,"1,3,5,7,9",,,,,derived_from_complete_printed_ward_table,latin,data/assam/2025_reservation/south_salmara_reservation.pdf,4,south_salmara_reservation.pdf,https://sec.assam.gov.in/pdf/panchayat-election/reservation/south-salmara-reservation.pdf,
Assam,2025,South Salmara-Mankachar,,,Patakata,30,10,0,0,5,"1,3,5,7,9",,,,,derived_from_complete_printed_ward_table,latin,data/assam/2025_reservation/south_salmara_reservation.pdf,4,south_salmara_reservation.pdf,https://sec.assam.gov.in/pdf/panchayat-election/reservation/south-salmara-reservation.pdf,
Assam,2025,South Salmara-Mankachar,,,Tumni,31,10,0,0,5,"1,3,5,7,9",,,,,derived_from_complete_printed_ward_table,latin,data/assam/2025_reservation/south_salmara_reservation.pdf,4,south_salmara_reservation.pdf,https://sec.assam.gov.in/pdf/panchayat-election/reservation/south-salmara-reservation.pdf,
Assam,2025,South Salmara-Mankachar,,,Monirchar,32,10,1,0,5,"1,3,5,7,9",,,2,,derived_from_complete_printed_ward_table,latin,data/assam/2025_reservation/south_salmara_reservation.pdf,4,south_salmara_reservation.pdf,https://sec.assam.gov.in/pdf/panchayat-election/reservation/south-salmara-reservation.pdf,
Assam,2025,South Salmara-Mankachar,,,Baladoba,33,10,1,0,5,"1,3,5,7,9",,,4,,derived_from_complete_printed_ward_table,latin,data/assam/2025_reservation/south_salmara_reservation.pdf,4,south_salmara_reservation.pdf,https://sec.assam.gov.in/pdf/panchayat-election/reservation/south-salmara-reservation.pdf,
Assam,2025,South Salmara-Mankachar,,,Dakhin Salmara,34,10,1,0,5,"1,3,5,7,9",7,,,,derived_from_complete_printed_ward_table,latin,data/assam/2025_reservation/south_salmara_reservation.pdf,4,south_salmara_reservation.pdf,https://sec.assam.gov.in/pdf/panchayat-election/reservation/south-salmara-reservation.pdf,
Assam,2025,South Salmara-Mankachar,,,Seboltari,35,10,0,0,5,"1,3,5,7,9",,,,,derived_from_complete_printed_ward_table,latin,data/assam/2025_reservation/south_salmara_reservation.pdf,4,south_salmara_reservation.pdf,https://sec.assam.gov.in/pdf/panchayat-election/reservation/south-salmara-reservation.pdf,
