file,url,wayback_timestamp,sha256,bytes
TZP_Elected_Members_2016_TP_Bagalakote_Badami.pdf,http://karsec.gov.in:80/TZP-2016/TZP_Elected_Members_2016/TP_Bagalakote_Badami.pdf,20170722055633,f5fd7da50f63df8c14df02560a91adb1ad74e3a6906eab71597d0fb374640fe3,213679
TZP_Elected_Members_2016_TP_Bagalakote_Bagalakote.pdf,http://karsec.gov.in:80/TZP-2016/TZP_Elected_Members_2016/TP_Bagalakote_Bagalakote.pdf,20170722060319,62975d008fb3c44b55b82ecd41f923ec6d915688fd9d8d604c07449f5848d04d,161069
TZP_Elected_Members_2016_TP_Bagalakote_Beelagi.pdf,http://karsec.gov.in:80/TZP-2016/TZP_Elected_Members_2016/TP_Bagalakote_Beelagi.pdf,20170722055638,7f703165a209c7a65beead694104bfaf101c8f49c789c88ae24a22f3dadd80a9,145488
TZP_Elected_Members_2016_TP_Bagalakote_Hunagund.pdf,http://karsec.gov.in:80/TZP-2016/TZP_Elected_Members_2016/TP_Bagalakote_Hunagund.pdf,20170722055646,a39a3aff6134c80aa83a380307206ada8f65855278a0dbff56d0875348dd970f,209431
TZP_Elected_Members_2016_TP_Bagalakote_Jamakhandi.pdf,http://karsec.gov.in:80/TZP-2016/TZP_Elected_Members_2016/TP_Bagalakote_Jamakhandi.pdf,20170722054809,131f35286641c0901cb5ee966781cc014897a7bc431a3fcbe0470fb314a8a40f,239724
TZP_Elected_Members_2016_TP_Bagalakote_Mudhol.pdf,http://karsec.gov.in:80/TZP-2016/TZP_Elected_Members_2016/TP_Bagalakote_Mudhol.pdf,20170722055650,d7bca14dc2f1fb198470f967394d48d3fdab7085988b4961e78c5545a1954de3,398854
TZP_Elected_Members_2016_TP_Ballari_Ballari.pdf,http://karsec.gov.in:80/TZP-2016/TZP_Elected_Members_2016/TP_Ballari_Ballari.pdf,20170722055654,f8b3702cd8097830b4e247ea6e803a86ce530f691dc40ba0726f4b8a5d3024cb,268296
TZP_Elected_Members_2016_TP_Ballari_HBHalli.pdf,http://karsec.gov.in:80/TZP-2016/TZP_Elected_Members_2016/TP_Ballari_HBHalli.pdf,20170722055658,b286e2634657a394fa0a8018e3893bbf1b670dfd4acc9519887b8a958e6098d3,166219
TZP_Elected_Members_2016_TP_Ballari_Hadagali.pdf,http://karsec.gov.in:80/TZP-2016/TZP_Elected_Members_2016/TP_Ballari_Hadagali.pdf,20170722060325,84efcec94305e761841678428c43b3b242259ed73695358c1e64a289dabc5d8e,179531
TZP_Elected_Members_2016_TP_Ballari_Hospet.pdf,http://karsec.gov.in:80/TZP-2016/TZP_Elected_Members_2016/TP_Ballari_Hospet.pdf,20160804054838,72683d8bbb8ec9ab8a7a652a5a934c827586f48a90068b1a6d696dfbef46de1f,241637
TZP_Elected_Members_2016_TP_Ballari_Kudligi.pdf,http://karsec.gov.in:80/TZP-2016/TZP_Elected_Members_2016/TP_Ballari_Kudligi.pdf,20170722055704,0a18df5c21ab94b62a51e184f48e6574822ce3ecbf4920882c9098c79d63c7ff,279651
TZP_Elected_Members_2016_TP_Ballari_Sandur.pdf,http://karsec.gov.in:80/TZP-2016/TZP_Elected_Members_2016/TP_Ballari_Sandur.pdf,20170722060336,1b717190f63ff6f47c3eb3a368e4be31db504cc29fcdf76b6815aec0fa72c019,179956
TZP_Elected_Members_2016_TP_Ballari_Siruguppa.pdf,http://karsec.gov.in:80/TZP-2016/TZP_Elected_Members_2016/TP_Ballari_Siruguppa.pdf,20170722055708,3d787f3e9adaa33e8fbec8faf61126fff2c42992bbb55e2f5f8841b2a20b5308,209282
TZP_Elected_Members_2016_TP_Belagavi_Athani.pdf,http://karsec.gov.in:80/TZP-2016/TZP_Elected_Members_2016/TP_Belagavi_Athani.pdf,20170722060345,86c7e9a101fed88aead135b3c21d9e5e0fa8a22da4b0dff18973fb8134b4dfd5,473453
TZP_Elected_Members_2016_TP_Belagavi_Belagavi.pdf,http://karsec.gov.in:80/TZP-2016/TZP_Elected_Members_2016/TP_Belagavi_Belagavi.pdf,20170722064818,09497a0f854494590df2ed43a531a582181cfd2f655aace907108f911354b3cf,256873
TZP_Elected_Members_2016_TP_Belagavi_Bylahongala.pdf,http://karsec.gov.in:80/TZP-2016/TZP_Elected_Members_2016/TP_Belagavi_Bylahongala.pdf,20170722054921,f96f066ca3de93bfe260552e555444f4d0f49aca895c68c6d929fd98c22bac83,625332
TZP_Elected_Members_2016_TP_Belagavi_Chikkodi.pdf,http://karsec.gov.in:80/TZP-2016/TZP_Elected_Members_2016/TP_Belagavi_Chikkodi.pdf,20170722064823,b24f8c001f9d811b614b9964f2b46692467acf932fe1bbe91600a85671fd4503,266908
TZP_Elected_Members_2016_TP_Belagavi_Gokak.pdf,http://karsec.gov.in:80/TZP-2016/TZP_Elected_Members_2016/TP_Belagavi_Gokak.pdf,20170722054923,1ce4d66b69b4b30bd153f88b34f143354be06c1c2a11652bbd46963dfc988531,577815
TZP_Elected_Members_2016_TP_Belagavi_Hukkeri.pdf,http://karsec.gov.in:80/TZP-2016/TZP_Elected_Members_2016/TP_Belagavi_Hukkeri.pdf,20170722055713,40371ac9a4e87f082b72d51739430082893ee474ce3c134168f556c040fd50ce,205939
TZP_Elected_Members_2016_TP_Belagavi_Khanapur.pdf,http://karsec.gov.in:80/TZP-2016/TZP_Elected_Members_2016/TP_Belagavi_Khanapur.pdf,20170722054928,fc824b9e11e7bef6cddda39f29e66a9701a8a7f7ac22dd8a9ba991e4981f929b,373177
TZP_Elected_Members_2016_TP_Belagavi_Raibagh.pdf,http://karsec.gov.in:80/TZP-2016/TZP_Elected_Members_2016/TP_Belagavi_Raibagh.pdf,20170722054935,7c4a902237b807ed7ce2204b9856fe88a3fed1e5e8452a02bc65e9772bedfac0,583227
TZP_Elected_Members_2016_TP_Belagavi_Ramadurga.pdf,http://karsec.gov.in:80/TZP-2016/TZP_Elected_Members_2016/TP_Belagavi_Ramadurga.pdf,20170722060351,05a79e6e2a4274edbdd3d6674ba9eb6e754f14f3f7552b077827b396821ddbcf,536778
TZP_Elected_Members_2016_TP_Belagavi_Savadatti.pdf,http://karsec.gov.in:80/TZP-2016/TZP_Elected_Members_2016/TP_Belagavi_Savadatti.pdf,20170722054938,0a8a48af691e038732b85a038a7ce090cbae9cf053fdb74a9411f7f2a7a11f13,335378
TZP_Elected_Members_2016_TP_Bidar_Aurad.pdf,http://karsec.gov.in:80/TZP-2016/TZP_Elected_Members_2016/TP_Bidar_Aurad.pdf,20170722055718,e56ed472dfd3f2ecf67f36b416ac04a576b978ac5caa9c697987dc2121dfd672,219185
TZP_Elected_Members_2016_TP_Bidar_Basavakalyan.pdf,http://karsec.gov.in:80/TZP-2016/TZP_Elected_Members_2016/TP_Bidar_Basavakalyan.pdf,20170722060354,1f41d8dbbf4723d40fb398449ec5a1c9fae0016af3c5855d99ea9176d5389886,194255
TZP_Elected_Members_2016_TP_Bidar_Bhalki.pdf,http://karsec.gov.in:80/TZP-2016/TZP_Elected_Members_2016/TP_Bidar_Bhalki.pdf,20170722060358,4fe1f92c050bf83d854dc39a284a1cacbc5f29410bf7f572728abbdb900f9acd,264975
TZP_Elected_Members_2016_TP_Bidar_Bidar.pdf,http://karsec.gov.in:80/TZP-2016/TZP_Elected_Members_2016/TP_Bidar_Bidar.pdf,20170722054943,4006bfacfbf77e047a4f4bb98cd02fc4165734cdd71d4d8e865fc16665be75e7,240903
TZP_Elected_Members_2016_TP_Bidar_Humnabad.pdf,http://karsec.gov.in:80/TZP-2016/TZP_Elected_Members_2016/TP_Bidar_Humnabad.pdf,20170722060403,480cfeac5ff622526ff06faa9f35044a1f184b1072bcee1f319e7d73514a529a,225326
TZP_Elected_Members_2016_TP_Chamarajanagara_Chamarajanagara.pdf,http://karsec.gov.in:80/TZP-2016/TZP_Elected_Members_2016/TP_Chamarajanagara_Chamarajanagara.pdf,20170722055725,e9acecc5bea16ffdb2f8c9081b40fdbbab7dee893d3e4de911a8761bbcee2918,831939
TZP_Elected_Members_2016_TP_Chamarajanagara_Gundlupete.pdf,http://karsec.gov.in:80/TZP-2016/TZP_Elected_Members_2016/TP_Chamarajanagara_Gundlupete.pdf,20170722064830,78acde7c2b5764392d0d788f0aac72f6c7231767269bfdba2d6f04b8bf2335f1,451254
TZP_Elected_Members_2016_TP_Chamarajanagara_Kollegala.pdf,http://karsec.gov.in:80/TZP-2016/TZP_Elected_Members_2016/TP_Chamarajanagara_Kollegala.pdf,20170722055731,1efaca0e45cc07abf3f60d783621f10965710f7315dfa431d0ddd7616826d3d4,1016100
TZP_Elected_Members_2016_TP_Chamarajanagara_Yelanduru.pdf,http://karsec.gov.in:80/TZP-2016/TZP_Elected_Members_2016/TP_Chamarajanagara_Yelanduru.pdf,20170722064834,af6786dc6de243ea6da686c913b0145e58598cf7c7980462aa08d55501ee2adf,173349
TZP_Elected_Members_2016_TP_Chikkaballapura_Bagepalli.pdf,http://karsec.gov.in:80/TZP-2016/TZP_Elected_Members_2016/TP_Chikkaballapura_Bagepalli.pdf,20170722055733,2434975193d5ae5c31a43343073ae6d8e7d0913fbde0c18a0b57e8592e23f280,165883
TZP_Elected_Members_2016_TP_Chikkaballapura_Chikkaballapura.pdf,http://karsec.gov.in:80/TZP-2016/TZP_Elected_Members_2016/TP_Chikkaballapura_Chikkaballapura.pdf,20170722064842,a856c7d5b9eab18cf8d342cb09b6a832f42925a8b7d868786878a9092d2f8627,168024
TZP_Elected_Members_2016_TP_Chikkaballapura_Gowribidanuru.pdf,http://karsec.gov.in:80/TZP-2016/TZP_Elected_Members_2016/TP_Chikkaballapura_Gowribidanuru.pdf,20170722060622,2dd13b0657b6bc8751315b8bd74e6b65a630aff226f24ebe4faea751d332b37b,237584
TZP_Elected_Members_2016_TP_Chikkaballapura_Gudibande.pdf,http://karsec.gov.in:80/TZP-2016/TZP_Elected_Members_2016/TP_Chikkaballapura_Gudibande.pdf,20170722064843,41dad35254d3acd881454af72288ae86af70a02fcf0c27735be8696542534db6,144274
TZP_Elected_Members_2016_TP_Chikkaballapura_Shidlaghatta.pdf,http://karsec.gov.in:80/TZP-2016/TZP_Elected_Members_2016/TP_Chikkaballapura_Shidlaghatta.pdf,20170722060626,dfc969d1ac425f838c286c749e3d564e85843c45618fb7f7cda8a0f897bb4483,169632
TZP_Elected_Members_2016_TP_Chikkamagalur_Chikkamagalur.pdf,http://karsec.gov.in:80/TZP-2016/TZP_Elected_Members_2016/TP_Chikkamagalur_Chikkamagalur.pdf,20170722060634,0bffdea5e8da699318f362e7a25af7942ee80d61ebd722ddd7f61e52b086c55c,478682
TZP_Elected_Members_2016_TP_Chikkamagalur_Kadur.pdf,http://karsec.gov.in:80/TZP-2016/TZP_Elected_Members_2016/TP_Chikkamagalur_Kadur.pdf,20170722055739,9795878da93827b2731c0f74520717ee258f481fd97229485875cd84f1f8eb60,618145
TZP_Elected_Members_2016_TP_Chikkamagalur_Koppa.pdf,http://karsec.gov.in:80/TZP-2016/TZP_Elected_Members_2016/TP_Chikkamagalur_Koppa.pdf,20170722064850,93ea16ce05570a8610a2405c5f4bb1e9f7be25a03f0835e36a98f1ab3037dbf4,553253
TZP_Elected_Members_2016_TP_Chikkamagalur_Mudigere.pdf,http://karsec.gov.in:80/TZP-2016/TZP_Elected_Members_2016/TP_Chikkamagalur_Mudigere.pdf,20170722055743,c1d0a1b491db13ed33ae5bd4aafdc992b1ad39a4f6d79a02659b0d682b3ee2d0,166819
TZP_Elected_Members_2016_TP_Chikkamagalur_NRpura.pdf,http://karsec.gov.in:80/TZP-2016/TZP_Elected_Members_2016/TP_Chikkamagalur_NRpura.pdf,20170722055751,f4bcd4ff6ba1d0a3498bad0432fd6b37c9a00074dd8c1ee451cfb8a8bb2e6206,663582
TZP_Elected_Members_2016_TP_Chikkamagalur_Shringeri.pdf,http://karsec.gov.in:80/TZP-2016/TZP_Elected_Members_2016/TP_Chikkamagalur_Shringeri.pdf,20170722060639,8831ee49c375612671816a3c7efa0577caf000ada3289aad994c4224ed067048,482420
TZP_Elected_Members_2016_TP_Chikkamagalur_Tarikere.pdf,http://karsec.gov.in:80/TZP-2016/TZP_Elected_Members_2016/TP_Chikkamagalur_Tarikere.pdf,20170722064854,513353fcaa60c1c72c341af73391912bf7bfb7c1f105782985b261b3c9ca4303,416445
TZP_Elected_Members_2016_TP_Chitradurga_Chellakere.pdf,http://karsec.gov.in:80/TZP-2016/TZP_Elected_Members_2016/TP_Chitradurga_Chellakere.pdf,20170722064859,548bc1b883a7c9a27a8459c40cdd9ebb9ae19de8ffc37883f2875c991890adec,250703
TZP_Elected_Members_2016_TP_Chitradurga_Chitradurga.pdf,http://karsec.gov.in:80/TZP-2016/TZP_Elected_Members_2016/TP_Chitradurga_Chitradurga.pdf,20170722064906,a0ea33829d56c6c31f72faeab82944e103a37e7411ff65486e72c441c4e185ef,239789
TZP_Elected_Members_2016_TP_Chitradurga_Hiriyuru.pdf,http://karsec.gov.in:80/TZP-2016/TZP_Elected_Members_2016/TP_Chitradurga_Hiriyuru.pdf,20170722055753,7d99962c020582d04a912ffb34dc10fc272e4ca0eb6e374f42f6808af80f4609,245358
TZP_Elected_Members_2016_TP_Chitradurga_Holalkere.pdf,http://karsec.gov.in:80/TZP-2016/TZP_Elected_Members_2016/TP_Chitradurga_Holalkere.pdf,20170722055758,55bd92469634762cfcc175325db3c46855e1276b4d3161e3cb332824d8536da7,192535
TZP_Elected_Members_2016_TP_Chitradurga_Hosadurga.pdf,http://karsec.gov.in:80/TZP-2016/TZP_Elected_Members_2016/TP_Chitradurga_Hosadurga.pdf,20170722055803,8869a8cf7d543e412f2a3d73aa72c2266e977e224b2c76576df52f84a1a658b5,180601
TZP_Elected_Members_2016_TP_Chitradurga_Molakalmuru.pdf,http://karsec.gov.in:80/TZP-2016/TZP_Elected_Members_2016/TP_Chitradurga_Molakalmuru.pdf,20170722055808,2615e2742d7fed8609715beffd0113b4ebbac94178b0ef498ecb59fe94c8bfd8,180471
TZP_Elected_Members_2016_TP_DK_Bantwala.pdf,http://karsec.gov.in:80/TZP-2016/TZP_Elected_Members_2016/TP_DK_Bantwala.pdf,20170722060649,05abe47182756259b0df5e06fca51c24e78a864f8aef9b0af86b82058aaa0bdb,1548489
TZP_Elected_Members_2016_TP_DK_Beltangadi.pdf,http://karsec.gov.in:80/TZP-2016/TZP_Elected_Members_2016/TP_DK_Beltangadi.pdf,20170722064911,f44ea2854a984c37d897e44758bbe57c4a7650e08b1dc3e3e1a2d73a600d9059,800160
TZP_Elected_Members_2016_TP_DK_Mangalore.pdf,http://karsec.gov.in:80/TZP-2016/TZP_Elected_Members_2016/TP_DK_Mangalore.pdf,20170722055817,188b233cdc99e9e0d999ad69c9d7093b5c6a47e0b7f208fc7d9e8869125fee4d,854177
TZP_Elected_Members_2016_TP_DK_Puttur.pdf,http://karsec.gov.in:80/TZP-2016/TZP_Elected_Members_2016/TP_DK_Puttur.pdf,20170722055822,37208066f77be139447c6f4d0680dc664b264bff5c492c4206f903a479a0729f,1279685
TZP_Elected_Members_2016_TP_DK_Sulya.pdf,http://karsec.gov.in:80/TZP-2016/TZP_Elected_Members_2016/TP_DK_Sulya.pdf,20170722054950,3ed5e4d847fce3c84fe745a7e579675ed1ce2648f12141e613ab09e61b2c3a59,739155
TZP_Elected_Members_2016_TP_Dharwad_Dharwad.pdf,http://karsec.gov.in:80/TZP-2016/TZP_Elected_Members_2016/TP_Dharwad_Dharwad.pdf,20170722060651,936ab7e34f07146baf9ae56d7edc270a99f1da3e67f1c2fce3a94a5274d109b6,221675
TZP_Elected_Members_2016_TP_Dharwad_Hubballi.pdf,http://karsec.gov.in:80/TZP-2016/TZP_Elected_Members_2016/TP_Dharwad_Hubballi.pdf,20170722060656,0dfde5db57afd85bbd16d04211cbb2a4e626813f4c63c79a557cc55ce9538ca9,155873
TZP_Elected_Members_2016_TP_Dharwad_Kalghatgi.pdf,http://karsec.gov.in:80/TZP-2016/TZP_Elected_Members_2016/TP_Dharwad_Kalghatgi.pdf,20170722064915,93f51e162be8f658e0ffeb2cb8eeaac68521c04c862dbaead1a379d49ad9edaf,146989
TZP_Elected_Members_2016_TP_Dharwad_Kundagol.pdf,http://karsec.gov.in:80/TZP-2016/TZP_Elected_Members_2016/TP_Dharwad_Kundagol.pdf,20170722055825,81a43893bdfa6bb42335810fbef712d25e3868f790076d73d5efe7c307d512a0,305065
TZP_Elected_Members_2016_TP_Dharwad_Navalgund.pdf,http://karsec.gov.in:80/TZP-2016/TZP_Elected_Members_2016/TP_Dharwad_Navalgund.pdf,20170722055830,66008334e48d4a1ddc7a048765460f55b5b0e4bc29a56aaead4ca9ca7b4c5c58,277548
TZP_Elected_Members_2016_TP_Dvg_Channagiri.pdf,http://karsec.gov.in:80/TZP-2016/TZP_Elected_Members_2016/TP_Dvg_Channagiri.pdf,20170722055835,b9fd33a57c34f921e14fd68233d41b55f1e4a148e1f8e1ec56421e17c034ed40,248281
TZP_Elected_Members_2016_TP_Dvg_Davanagere.pdf,http://karsec.gov.in:80/TZP-2016/TZP_Elected_Members_2016/TP_Dvg_Davanagere.pdf,20170722060702,51925a40d1e1321b1f9429a76f583c5ae4652be75a013bc36ba6d7737f65ab83,234064
TZP_Elected_Members_2016_TP_Dvg_Harapanahalli.pdf,http://karsec.gov.in:80/TZP-2016/TZP_Elected_Members_2016/TP_Dvg_Harapanahalli.pdf,20170722060709,408d991047b3e914e281982fc53c45bfebff3eec143f51ac57da4b3ea0944271,219991
TZP_Elected_Members_2016_TP_Dvg_Harihara.pdf,http://karsec.gov.in:80/TZP-2016/TZP_Elected_Members_2016/TP_Dvg_Harihara.pdf,20170722055839,2d3ab3fbfeb0e3aeeb2b6731665e4210e547031ba64d40ac4a8a427dfba00aa5,165629
TZP_Elected_Members_2016_TP_Dvg_Honnali.pdf,http://karsec.gov.in:80/TZP-2016/TZP_Elected_Members_2016/TP_Dvg_Honnali.pdf,20170722064919,6e6d6dbdff74b59f7f76a3b4104e25d4f7d9bc9cae296525c6c914dfcc08e89f,188764
TZP_Elected_Members_2016_TP_Dvg_Jagaluru.pdf,http://karsec.gov.in:80/TZP-2016/TZP_Elected_Members_2016/TP_Dvg_Jagaluru.pdf,20170722055844,96beaf68b8e4fd4fbf64c8bc482cb969db4a4d1ecc3cf516b52dec0c5fe82462,174125
TZP_Elected_Members_2016_TP_Gadag_Gadag.pdf,http://karsec.gov.in:80/TZP-2016/TZP_Elected_Members_2016/TP_Gadag_Gadag.pdf,20170722064925,d88d4646b188d6a5e949d6effcad1fec367de646393f3a7b91bd871e55ffde46,309013
TZP_Elected_Members_2016_TP_Gadag_Mundaragi.pdf,http://karsec.gov.in:80/TZP-2016/TZP_Elected_Members_2016/TP_Gadag_Mundaragi.pdf,20170722064930,0002884882dfc0dd69dc382dcd27817a0d26f0aec7e4836f9ea7bd297080cc75,280086
TZP_Elected_Members_2016_TP_Gadag_Naragund.pdf,http://karsec.gov.in:80/TZP-2016/TZP_Elected_Members_2016/TP_Gadag_Naragund.pdf,20170722060712,39146eada2b7d7f07ab965833845d415aa75ecb3a10d07ba940535756aa08f0b,230526
TZP_Elected_Members_2016_TP_Gadag_Ron.pdf,http://karsec.gov.in:80/TZP-2016/TZP_Elected_Members_2016/TP_Gadag_Ron.pdf,20170722064935,ff00aed96c9e99916bdf08a06bc03c9f7bdf8ab3512f8b6f142731c1fd8c2764,514167
TZP_Elected_Members_2016_TP_Gadag_Shirahatti.pdf,http://karsec.gov.in:80/TZP-2016/TZP_Elected_Members_2016/TP_Gadag_Shirahatti.pdf,20170722054953,9ca97ee0bfcab94b7b86507def7465dbeaf378ef5af1e0fc11cb3e146d7f5aab,241615
TZP_Elected_Members_2016_TP_Hassan_Alur.pdf,http://karsec.gov.in:80/TZP-2016/TZP_Elected_Members_2016/TP_Hassan_Alur.pdf,20170722055000,1f60879c8c024a2445fd5126a58cd449647277bd49c74174cac2863be971f0cd,609953
TZP_Elected_Members_2016_TP_Hassan_Arakalagudu.pdf,http://karsec.gov.in:80/TZP-2016/TZP_Elected_Members_2016/TP_Hassan_Arakalagudu.pdf,20170722060717,6f8312f04002309e1391704bded99f0f3df07e7ca6ae9e8fc8478e2869db79ad,283548
TZP_Elected_Members_2016_TP_Hassan_Arasikere.pdf,http://karsec.gov.in:80/TZP-2016/TZP_Elected_Members_2016/TP_Hassan_Arasikere.pdf,20170722055851,4e2342e80c469cf99d8aff809f73fe9076a0a98cf1c25af3c1e7cf33be312b8c,396395
TZP_Elected_Members_2016_TP_Hassan_Belur.pdf,http://karsec.gov.in:80/TZP-2016/TZP_Elected_Members_2016/TP_Hassan_Belur.pdf,20170722055003,632a393ba6af0fda64f7cb93a1315749d95b3606793575268f86569dd213d91b,293749
TZP_Elected_Members_2016_TP_Hassan_Channarayapatna.pdf,http://karsec.gov.in:80/TZP-2016/TZP_Elected_Members_2016/TP_Hassan_Channarayapatna.pdf,20170722055901,37acdfe3e3c9df1c119fb0115124d80e8a25842d51b9279dc78bfcac116962d5,1050726
TZP_Elected_Members_2016_TP_Hassan_Holenarasipura.pdf,http://karsec.gov.in:80/TZP-2016/TZP_Elected_Members_2016/TP_Hassan_Holenarasipura.pdf,20170722055008,507c7727a749d305ea700ff92a346991d9f7bd10912f4e1a7758d7ebb23a06c5,237321
TZP_Elected_Members_2016_TP_Hassan_Sakaleshpura.pdf,http://karsec.gov.in:80/TZP-2016/TZP_Elected_Members_2016/TP_Hassan_Sakaleshpura.pdf,20170722064940,d28c5f78c796f868dcbf48d2e59b306d82819eb4df7fc2c711ff5f56e53e11cd,234452
TZP_Elected_Members_2016_TP_Haveri_Byadagi.pdf,http://karsec.gov.in:80/TZP-2016/TZP_Elected_Members_2016/TP_Haveri_Byadagi.pdf,20170722055903,3e91060cf1270dede7e5a78bcc6b17061cfe3bd7315786e0acdf66f30a272621,282968
TZP_Elected_Members_2016_TP_Haveri_Hanagal.pdf,http://karsec.gov.in:80/TZP-2016/TZP_Elected_Members_2016/TP_Haveri_Hanagal.pdf,20170722055014,e597096fada5f566d29215c5849d0c9d17c4d4fecafc806c9b31f456aca4b916,238430
TZP_Elected_Members_2016_TP_Haveri_Haveri.pdf,http://karsec.gov.in:80/TZP-2016/TZP_Elected_Members_2016/TP_Haveri_Haveri.pdf,20170722055909,eb5ef594b786ecca322559bb93ceb702c3353ccc550cae89f7513bc9cb2527b6,180548
TZP_Elected_Members_2016_TP_Haveri_Hirekerur.pdf,http://karsec.gov.in:80/TZP-2016/TZP_Elected_Members_2016/TP_Haveri_Hirekerur.pdf,20170722061501,4371b4ac2a338e6ce1a898279e0eaed43b9f5817eca9b1d387fb260bc7fe24cb,189376
TZP_Elected_Members_2016_TP_Haveri_Ranibennur.pdf,http://karsec.gov.in:80/TZP-2016/TZP_Elected_Members_2016/TP_Haveri_Ranibennur.pdf,20170722064944,31f5eb6e0f482c7b9518163b1cbe2e183916425c133ae30c473a3562e24ca18c,391767
TZP_Elected_Members_2016_TP_Haveri_Savanur.pdf,http://karsec.gov.in:80/TZP-2016/TZP_Elected_Members_2016/TP_Haveri_Savanur.pdf,20170722061506,113587876aef6a024f428213d157d7bbd917c2a8f9a26dd6931a683764c2ad42,147033
TZP_Elected_Members_2016_TP_Haveri_Shiggoan.pdf,http://karsec.gov.in:80/TZP-2016/TZP_Elected_Members_2016/TP_Haveri_Shiggoan.pdf,20170722060013,cf71562fe958f447139a02701ffc6ef5a1f9e26a2a169fd2d19a294b4858df1e,140052
TZP_Elected_Members_2016_TP_Kalaburagi_Afzalpur.pdf,http://karsec.gov.in:80/TZP-2016/TZP_Elected_Members_2016/TP_Kalaburagi_Afzalpur.pdf,20170722055018,4ed7020e2b3b3678a44b86c229ae9c33734dbc1d3109223a5644f3c6c11b3238,290872
TZP_Elected_Members_2016_TP_Kalaburagi_Aland.pdf,http://karsec.gov.in:80/TZP-2016/TZP_Elected_Members_2016/TP_Kalaburagi_Aland.pdf,20170722055025,2b72086875db3074e9efcb27fc5e6f45731dbe50bc6fed750c9e6b73aabc1c49,291182
TZP_Elected_Members_2016_TP_Kalaburagi_Chincholi.pdf,http://karsec.gov.in:80/TZP-2016/TZP_Elected_Members_2016/TP_Kalaburagi_Chincholi.pdf,20170722064949,7dab4f3f94ee5098b468ed009b7b08e81397539f930f771c235804375c47ef80,254356
TZP_Elected_Members_2016_TP_Kalaburagi_Chittapur.pdf,http://karsec.gov.in:80/TZP-2016/TZP_Elected_Members_2016/TP_Kalaburagi_Chittapur.pdf,20170722064956,966336d24dc563d28800a730e2315bc171f1d1048671eea6f8de2e4129ffa0e2,293535
TZP_Elected_Members_2016_TP_Kalaburagi_Jevargi.pdf,http://karsec.gov.in:80/TZP-2016/TZP_Elected_Members_2016/TP_Kalaburagi_Jevargi.pdf,20170722061512,b39477af97dd15ae53bc0666b4991048e341636875d0a3d0f07e33c175c76f39,512047
TZP_Elected_Members_2016_TP_Kalaburagi_Kalaburagi.pdf,http://karsec.gov.in:80/TZP-2016/TZP_Elected_Members_2016/TP_Kalaburagi_Kalaburagi.pdf,20170722060018,609110fbd12d38ac39a9d38edcb375e47965f42aa6f241ca2a26b9c84325429b,256836
TZP_Elected_Members_2016_TP_Kalaburagi_Sedam.pdf,http://karsec.gov.in:80/TZP-2016/TZP_Elected_Members_2016/TP_Kalaburagi_Sedam.pdf,20170722061518,773b1c27ad51720912880ebaf54d232ac96292e49b7ca1f33150b21637a36280,172919
TZP_Elected_Members_2016_TP_Kolar_Bangarapete.pdf,http://karsec.gov.in:80/TZP-2016/TZP_Elected_Members_2016/TP_Kolar_Bangarapete.pdf,20170722060024,0582b7c327d7dd92b8e5c7aaf188cb3df7f1cb26ab504b10d9e7ed8b41c4e7cc,237463
TZP_Elected_Members_2016_TP_Kolar_Kolar.pdf,http://karsec.gov.in:80/TZP-2016/TZP_Elected_Members_2016/TP_Kolar_Kolar.pdf,20170722061522,33301ef05d37d9150981ec87b8cfcf432fc5db76dfcc46bb4c8c2c0ae3c1630f,226709
TZP_Elected_Members_2016_TP_Kolar_Malur.pdf,http://karsec.gov.in:80/TZP-2016/TZP_Elected_Members_2016/TP_Kolar_Malur.pdf,20170722065002,1da1cd84c91f362132941f277faf15c2123059f29688502847ce5c677731e66a,170703
TZP_Elected_Members_2016_TP_Kolar_Mulabagilu.pdf,http://karsec.gov.in:80/TZP-2016/TZP_Elected_Members_2016/TP_Kolar_Mulabagilu.pdf,20170722055029,9d38e504f9c0fd70700696e16ef3e8b13bc0bf06268cecd0cf7da143b8732967,209200
TZP_Elected_Members_2016_TP_Kolar_Srinivasapura.pdf,http://karsec.gov.in:80/TZP-2016/TZP_Elected_Members_2016/TP_Kolar_Srinivasapura.pdf,20170722065004,55da511550ad068f547d642f2ac11b6fbfe320545761731a4d9bcb875c93c3a3,183406
TZP_Elected_Members_2016_TP_Koppal_Gangavathi.pdf,http://karsec.gov.in:80/TZP-2016/TZP_Elected_Members_2016/TP_Koppal_Gangavathi.pdf,20170722065010,b22a307221280e6e8dd49407c4eaacb1ffe09bd3cef97e96c0cef0f0a39997a4,269374
TZP_Elected_Members_2016_TP_Koppal_Koppal.pdf,http://karsec.gov.in:80/TZP-2016/TZP_Elected_Members_2016/TP_Koppal_Koppal.pdf,20170722060030,bb16983332c7f5f0c02ef4f6c1e1060aea7466d9e6d14685819cd8008384ba52,287700
TZP_Elected_Members_2016_TP_Koppal_Kustgi.pdf,http://karsec.gov.in:80/TZP-2016/TZP_Elected_Members_2016/TP_Koppal_Kustgi.pdf,20170722060034,221212fdd92c4ac8a9509e73bd87fb86f44035f72df4fd4a49bfb345f4d703b8,264076
TZP_Elected_Members_2016_TP_Koppal_Yelaburga.pdf,http://karsec.gov.in:80/TZP-2016/TZP_Elected_Members_2016/TP_Koppal_Yelaburga.pdf,20170722065015,570158be3e1edcdba876ef61006b5610c4aeefac5d26131b17b761e60c903f33,260227
TZP_Elected_Members_2016_TP_Madikeri_Madikeri.pdf,http://karsec.gov.in:80/TZP-2016/TZP_Elected_Members_2016/TP_Madikeri_Madikeri.pdf,20170722065020,a5a5b7cb0243a6adb9d9b6b76249c492af34eb44f7c292a9fd9f046bd7bcbf46,207562
TZP_Elected_Members_2016_TP_Madikeri_Somawarapete.pdf,http://karsec.gov.in:80/TZP-2016/TZP_Elected_Members_2016/TP_Madikeri_Somawarapete.pdf,20170722061530,e142ba0d427b05e07ea1901c3dd6f64a670b87538ff14358d5a6df2871dd49da,607299
TZP_Elected_Members_2016_TP_Madikeri_Virajapete.pdf,http://karsec.gov.in:80/TZP-2016/TZP_Elected_Members_2016/TP_Madikeri_Virajapete.pdf,20170722061532,8240f4f5dc9c3e6139739cea096efea4fdc0c7eb9d53e439106083aa19e611c4,202260
TZP_Elected_Members_2016_TP_Mandya_KRPete.pdf,http://karsec.gov.in:80/TZP-2016/TZP_Elected_Members_2016/TP_Mandya_KRPete.pdf,20170722061538,f3e2520e57065a5a36dcced1cc1d72a28aa8a5918c53da5bb91fbe6eaf2ff1fd,600032
TZP_Elected_Members_2016_TP_Mandya_Maddur.pdf,http://karsec.gov.in:80/TZP-2016/TZP_Elected_Members_2016/TP_Mandya_Maddur.pdf,20170722065028,b832c1091e87e8420c25caeda20d5872c7a165b6f974b9ab66a212a44ccc9910,624329
TZP_Elected_Members_2016_TP_Mandya_Malavalli.pdf,http://karsec.gov.in:80/TZP-2016/TZP_Elected_Members_2016/TP_Mandya_Malavalli.pdf,20170722055033,0b4c3fe651710630a2db9efd87283057a8471947ebe5bd07e5b28d34b86a66ff,317248
TZP_Elected_Members_2016_TP_Mandya_Mandya.pdf,http://karsec.gov.in:80/TZP-2016/TZP_Elected_Members_2016/TP_Mandya_Mandya.pdf,20170722065033,7e6fcaeca1797a0179894173a0e9fd439da6abdd683ddf1fc19b78335ea18342,490883
TZP_Elected_Members_2016_TP_Mandya_Nagamangala.pdf,http://karsec.gov.in:80/TZP-2016/TZP_Elected_Members_2016/TP_Mandya_Nagamangala.pdf,20170722055039,09b8a85479491812d30cad8c5c5bcc53dc4cc4648ea4500f8e4f4b18fb1d5a1f,562934
TZP_Elected_Members_2016_TP_Mandya_Pandavapura.pdf,http://karsec.gov.in:80/TZP-2016/TZP_Elected_Members_2016/TP_Mandya_Pandavapura.pdf,20170722055044,d425b10713ffd5eb29014252a77d931f4e078bae3083a44379c87db76e46fbe9,262315
TZP_Elected_Members_2016_TP_Mandya_Srirangapatna.pdf,http://karsec.gov.in:80/TZP-2016/TZP_Elected_Members_2016/TP_Mandya_Srirangapatna.pdf,20170722060040,55dbc05c228c80fcc46a4366fa8e7c81534ddf2f70aa4daf9ef52288e968048d,246295
TZP_Elected_Members_2016_TP_Mysore_HDKote.pdf,http://karsec.gov.in:80/TZP-2016/TZP_Elected_Members_2016/TP_Mysore_HDKote.pdf,20170722065038,6fe15a3867c0c3a31f53dfa8252ef114853c11f7a34540d91233f1015c8fb820,843613
TZP_Elected_Members_2016_TP_Mysore_Hunasuru.pdf,http://karsec.gov.in:80/TZP-2016/TZP_Elected_Members_2016/TP_Mysore_Hunasuru.pdf,20170722061543,dc0f3ed2f732c57649579efa803808d19c3b40ae07e36f4517189bf4ab511234,478250
TZP_Elected_Members_2016_TP_Mysore_KRNagara.pdf,http://karsec.gov.in:80/TZP-2016/TZP_Elected_Members_2016/TP_Mysore_KRNagara.pdf,20170722060044,812335d71a7dfb471fe6105097dc503f55c266f7d459a020d24b1ecca5d5c9a9,271434
TZP_Elected_Members_2016_TP_Mysore_Nanjanagudu.pdf,http://karsec.gov.in:80/TZP-2016/TZP_Elected_Members_2016/TP_Mysore_Nanjanagudu.pdf,20170722061549,352119f5cb6c3051839e92d38d97c357175c363a394dce49d1a91546fa4d7ca1,394067
TZP_Elected_Members_2016_TP_Mysore_Piriyapatna.pdf,http://karsec.gov.in:80/TZP-2016/TZP_Elected_Members_2016/TP_Mysore_Piriyapatna.pdf,20170722060051,5bf7aa1c4525891c9bb5dfacf160bb5db41d6e62230d75b9d702e7691d215002,468965
TZP_Elected_Members_2016_TP_Mysore_TNarasipura.pdf,http://karsec.gov.in:80/TZP-2016/TZP_Elected_Members_2016/TP_Mysore_TNarasipura.pdf,20170722061554,3059d161bf62655f51e24dbfbdb4fc79c38083fcc173b57c056347eb79226452,438851
TZP_Elected_Members_2016_TP_Raichur_Deodurga.pdf,http://karsec.gov.in:80/TZP-2016/TZP_Elected_Members_2016/TP_Raichur_Deodurga.pdf,20170722061557,710e59d8617ff2d0ca3b14be3006f276f4f04c693ce07df4abde8f607655c0a8,207524
TZP_Elected_Members_2016_TP_Raichur_Lingasuguru.pdf,http://karsec.gov.in:80/TZP-2016/TZP_Elected_Members_2016/TP_Raichur_Lingasuguru.pdf,20170722065503,12de1b17c14f32a7ccf3d3c1f11f034e23c41fe4097780d735e892876cefebfd,164922
TZP_Elected_Members_2016_TP_Raichur_Manvi.pdf,http://karsec.gov.in:80/TZP-2016/TZP_Elected_Members_2016/TP_Raichur_Manvi.pdf,20170722065507,f662ad701de10d0be3f6ff2b773b2032fa0ff5f6c66397bcff64c0a6ea10c539,252510
TZP_Elected_Members_2016_TP_Raichur_Raichur.pdf,http://karsec.gov.in:80/TZP-2016/TZP_Elected_Members_2016/TP_Raichur_Raichur.pdf,20170722055049,4adcafd8d417a55ae61c66202a4726c779990477c3d6edf3437eadaf1067e882,197062
TZP_Elected_Members_2016_TP_Raichur_Sindhanur.pdf,http://karsec.gov.in:80/TZP-2016/TZP_Elected_Members_2016/TP_Raichur_Sindhanur.pdf,20170722061603,b5271d3544702e4e768ce1450559b8b600ec3efa00c3c7dd6af6398cea3cfbde,233783
TZP_Elected_Members_2016_TP_Ramanagara_Channapatna.pdf,http://karsec.gov.in:80/TZP-2016/TZP_Elected_Members_2016/TP_Ramanagara_Channapatna.pdf,20170722055054,09b29f3c6aa56e5f3ec83076fb9c8cde01c6c62891030c94e1ba075d2c0b667b,182936
TZP_Elected_Members_2016_TP_Ramanagara_Kanakapura.pdf,http://karsec.gov.in:80/TZP-2016/TZP_Elected_Members_2016/TP_Ramanagara_Kanakapura.pdf,20170722055058,4a2ba8ec0a96110b04d681cae678489e8e20279f58b7667e182deb83177446b6,251141
TZP_Elected_Members_2016_TP_Ramanagara_Magadi.pdf,http://karsec.gov.in:80/TZP-2016/TZP_Elected_Members_2016/TP_Ramanagara_Magadi.pdf,20170722060054,fd1f411db04d2493456d5733f508a26c652a52898caacbcf518e266b73c0df0a,174477
TZP_Elected_Members_2016_TP_Ramanagara_Ramanagara.pdf,http://karsec.gov.in:80/TZP-2016/TZP_Elected_Members_2016/TP_Ramanagara_Ramanagara.pdf,20170722065512,67bb03ae1a97cfada59ddfe1b846306fff328c7a8ab42c2abe27f5fbe9be5775,154838
TZP_Elected_Members_2016_TP_Rural_Devanahalli.pdf,http://karsec.gov.in:80/TZP-2016/TZP_Elected_Members_2016/TP_Rural_Devanahalli.pdf,20170722065517,cdeea18bcefa73c0975842f3700c4f5e764e6a3ef64d8ca236080935328929dd,163437
TZP_Elected_Members_2016_TP_Rural_Doddaballapura.pdf,http://karsec.gov.in:80/TZP-2016/TZP_Elected_Members_2016/TP_Rural_Doddaballapura.pdf,20170722062509,6c27c21c018e4b4d3baf6a23f9282bf8cde5162a11238720d55d94b02d815b26,208956
TZP_Elected_Members_2016_TP_Rural_Hosakote.pdf,http://karsec.gov.in:80/TZP-2016/TZP_Elected_Members_2016/TP_Rural_Hosakote.pdf,20170722060100,0a2cf1a40ecabac8daf8e581ade465b2a182b18a8d6f38fe652994f18a30efc9,211391
TZP_Elected_Members_2016_TP_Rural_Nelamangala.pdf,http://karsec.gov.in:80/TZP-2016/TZP_Elected_Members_2016/TP_Rural_Nelamangala.pdf,20170329060642,43583d7eeecab77bfbaed43d535ffc9643a61bd0f8b03a13bf634a6cf6c2f7cd,178938
TZP_Elected_Members_2016_TP_Shivamogga_Bhadravathi.pdf,http://karsec.gov.in:80/TZP-2016/TZP_Elected_Members_2016/TP_Shivamogga_Bhadravathi.pdf,20170722065523,b64a332a9911a0b7e0a5bdbd85a80ffd32635bfb19955bc81d9f71d5bba4df08,165978
TZP_Elected_Members_2016_TP_Shivamogga_Hosanagara.pdf,http://karsec.gov.in:80/TZP-2016/TZP_Elected_Members_2016/TP_Shivamogga_Hosanagara.pdf,20170722060105,3d797558cff173f0333399daf63b5cd3ac9369ac11d6814142a64528bbb19e45,144889
TZP_Elected_Members_2016_TP_Shivamogga_Shivamogga.pdf,http://karsec.gov.in:80/TZP-2016/TZP_Elected_Members_2016/TP_Shivamogga_Shivamogga.pdf,20170722055109,ae06d5138a6eac6335cce8f440f1efcf0bc014c65b98c4c45140725af3f63dd1,176740
TZP_Elected_Members_2016_TP_Shivamogga_Thirtahalli.pdf,http://karsec.gov.in:80/TZP-2016/TZP_Elected_Members_2016/TP_Shivamogga_Thirtahalli.pdf,20170722060111,77babb733aee511a019284e4af2961919a3dcc241f5820a2d82ca560d8f4078d,163953
TZP_Elected_Members_2016_TP_Tumkur_Chikkanayakanahalli.pdf,http://karsec.gov.in:80/TZP-2016/TZP_Elected_Members_2016/TP_Tumkur_Chikkanayakanahalli.pdf,20170722060115,0348ea57b90cb9e8995e00b246579fcaa0a85cb42ea2f91a6ef3530c5a5c29ff,221104
TZP_Elected_Members_2016_TP_Tumkur_Gubbi.pdf,http://karsec.gov.in:80/TZP-2016/TZP_Elected_Members_2016/TP_Tumkur_Gubbi.pdf,20170722071233,53168c80710a55ccc72d4e61cb0a858d2d5c0836516ff43420d2e9efabc2e83a,228962
TZP_Elected_Members_2016_TP_Tumkur_Koratagere.pdf,http://karsec.gov.in:80/TZP-2016/TZP_Elected_Members_2016/TP_Tumkur_Koratagere.pdf,20170722062517,69eb3bcfee68606c9151cfa18c494799a5a78962b457fe9a5629861170010f08,160770
TZP_Elected_Members_2016_TP_Tumkur_Kunigal.pdf,http://karsec.gov.in:80/TZP-2016/TZP_Elected_Members_2016/TP_Tumkur_Kunigal.pdf,20170722062519,29f2d01ff327bd9045872234c6fc0f872c11f2259a83efa497b61c54583d920a,222052
TZP_Elected_Members_2016_TP_Tumkur_Madhugiri.pdf,http://karsec.gov.in:80/TZP-2016/TZP_Elected_Members_2016/TP_Tumkur_Madhugiri.pdf,20170722060120,ff71243eaba96ae26e954b93a7cb100e3ba05670da3a1f3a041f267507b1e65e,243560
TZP_Elected_Members_2016_TP_Tumkur_Pavagada.pdf,http://karsec.gov.in:80/TZP-2016/TZP_Elected_Members_2016/TP_Tumkur_Pavagada.pdf,20170722055114,4f5ba5f8975fe95a16120bd14253d3671cc4cf3be4c60672cae5d44cc0d3f996,188643
TZP_Elected_Members_2016_TP_Tumkur_Sira.pdf,http://karsec.gov.in:80/TZP-2016/TZP_Elected_Members_2016/TP_Tumkur_Sira.pdf,20170722060125,804fd6007e0bc5a0704eb98a1f3635628c6ee62cac1b26c24e4843a9263fc355,238822
TZP_Elected_Members_2016_TP_Tumkur_Tiptur.pdf,http://karsec.gov.in:80/TZP-2016/TZP_Elected_Members_2016/TP_Tumkur_Tiptur.pdf,20170722062524,481ad811a08d2a4dc6a9c46e6fc7930940f80f82ae8110049a30d1d10892a23d,172949
TZP_Elected_Members_2016_TP_Tumkur_Tumkur.pdf,http://karsec.gov.in:80/TZP-2016/TZP_Elected_Members_2016/TP_Tumkur_Tumkur.pdf,20170722055119,24cb99e0a5b98d22e2260ab918d0f4182dfb0888f4121d176a74f9466b1b8585,249174
TZP_Elected_Members_2016_TP_Tumkur_Turuvekere.pdf,http://karsec.gov.in:80/TZP-2016/TZP_Elected_Members_2016/TP_Tumkur_Turuvekere.pdf,20170722055325,df6cd0ad3463c865ee72b3696c0a5f6cc2e248f5424c24b6ccbca91d64a6a28b,161340
TZP_Elected_Members_2016_TP_UK_Ankola.pdf,http://karsec.gov.in:80/TZP-2016/TZP_Elected_Members_2016/TP_UK_Ankola.pdf,20170722071242,c698ac0d920be705512b003a4ca079ca5f141e4bea84b74a7317d836ad6df211,139318
TZP_Elected_Members_2016_TP_UK_Bhatkal.pdf,http://karsec.gov.in:80/TZP-2016/TZP_Elected_Members_2016/TP_UK_Bhatkal.pdf,20170722062529,0c0fcc7d3d752371030646868c65e438287df13f17192acc82723976aa8fbf82,140834
TZP_Elected_Members_2016_TP_UK_Haliyal.pdf,http://karsec.gov.in:80/TZP-2016/TZP_Elected_Members_2016/TP_UK_Haliyal.pdf,20170722060131,0b2876626d969ca64ed3ce2622c192c87dbdbbb0cf3e2567d6127482cfdd83d4,280778
TZP_Elected_Members_2016_TP_UK_Honnavar.pdf,http://karsec.gov.in:80/TZP-2016/TZP_Elected_Members_2016/TP_UK_Honnavar.pdf,20170722060136,0eb0a90d62264f6939d2c375d19896f4c78d11ffc9e9cc156022871a3d990408,285899
TZP_Elected_Members_2016_TP_UK_Joida.pdf,http://karsec.gov.in:80/TZP-2016/TZP_Elected_Members_2016/TP_UK_Joida.pdf,20170722062535,74368f93f8fa6ed8c58a609d86f5569b026a6971046c6a95d4b154bf04c3f8bd,456117
TZP_Elected_Members_2016_TP_UK_Karwar.pdf,http://karsec.gov.in:80/TZP-2016/TZP_Elected_Members_2016/TP_UK_Karwar.pdf,20170722071248,183fc129068f249767837a8c93096e76b50fe2ae6f7e7b937ff6e036595c98f9,433527
TZP_Elected_Members_2016_TP_UK_Kumta.pdf,http://karsec.gov.in:80/TZP-2016/TZP_Elected_Members_2016/TP_UK_Kumta.pdf,20170722062740,7a51611fa33ce0bcf320ae9c5bc1904de26da45d973ce1669c1e7692b64d75a2,139686
TZP_Elected_Members_2016_TP_UK_Mundagod.pdf,http://karsec.gov.in:80/TZP-2016/TZP_Elected_Members_2016/TP_UK_Mundagod.pdf,20170722060142,9c309efe820035db5c777413d0fbdddf6216d0502cb5bacbe05dc9db39d03ede,131501
TZP_Elected_Members_2016_TP_UK_Siddapur.pdf,http://karsec.gov.in:80/TZP-2016/TZP_Elected_Members_2016/TP_UK_Siddapur.pdf,20170722060146,53f16fd028586c7da5735da430df3844242bead9893df29ec618a07e2a4ab9e2,435687
TZP_Elected_Members_2016_TP_UK_Sirsi.pdf,http://karsec.gov.in:80/TZP-2016/TZP_Elected_Members_2016/TP_UK_Sirsi.pdf,20170722071258,4669f4d2ff864d5c3f4f0f1d1324b357f79168145bf45e8611dc761310a266d3,448800
TZP_Elected_Members_2016_TP_UK_Yellapur.pdf,http://karsec.gov.in:80/TZP-2016/TZP_Elected_Members_2016/TP_UK_Yellapur.pdf,20170722060151,03f8b5c63645aa8bacb8badbe35774fb58e493562348061dcebf563febb5b1e0,324861
TZP_Elected_Members_2016_TP_Udupi_Karkala.pdf,http://karsec.gov.in:80/TZP-2016/TZP_Elected_Members_2016/TP_Udupi_Karkala.pdf,20170722071301,0c7a0e105f6d5c5872fb4d5b7c9e614da08897413d44134e348f386273175c88,242124
TZP_Elected_Members_2016_TP_Udupi_Kundapura.pdf,http://karsec.gov.in:80/TZP-2016/TZP_Elected_Members_2016/TP_Udupi_Kundapura.pdf,20170722060159,f01d439ae52c89bed2ed5ad5a09546c376fd112424676173e0f0e36430cc14db,741113
TZP_Elected_Members_2016_TP_Udupi_Udupi.pdf,http://karsec.gov.in:80/TZP-2016/TZP_Elected_Members_2016/TP_Udupi_Udupi.pdf,20170722062744,490f606ddc3ed63ad8b05e0404f74d218d16ac2cb9f8fff0f45a3066afd31972,826334
TZP_Elected_Members_2016_TP_Urban_Bangalore_East.pdf,http://karsec.gov.in:80/TZP-2016/TZP_Elected_Members_2016/TP_Urban_Bangalore_East.pdf,20170722055553,2f8c057544eb289b8a877fd4297a3abac274d63a78bd838577e5c3b91e0621a8,149884
TZP_Elected_Members_2016_TP_Urban_Bangalore_North.pdf,http://karsec.gov.in:80/TZP-2016/TZP_Elected_Members_2016/TP_Urban_Bangalore_North.pdf,20170722062748,77a32cd57fb21c0a7de22c3fcf7357df72f98158487a041fe1ce4c85b61c91bc,310091
TZP_Elected_Members_2016_TP_Urban_Bangalore_South.pdf,http://karsec.gov.in:80/TZP-2016/TZP_Elected_Members_2016/TP_Urban_Bangalore_South.pdf,20170722055558,5e235251646ec5a1fe1a0d65e04b2c92bcc696f6d77ddba8325e545ef109e9f1,201403
TZP_Elected_Members_2016_TP_Vijayapura_Basavanabagewadi.pdf,http://karsec.gov.in:80/TZP-2016/TZP_Elected_Members_2016/TP_Vijayapura_Basavanabagewadi.pdf,20170722062754,dc7290a00ca9716e7c869e3819648cdc68e9c7f642962e9a92be3b51c6e7efe7,226914
TZP_Elected_Members_2016_TP_Vijayapura_Indi.pdf,http://karsec.gov.in:80/TZP-2016/TZP_Elected_Members_2016/TP_Vijayapura_Indi.pdf,20170722062800,82950509ea73c13b72f2d8f798c066662bc8ffda2b00ab8a108dc678b4a5fe00,462527
TZP_Elected_Members_2016_TP_Vijayapura_Muddebihal.pdf,http://karsec.gov.in:80/TZP-2016/TZP_Elected_Members_2016/TP_Vijayapura_Muddebihal.pdf,20170722060202,aa072e04f6157551eea55bd6e6d153bd8742620fafc3eee9278a42af1cccd06d,382617
TZP_Elected_Members_2016_TP_Vijayapura_Sindhagi.pdf,http://karsec.gov.in:80/TZP-2016/TZP_Elected_Members_2016/TP_Vijayapura_Sindhagi.pdf,20170722062804,466896c60b3be550d6bf6b01259c53424cf9de50a2189ae8f313f4000dc8b4a7,627484
TZP_Elected_Members_2016_TP_Vijayapura_Vijayapura.pdf,http://karsec.gov.in:80/TZP-2016/TZP_Elected_Members_2016/TP_Vijayapura_Vijayapura.pdf,20170722060208,04e71165d8d72e7cacd769786312d8334a226ffe64a451a39c9fe657a286777f,410277
TZP_Elected_Members_2016_TP_Yadgir_Shahapur.pdf,http://karsec.gov.in:80/TZP-2016/TZP_Elected_Members_2016/TP_Yadgir_Shahapur.pdf,20170722060216,9c25fb73cea3a8e00135a6c9c56ff0b0b93504979d09ad10821cb7d6e6e679cf,250272
TZP_Elected_Members_2016_TP_Yadgir_Surpur.pdf,http://karsec.gov.in:80/TZP-2016/TZP_Elected_Members_2016/TP_Yadgir_Surpur.pdf,20170722060218,ec3b59cc48ef72f5b53361114873b41609d3ca0e7a1d8a2fe79c6fcf5cc12440,222663
TZP_Elected_Members_2016_TP_Yadgir_Yadgir.pdf,http://karsec.gov.in:80/TZP-2016/TZP_Elected_Members_2016/TP_Yadgir_Yadgir.pdf,20170722062809,ea2ae1bb5302fff41044c9a30b08779593d0b8bafdc3fdb64162bdad21b457b2,229621
TZP_Elected_Members_2016_ZP_Bagalakote.pdf,http://karsec.gov.in:80/TZP-2016/TZP_Elected_Members_2016/ZP_Bagalakote.pdf,20170722060235,e4ed3ac312cc9289833d5251f26dec85100b6c6947f00afa1b0cd12c2460f113,1455951
TZP_Elected_Members_2016_ZP_Ballari.pdf,http://karsec.gov.in:80/TZP-2016/TZP_Elected_Members_2016/ZP_Ballari.pdf,20170722055613,7fbdf0ab1aca8d7bcec3027c2006edc606d080614fcef9eb75398bce1c0aae6c,1828068
TZP_Elected_Members_2016_ZP_Bangalore_Urban.pdf,http://karsec.gov.in:80/TZP-2016/TZP_Elected_Members_2016/ZP_Bangalore_Urban.pdf,20170722071324,4337235e03e725bbeee347b052f4ee62676e62177942b9066de99139f0e4d8a6,3047885
TZP_Elected_Members_2016_ZP_Belagavi.pdf,http://karsec.gov.in:80/TZP-2016/TZP_Elected_Members_2016/ZP_Belagavi.pdf,20170722062836,771e2fb2caaf03a9c68d103846502d4eae5723b99d7da0dc2f630bf6ee3607da,3061485
TZP_Elected_Members_2016_ZP_Bidar.pdf,http://karsec.gov.in:80/TZP-2016/TZP_Elected_Members_2016/ZP_Bidar.pdf,20170722071337,d2a40ef8eccf85f7ac88a2f6fa3e17fd26edc05caf5e2a59c4ab616b444b05f2,1422869
TZP_Elected_Members_2016_ZP_Chikkaballapur.pdf,http://karsec.gov.in:80/TZP-2016/TZP_Elected_Members_2016/ZP_Chikkaballapur.pdf,20170722055626,ee92fe9dc0b086726bc4ea5c842e427e3ea7c87ba9f7af2dc78baf1eab7c2519,1656153
TZP_Elected_Members_2016_ZP_Chikmagaluru.pdf,http://karsec.gov.in:80/TZP-2016/TZP_Elected_Members_2016/ZP_Chikmagaluru.pdf,20170722071351,a1ecc631bf9364192b19c137fc6b1d7835b9b88f0fc0b368df07099deb8cdf54,2057743
TZP_Elected_Members_2016_ZP_Chitradurga.pdf,http://karsec.gov.in:80/TZP-2016/TZP_Elected_Members_2016/ZP_Chitradurga.pdf,20170722060243,0b4d5336c3d4c660f482eb294ca770c5bf4136b0dd98bee05bd6c0dc6a0d6d2a,1783375
TZP_Elected_Members_2016_ZP_DK.pdf,http://karsec.gov.in:80/TZP-2016/TZP_Elected_Members_2016/ZP_DK.pdf,20170722063748,21f3aa3632e3bce1f03b5b846d4765c905232b435715c744ed5193527c6fd28b,2261319
TZP_Elected_Members_2016_ZP_Davangere.pdf,http://karsec.gov.in:80/TZP-2016/TZP_Elected_Members_2016/ZP_Davangere.pdf,20170722060257,c943734c6c178db3cffd07c32cd11e610a31644b60fcbda44d68eea91aa1f679,1688192
TZP_Elected_Members_2016_ZP_Dharwad.pdf,http://karsec.gov.in:80/TZP-2016/TZP_Elected_Members_2016/ZP_Dharwad.pdf,20170722063756,767b3eca0e4ab988fc2668ede6d7a806dd9cdd67d3262cb42984217ae7a9ab70,1015162
TZP_Elected_Members_2016_ZP_Gadag.pdf,http://karsec.gov.in:80/TZP-2016/TZP_Elected_Members_2016/ZP_Gadag.pdf,20170722055631,94bf488773b76a5a6254ec29e42e7b921f0153a075dc485010684d5d5d41adc6,973671
TZP_Elected_Members_2016_ZP_Hassan.pdf,http://karsec.gov.in:80/TZP-2016/TZP_Elected_Members_2016/ZP_Hassan.pdf,20170722071406,76af11123ab219a34a9e4313904aff6671a276dbd0b9ede29e7a2841738b2358,2193095
TZP_Elected_Members_2016_ZP_Haveri.pdf,http://karsec.gov.in:80/TZP-2016/TZP_Elected_Members_2016/ZP_Haveri.pdf,20170722063805,ab3dd2da38185c8b60069591dbd9271755e3fb2fa78914a99d78f92dd3946fd7,1417180
TZP_Elected_Members_2016_ZP_Kodagu.pdf,http://karsec.gov.in:80/TZP-2016/TZP_Elected_Members_2016/ZP_Kodagu.pdf,20170722072722,fda148ff820098b430d654fed358ea04598047748ce7938c5f6b47c7ffa1b337,1652113
TZP_Elected_Members_2016_ZP_Kolar.pdf,http://karsec.gov.in:80/TZP-2016/TZP_Elected_Members_2016/ZP_Kolar.pdf,20170722074043,e25548689310e389387855d0efb2f7f1bd696113a67e9facb31047e6af5d1107,1757377
TZP_Elected_Members_2016_ZP_Koppal.pdf,http://karsec.gov.in:80/TZP-2016/TZP_Elected_Members_2016/ZP_Koppal.pdf,20170722060303,cea730a1b7850b3da2105197f951f4679b7a12525600ca214df4bdd626011717,1309189
TZP_Elected_Members_2016_ZP_Mandya.pdf,http://karsec.gov.in:80/TZP-2016/TZP_Elected_Members_2016/ZP_Mandya.pdf,20170722060312,ddcc83aa731a1b061a307f8cd95ed07b1338ec4c52c9124119a7dbedce547c9c,2180050
TZP_Elected_Members_2016_ZP_Mysore.pdf,http://karsec.gov.in:80/TZP-2016/TZP_Elected_Members_2016/ZP_Mysore.pdf,20170722063834,cfc1c292f4243ab024bb44199067e2eb0a2f1e04dcf80725d48a9ac85f445fbe,2378844
TZP_Elected_Members_2016_ZP_Raichur.pdf,http://karsec.gov.in:80/TZP-2016/TZP_Elected_Members_2016/ZP_Raichur.pdf,20170722060318,fcc91d2920acdbd0ef38a1e84cfb78c284e3bb2e2572080efbd19e3b26a6315b,1620314
TZP_Elected_Members_2016_ZP_Ramanagara.pdf,http://karsec.gov.in:80/TZP-2016/TZP_Elected_Members_2016/ZP_Ramanagara.pdf,20170722074116,419c7ee88591ed18550726ac443763145dc53f1c77adb73e0a6dfa9713670cf6,1259026
TZP_Elected_Members_2016_ZP_Shivamogga.pdf,http://karsec.gov.in:80/TZP-2016/TZP_Elected_Members_2016/ZP_Shivamogga.pdf,20170722063851,1466e5dd61eebfef5c498a557771aaa7ffdf5b219b8aac99cae255ffa0a56acd,1377320
TZP_Elected_Members_2016_ZP_UK.pdf,http://karsec.gov.in:80/TZP-2016/TZP_Elected_Members_2016/ZP_UK.pdf,20170722074124,e9fed8334201b0acd6a13c3a8baaee5b531c6a1c13041fd0ea25d4d786d79a74,1710804
TZP_Elected_Members_2016_ZP_Udupi.pdf,http://karsec.gov.in:80/TZP-2016/TZP_Elected_Members_2016/ZP_Udupi.pdf,20170722074153,b7801b5cfcdba84f55f0bf72f7d504340aeca18909862007ad8c6a23c4578068,1238775
TZP_Elected_Members_2016_ZP_Yadagiri.pdf,http://karsec.gov.in:80/TZP-2016/TZP_Elected_Members_2016/ZP_Yadagiri.pdf,20170722074938,1fb95c61b0501c5bcba9fbf98e9c8a6df1f4a7a0477b321ed35baad0a5dbbf80,1177534
TZP_Elected_Members_2016_ZP_chamarajanagara.pdf,http://karsec.gov.in:80/TZP-2016/TZP_Elected_Members_2016/ZP_chamarajanagara.pdf,20170722064615,797993f30c52e658af353ee78a2c44e176abed423c727d3b4795f151dbeee650,1555959
